col0,col1,col2,col3,col4,col5,col6,col7,col8,col9,col10,col11,col12,col13,col14,col15,col16,col17,col18,col19,col20,col21,col22,col23,col24,col25,col26,col27
9,Promoter,I received a lot of help. It is in good condition,nothing,18-24 years old,18-24 years old,Male,Hispanic or Latino,6670022410,1,AZ,$10M-$25M,Human Services,Shelter and Residential Care,Domestic Violence Shelters,127718692,2-Feb-18,2-Feb-18,2,2018,5.0,,,,,,I received a lot of help. It is in good condition nothing,"Staff Capacity(Helping, food and teaching)"
10,Promoter,Everything for getting a person back on there feet.,Not sure at this time.,55-64 years old,55-64 years old,Male,Black or African American,6986835647,1,AZ,$10M-$25M,Human Services,Shelter and Residential Care,Domestic Violence Shelters,127718692,5-Mar-19,5-Mar-19,3,2019,5.0,,,,,,Everything for getting a person back on there feet. Not sure at this time.,"Transparent Process(Operations, appointment and Process)"
10,Promoter,Providing safety,Not set alarms to make you feel imprisoned,25-34 years old,25-34 years old,Male,Black or African American,6986836704,1,AZ,$10M-$25M,Human Services,Shelter and Residential Care,Domestic Violence Shelters,127718692,5-Mar-19,5-Mar-19,3,2019,5.0,,,,,,Providing safety Not set alarms to make you feel imprisoned,"Staff Capacity(Helping, good services and friendly)"
2,Detractor,Not Sure.,A lot of things.,55-64 years old,55-64 years old,Male,Black or African American,6993422215,1,AZ,$10M-$25M,Human Services,Shelter and Residential Care,Domestic Violence Shelters,127718692,2-Apr-19,2-Apr-19,4,2019,5.0,,,,,,Not Sure. A lot of things.,"Staff Capacity(Helping, good services and friendly)"
10,Promoter,Giving you a clean and safe place to live and providing an opportunity for you to get on your feet with resources.,Ensuring abusive type personalities aren't welcome in the program.,35-44 years old,35-44 years old,Male,White,6993430210,1,AZ,$10M-$25M,Human Services,Shelter and Residential Care,Domestic Violence Shelters,127718692,2-Apr-19,2-Apr-19,4,2019,5.0,,,,,,Giving you a clean and safe place to live and providing an opportunity for you to get on your feet with resources. Ensuring abusive type personalities aren't welcome in the program.,"Staff Capacity(Helping, good services and friendly)"
