col0,col1,col2,col3,col4,col5,col6,col7,col8,col9,col10,col11,col12,col13,col14,col15,col16,col17,col18,col19,col20,col21,col22,col23,col24,col25,col26,col27,col28,col29,col30,col31,col32,col33,col34,col35,col36,col37,col38,col39,col40,col41,col42,col43,col44,col45,col46,col47,col48,col49,col50,col51,col52,col53,col54,col55,col56,col57,col58,col59,col60,col61,col62,col63,col64,col65,col66,col67,col68,col69,col70,col71,col72,col73,col74
Norma Fisher,Norma Fisher,,,,,Norma Fisher,"1157 Michael Island
New Thomas, NC 34644",,,,North Davidborough,,,"2087 Candace Squares Suite 345
Masseyshire, UT 88665",,,41942,"19344 Craig Walk
Burtontown, NV 15676","45229 Drake Route Apt. 113
North Paul, MO 73439","75868 Audrey Springs
Lake Ronaldborough, ND 78962","412 Snow Manors Apt. 161
South Kimtown, NV 57004",01605,"21418 Laura Mission Suite 266
East Susan, NC 19187",,,,,,,,,,,,,,,,,,,,,,,,,,"0742 Williams Road Apt. 057
Onealtown, NC 09211",,,,,,,,,,,,,,,,,,,,,,,,,
Jorge Sullivan,Jorge Sullivan,,,,,Jorge Sullivan,"60975 Jessica Squares
East Sallybury, FL 71671",,,,South Christopherville,,,"225 Wilson Mills
North Thomas, OK 67164",,,00945,"851 Joshua Brook
North Jamieview, MD 48590","9361 Robinson Green Apt. 635
North Lynntown, NC 59694","9930 Joy Hollow Suite 517
Sherriport, MT 50853","5415 David Square
West Michaeltown, IN 48447",55187,"3407 Smith Hills
Port Tiffanyport, PA 20977",,,,,,,,,,,,,,,,,,,,,,,,,,"605 Darren Alley
Morganport, IN 18940",,,,,,,,,,,,,,,,,,,,,,,,,
Elizabeth Woods,Elizabeth Woods,,,,,Elizabeth Woods,"8714 Mann Plaza
Lisaside, PA 72227",,,,New Andrewburgh,,,"PSC 5642, Box 8071
APO AA 97365",,,28488,"USS Mathis
FPO AP 80139","76430 Cindy Cove
South Nicholas, FL 14230","23450 Timothy Divide
Wuland, UT 20341","03104 Norris Rapids
Port Donald, DE 62982",95945,"73864 David Skyway Apt. 046
Wallaceview, LA 99489",,,,,,,,,,,,,,,,,,,,,,,,,,"16756 Mark Rue Suite 272
Davidburgh, MI 51471",,,,,,,,,,,,,,,,,,,,,,,,,
Susan Wagner,Susan Wagner,,,,,Susan Wagner,"96593 White View Apt. 094
Jonesberg, FL 05565",,,,South Jasonton,,,"37594 Garza Roads Apt. 466
North Brookemouth, IA 29742",,,02374,"658 Jared Radial Suite 022
Mathewstad, CO 44836","Unit 7296 Box 6875
DPO AA 65859","0976 Williams Mountains Apt. 009
Lake Mario, OH 85565","03557 Phillips Wells Suite 291
New Beverlyburgh, FL 16915",42531,"101 Torres Junctions
New Micheleburgh, MT 38471",,,,,,,,,,,,,,,,,,,,,,,,,,"3373 Rebecca Bypass Apt. 125
Lake Danielleburgh, RI 39498",,,,,,,,,,,,,,,,,,,,,,,,,
Peter Montgomery,Peter Montgomery,,,,,Peter Montgomery,"848 Melissa Springs Suite 947
Kellerstad, MD 80819",,,,New Ronaldville,,,"960 Savage Port Suite 027
West Jacquelinemouth, NM 74085",,,94522,"42294 Foster Plaza
West Danny, IA 06826","930 Thornton Summit
Lisaton, FL 34171","1097 Santos Springs Suite 264
New Michelleborough, WY 51884","332 Watson Shore Apt. 290
Millerland, MT 39742",58342,"838 Robert Roads
Figueroaview, NV 49234",,,,,,,,,,,,,,,,,,,,,,,,,,"6708 Carpenter Overpass Suite 735
Bobbyton, MI 01008",,,,,,,,,,,,,,,,,,,,,,,,,
Theodore Mcgrath,Theodore Mcgrath,,,,,Theodore Mcgrath,"30413 Norton Isle Suite 012
North Lisa, ND 79428",,,,Chadland,,,"75470 Lopez Roads
Port Jessicatown, TX 55221",,,99428,"6546 Cory Orchard
Rogersmouth, NJ 15706","9471 Zachary Canyon
East Davidport, WV 59298","5100 Scott Burg
East Clayton, SC 66353","645 John Roads
Danahaven, MS 54060",27238,"11669 Taylor Skyway
Michaelfort, MT 29076",,,,,,,,,,,,,,,,,,,,,,,,,,"16396 Shawn Junction
New Nicolemouth, ND 60236",,,,,,,,,,,,,,,,,,,,,,,,,
