col0,col1,col2,col3,col4,col5,col6
968,0,Jenny,Álvarez,Vera,Jenny Álvarez Vera,En Contra
925,0,Pepe,Auth,Stewart,Pepe Auth Stewart,En Contra
970,0,Jaime,Bellolio,Avaria,Jaime Bellolio Avaria,En Contra
973,0,Karol,Cariola,Oliva,Karol Cariola Oliva,En Contra
974,0,Loreto,Carvajal,Ambiado,Loreto Carvajal Ambiado,En Contra
931,0,Juan Luis,Castro,González,Juan Luis Castro González,En Contra
976,1,Juan Antonio,Coloma,Álamos,Juan Antonio Coloma Álamos,Afirmativo
837,0,Fidel,Espinoza,Sandoval,Fidel Espinoza Sandoval,En Contra
981,0,Maya,Fernández,Allende,Maya Fernández Allende,En Contra
984,2,Gonzalo,Fuenzalida,Figueroa,Gonzalo Fuenzalida Figueroa,Abstención
985,1,Sergio,Gahona,Salazar,Sergio Gahona Salazar,Afirmativo
936,0,Cristina,Girardi,Lavín,Cristina Girardi Lavín,En Contra
848,0,Rodrigo,González,Torres,Rodrigo González Torres,En Contra
937,0,Hugo,Gutiérrez,Gálvez,Hugo Gutiérrez Gálvez,En Contra
986,0,Marcela,Hernando,Pérez,Marcela Hernando Pérez,En Contra
850,1,Javier,Hernández,Hernández,Javier Hernández Hernández,Afirmativo
987,0,Giorgio,Jackson,Drago,Giorgio Jackson Drago,En Contra
855,0,Carlos Abel,Jarpa,Wevar,Carlos Abel Jarpa Wevar,En Contra
856,0,Tucapel,Jiménez,Fuentes,Tucapel Jiménez Fuentes,En Contra
967,1,Issa,Kort,Garriga,Issa Kort Garriga,Afirmativo
989,1,Joaquín,Lavín,León,Joaquín Lavín León,Afirmativo
862,1,Pablo,Lorenzini,Basso,Pablo Lorenzini Basso,Afirmativo
942,1,Javier,Macaya,Danús,Javier Macaya Danús,Afirmativo
865,1,Patricio,Melero,Abaroa,Patricio Melero Abaroa,Afirmativo
991,0,Vlado,Mirosevic,Verdugo,Vlado Mirosevic Verdugo,En Contra
869,0,Manuel,Monsalve,Benavides,Manuel Monsalve Benavides,En Contra
875,1,Iván,Norambuena,Farías,Iván Norambuena Farías,Afirmativo
993,0,Daniel,Núñez,Arancibia,Daniel Núñez Arancibia,En Contra
879,0,José Miguel,Ortiz,Novoa,José Miguel Ortiz Novoa,En Contra
946,2,Leopoldo,Pérez,Lahsen,Leopoldo Pérez Lahsen,Abstención
999,1,Jorge,Rathgeb,Schifferli,Jorge Rathgeb Schifferli,Afirmativo
1000,0,Luis,Rocafull,López,Luis Rocafull López,En Contra
893,1,Jorge,Sabag,Villalobos,Jorge Sabag Villalobos,Afirmativo
949,1,Marcela,Sabat,Fernández,Marcela Sabat Fernández,Afirmativo
950,0,René,Saffirio,Espinoza,René Saffirio Espinoza,En Contra
1001,0,Raúl,Saldívar,Auger,Raúl Saldívar Auger,En Contra
920,0,Marcelo,Schilling,Rodríguez,Marcelo Schilling Rodríguez,En Contra
897,0,Alejandra,Sepúlveda,Orbenes,Alejandra Sepúlveda Orbenes,En Contra
898,0,Gabriel,Silber,Romo,Gabriel Silber Romo,En Contra
1002,0,Leonardo,Soto,Ferrada,Leonardo Soto Ferrada,En Contra
956,0,Guillermo,Teillier,Del Valle,Guillermo Teillier Del Valle,En Contra
957,0,Víctor,Torres,Jeldes,Víctor Torres Jeldes,En Contra
1003,1,Renzo,Trisotti,Martínez,Renzo Trisotti Martínez,Afirmativo
908,1,Ignacio,Urrutia,Bonilla,Ignacio Urrutia Bonilla,Afirmativo
1005,1,Osvaldo,Urrutia,Soto,Osvaldo Urrutia Soto,Afirmativo
1006,0,Camila,Vallejo,Dowling,Camila Vallejo Dowling,En Contra
963,0,Matías,Walker,Prieto,Matías Walker Prieto,En Contra
1008,0,Florcita,Alarcón,Rojas,Florcita Alarcón Rojas,En Contra
1009,1,Jorge,Alessandri,Vergara,Jorge Alessandri Vergara,Afirmativo
803,0,René,Alinco,Bustos,René Alinco Bustos,En Contra
1010,1,Sebastián,Álvarez,Ramírez,Sebastián Álvarez Ramírez,Afirmativo
1011,1,Sandra,Amar,Mancilla,Sandra Amar Mancilla,Afirmativo
926,1,Nino,Baltolu,Rasera,Nino Baltolu Rasera,Afirmativo
1012,0,Boris,Barrera,Moreno,Boris Barrera Moreno,En Contra
1013,0,Alejandro,Bernales,Maldonado,Alejandro Bernales Maldonado,En Contra
815,1,Sergio,Bobadilla,Muñoz,Sergio Bobadilla Muñoz,Afirmativo
1015,0,Jorge,Brito,Hasbún,Jorge Brito Hasbún,En Contra
1016,1,Miguel Ángel,Calisto,Águila,Miguel Ángel Calisto Águila,Afirmativo
1017,1,Álvaro,Carter,Fernández,Álvaro Carter Fernández,Afirmativo
1018,0,Natalia,Castillo,Muñoz,Natalia Castillo Muñoz,En Contra
1019,1,José Miguel,Castro,Bascuñán,José Miguel Castro Bascuñán,Afirmativo
1020,0,Ricardo,Celis,Araya,Ricardo Celis Araya,En Contra
1023,0,Miguel,Crispi,Serrano,Miguel Crispi Serrano,En Contra
1024,1,Luciano,Cruz-Coke,Carvallo,Luciano Cruz-Coke Carvallo,Afirmativo
1025,1,Catalina,Del Real,Mihovilovic,Catalina Del Real Mihovilovic,Afirmativo
1026,1,Mario,Desbordes,Jiménez,Mario Desbordes Jiménez,Afirmativo
827,0,Marcelo,Díaz,Díaz,Marcelo Díaz Díaz,En Contra
1028,2,Eduardo,Durán,Salinas,Eduardo Durán Salinas,Abstención
1029,2,Francisco,Eguiguren,Correa,Francisco Eguiguren Correa,Abstención
1030,2,Camila,Flores,Oporto,Camila Flores Oporto,Abstención
1031,1,Juan,Fuenzalida,Cobo,Juan Fuenzalida Cobo,Afirmativo
1032,2,Ramón,Galleguillos,Castillo,Ramón Galleguillos Castillo,Abstención
1033,0,Renato,Garín,González,Renato Garín González,En Contra
1034,0,Félix,González,Gatica,Félix González Gatica,En Contra
1035,0,Carmen,Hertz,Cádiz,Carmen Hertz Cádiz,En Contra
1036,0,Tomás,Hirsch,Goldschmidt,Tomás Hirsch Goldschmidt,En Contra
1037,0,Diego,Ibáñez,Cotroneo,Diego Ibáñez Cotroneo,En Contra
1038,0,Marcos,Ilabaca,Cerda,Marcos Ilabaca Cerda,En Contra
1039,0,Pamela,Jiles,Moreno,Pamela Jiles Moreno,En Contra
1040,2,Harry,Jürgensen,Rundshagen,Harry Jürgensen Rundshagen,Abstención
1041,1,Pablo,Kast,Sommerhoff,Pablo Kast Sommerhoff,Afirmativo
1042,1,Sebastián,Keitel,Bianchi,Sebastián Keitel Bianchi,Afirmativo
172,1,Carlos,Kuschel,Silva,Carlos Kuschel Silva,Afirmativo
1043,0,Amaro,Labra,Sepúlveda,Amaro Labra Sepúlveda,En Contra
1044,0,Raúl,Leiva,Carvajal,Raúl Leiva Carvajal,En Contra
1046,1,Andrés,Longton,Herrera,Andrés Longton Herrera,Afirmativo
1047,1,Karin,Luck,Urban,Karin Luck Urban,Afirmativo
1048,0,Carolina,Marzán,Pinto,Carolina Marzán Pinto,En Contra
660,1,Manuel,Matta,Aragay,Manuel Matta Aragay,Afirmativo
1049,0,Cosme,Mellado,Pino,Cosme Mellado Pino,En Contra
1050,1,Miguel,Mellado,Suazo,Miguel Mellado Suazo,Afirmativo
1052,1,Andrés,Molina,Magofke,Andrés Molina Magofke,Afirmativo
1053,1,Cristhian,Moreira,Barros,Cristhian Moreira Barros,Afirmativo
1054,1,Francesca,Muñoz,González,Francesca Muñoz González,Afirmativo
1055,1,Nicolás,Noman,Garrido,Nicolás Noman Garrido,Afirmativo
1056,0,Emilia,Nuyado,Ancapichún,Emilia Nuyado Ancapichún,En Contra
1057,1,Erika,Olivera,De La Fuente,Erika Olivera De La Fuente,Afirmativo
1059,1,Ximena,Ossandón,Irarrázabal,Ximena Ossandón Irarrázabal,Afirmativo
1060,1,Luis,Pardo,Sáinz,Luis Pardo Sáinz,Afirmativo
1061,0,Andrea,Parra,Sauterel,Andrea Parra Sauterel,En Contra
1062,1,Joanna,Pérez,Olea,Joanna Pérez Olea,Afirmativo
1063,0,Catalina,Pérez,Salinas,Catalina Pérez Salinas,En Contra
1064,0,Pablo,Prieto,Lorca,Pablo Prieto Lorca,En Contra
1065,1,Guillermo,Ramírez,Diez,Guillermo Ramírez Diez,Afirmativo
1066,1,Rolando,Rentería,Moller,Rolando Rentería Moller,Afirmativo
1067,2,Hugo,Rey,Martínez,Hugo Rey Martínez,Abstención
1068,0,Camila,Rojas,Valderrama,Camila Rojas Valderrama,En Contra
1069,1,Leonidas,Romero,Sáez,Leonidas Romero Sáez,Afirmativo
1070,2,Patricio,Rosas,Barrientos,Patricio Rosas Barrientos,Abstención
1071,0,Gastón,Saavedra,Chandía,Gastón Saavedra Chandía,En Contra
1072,1,Gustavo,Sanhueza,Dueñas,Gustavo Sanhueza Dueñas,Afirmativo
1073,0,Juan,Santana,Castillo,Juan Santana Castillo,En Contra
1074,0,Marisela,Santibáñez,Novoa,Marisela Santibáñez Novoa,En Contra
1076,0,Alexis,Sepúlveda,Soto,Alexis Sepúlveda Soto,En Contra
1077,0,Raúl,Soto,Mardones,Raúl Soto Mardones,En Contra
1078,0,Jaime,Tohá,González,Jaime Tohá González,En Contra
1079,1,Sebastián,Torrealba,Alvarado,Sebastián Torrealba Alvarado,Afirmativo
1082,1,Cristóbal,Urruticoechea,Ríos,Cristóbal Urruticoechea Ríos,Afirmativo
1083,0,Esteban,Velásquez,Núñez,Esteban Velásquez Núñez,En Contra
961,0,Pedro,Velásquez,Seguel,Pedro Velásquez Seguel,En Contra
1084,1,Daniel,Verdessi,Belemmi,Daniel Verdessi Belemmi,Afirmativo
1085,0,Pablo,Vidal,Rojas,Pablo Vidal Rojas,En Contra
917,1,Gastón,Von Mühlenbrock,Zamora,Gastón Von Mühlenbrock Zamora,Afirmativo
872,0,Jaime,Mulet,Martínez,Jaime Mulet Martínez,En Contra
74,0,Jaime,Naranjo,Ortiz,Jaime Naranjo Ortiz,En Contra
