col0,col1,col2,col3,col4,col5,col6,col7,col8,col9,col10,col11,col12,col13,col14,col15,col16,col17
1,Yes,,US7537_BR01_TC001_02,LineItem Details_Floor Plan other template,Exhibit: AE,PSP-AE-TEST02,Freeman1,,,,,,,,,,
2,Yes,,US7537_BR01_TC001_02,LineItem Details_Floor Plan other template,Exhibit: Project Account Team member with Admin permission,,,,,,,,,,,,
3,Yes,,US7537_BR01_TC001_02,LineItem Details_Floor Plan other template,Exhibit: Project Account Team member with Order permission,,,,,,,,,,,,
4,Yes,,US7537_BR01_TC001_02,LineItem Details_Floor Plan other template,Exhibit: Account Admin,,,,,,,,,,,,
5,Yes,,US7537_BR01_TC001_02,LineItem Details_Floor Plan other template,Exhibit: Account team member,,,,,,,,,,,,
