col0,col1,col2,col3,col4,col5,col6,col7,col8,col9,col10,col11,col12,col13,col14,col15
1.0,1992-11-10,GRACIE,SANTIAGO,RICHMOND,31975,1.0,1.0,2,1994-06-11,GRACIEABC,SANTIAGO,RICHMOND,41172,11,1
2.0,2020-04-16,CHRISTIANE0,SCIBELLI,KASLO,63655,2.0,1.0,3,2010-03-03,CHRISTIANEABC,SCIBELLI,KASLO,51359,20,2
4.0,1973-02-09,NEDRA0,SZOCINSKI,VANDERHOOF,46667,3.0,1.0,6,2013-02-15,NEDRAABC,SZOCINSKI,VANDERHOOF,98606,30,3
5.0,2007-01-16,NEDRA,SZOCINSKI,VANDERHOOF,80472,3.0,1.0,6,2012-04-06,NEDRAABC,SZOCINSKI,VANDERHOOF,54819,30,3
9.0,1989-02-11,,SADLOWSKI,CANOE,38233,6.0,1.0,11,1979-01-03,,SADLOWSKI,CANOE,85806,60,4
,1979-03-06,,,,88765,,,12,2018-09-12,SPRINGABC,SADLOWSKI,CANOE,11081,60,4
