col0,col1,col2,col3,col4,col5,col6,col7,col8,col9,col10,col11,col12,col13,col14
1,IRD-1,QICINCCAGKKGCNYFSADGTFICEGESEYVSEVNDNLEKHCPRNCDPRIAYVICPRS,3.0,RL-1,CPRNC,Trypsin,TP-1,41,45,,,,,
2,IRD-2,QICTNCCAGKKGCMYFSDDGTFICEGESEYVSEVPVDNKPCPRNCDGRIAYGICPLS,3.0,RL-1,CPRNC,Trypsin,TP-1,40,44,,,,,
82,IRD-82,RICANWCAGRKGCYYYSDDGTFICEGESDPNNPKPCPRNCDTRIAYSICPRS,1.0,RL-1,CPRNC,Trypsin,TP-1,35,39,L-5,DPNNP,1.0,28.0,32.0
83,IRD-83,RICTNCCAGRKGCNYYSADGTFICEGESDPNNPKACPRNCDTRIAYSKCPRS,1.0,RL-1,CPRNC,Trypsin,TP-1,35,39,L-5,DPNNP,1.0,28.0,32.0
84,IRD-84,RLCTNCCAGRKGCNYYSADGTFICEGESDPNNPKACPRNCDPNIAYSLCLYE,1.0,RL-1,CPRNC,Trypsin,TP-1,35,39,L-5,DPNNP,1.0,28.0,32.0
85,IRD-85,RLCTNCCAGRKGCNYYSADGTFICEGESDPNNPKACPRNCDPNIAYSKCPRS,1.0,RL-1,CPRNC,Trypsin,TP-1,35,39,L-5,DPNNP,1.0,28.0,32.0
86,IRD-86,RLCTNCCAGRKGCNYYSADGTFICEGESDPNNPKACPRNCDPNIAYSLCAYE,1.0,RL-1,CPRNC,Trypsin,TP-1,35,39,L-5,DPNNP,1.0,28.0,32.0
87,IRD-87,RLCTNCCAGRKGCNYYSADGTFICEGESDPNNPKPCPRNCDPRIFYSKCPRS,1.0,RL-1,CPRNC,Trypsin,TP-1,35,39,L-5,DPNNP,1.0,28.0,32.0
88,IRD-88,FLCTNCCAGRKGCNYYSADGTFICEGESDPNNPKPCPRNCDPNIAYSLCLYE,1.0,RL-1,CPRNC,Trypsin,TP-1,35,39,L-5,DPNNP,1.0,28.0,32.0
54,IRD-54,DICTNCCAGTKGCNTTSANGAFICEGQSDPKKPKACPLNCDPHIAYA,1.0,RL-2,CPLNC,Chymotrypsin,TP-2,35,39,L-13,DPKKP,1.0,28.0,32.0
55,IRD-55,PICTNCCSGFKGCNYYSVNGTFICEGQSDPRKPKPCPLNCDPHIAYSKCPRS,1.0,RL-2,CPLNC,Chymotrypsin,TP-2,35,39,L-16,DPRKP,1.0,28.0,32.0
56,IRD-56,PICTNCCAGYKGCNYYSANGAFICEGQSDPKKPKACPLNCDPHIAYSKCPRS,1.0,RL-2,CPLNC,Chymotrypsin,TP-2,35,39,L-13,DPKKP,1.0,28.0,32.0
294,IRD-294,NICTQHCDPRVAYSKCPRSGGNTIIKHTGCTTCCTGYKGCYYFGHDGKFVCEG,2.0,RL-25,CTQHC,Unknown,TP-4,2,6,L-72,GGNTI,2.0,19.0,23.0
295,IRD-295,NICTQHCDPRVAYSKCPRSGRNTIIKHTGCTTCCTGYKGCYYFGHDGKFVCEG,2.0,RL-25,CTQHC,Unknown,TP-4,2,6,L-76,GRNTI,2.0,19.0,23.0
296,IRD-296,NICTQHCDPRVAYSKCPRSGGNTIIKHTECTTCCTGYKGCYYFGHDGKFVCEG,2.0,RL-25,CTQHC,Unknown,TP-4,2,6,L-72,GGNTI,2.0,19.0,23.0
297,IRD-297,KSCLQYCDDEVAYMTCPSSGDEQISQVCVNCCTADEGCKLFKTDGSLICTG,2.0,RL-26,CLQYC,Unknown,TP-4,2,6,L-56,GDEQI,2.0,19.0,23.0
