col0,col1,col2,col3,col4,col5,col6,col7,col8,col9,col10,col11,col12,col13
892,IAPTV0000146,Norma Fisher,9818463207,1294126207,,Norma Fisher,9910911207,Faridabad,Haryana,"80160 Clayton Isle Apt. 513
East Linda, ND 59217",10am-1pm,6pm-8:30pm,121003
959,IAPTV0000213,Jorge Sullivan,9822415901,2026684212,,Jorge Sullivan,9623184842,Pune,Maharashtra,"714 Mann Plaza Suite 839
Seanfurt, OK 32234",10am to 1.30pm,5pm to 8.30pm,411006
885,IAPTV0000139,Elizabeth Woods,9810061301,011-22912552,,Elizabeth Woods,9999818998,Delhi,Delhi,"09471 Erika Curve
North Megan, UT 71358",10-2:00pm,7:00-9:00pm,110053
967,IAPTV0000221,Susan Wagner,7798431459,Nil,,Susan Wagner,9970153519,Pune,Maharashtra,"339 Riley Mission Suite 515
South Brendamouth, ID 32356",10-2 PM,5-9 PM,411028
982,IAPTV0000236,Peter Montgomery,9810648354,0120-6512334,,Peter Montgomery,9756785916,GHAZIABAD,Uttar Pradesh,"35256 Craig Drive Apt. 098
North Davidborough, OK 16189",11am - 3Pm,7pm - 9 Pm,250004
994,IAPTV0000248,Theodore Mcgrath,7503069500,0120-2740960,,Theodore Mcgrath,9891921482,GHAZIABAD,Uttar Pradesh,"09032 Timothy Stream Apt. 086
Port Jordanbury, SD 39961",10:30am-1:30pm,7:30pm-9pm,201009
995,IAPTV0000249,Stephanie Collins,9763723977,8600311131,,Stephanie Collins,9922131288,Pune,Maharashtra,"87091 Gonzalez Knolls
Masseyshire, UT 88665",11am-1pm,6pm-9pm,411019
996,IAPTV0000250,Stephanie Sutton,9890428837,2027671161,,Stephanie Sutton,7040102219,Pune,Maharashtra,"225 Wilson Mills
North Thomas, OK 67164",10.30am-1.00pm,5.30pm-8pm,412101
1166,IAPTV0000426,Brian Hamilton,9810031300,1127019537,,Brian Hamilton,8285999681,Delhi,Delhi,"PSC 5642, Box 8071
APO AA 97365",10:30am-01:30pm,05:30pm-09:00pm,110034
1191,IAPTV0000451,Susan Levy,7503339656,9811129950,,Susan Levy,9717585207,Delhi,Delhi,"37594 Garza Roads Apt. 466
North Brookemouth, IA 29742",10.30am-1.30pm,6.30pm-8.30pm,110028
