col0,col1,col2,col3,col4,col5,col6,col7,col8,col9,col10,col11,col12,col13,col14,col15,col16,col17,col18,col19,col20,col21,col22,col23,col24,col25,col26,col27,col28,col29,col30,col31,col32,col33,col34,col35,col36,col37,col38,col39,col40,col41,col42,col43,col44,col45,col46,col47,col48,col49,col50,col51,col52,col53,col54,col55,col56,col57,col58,col59,col60,col61,col62,col63,col64
0x7fa06ad9c7b8,cas,out1,pipe,in1,[],[],34.64441777091728,kg / s,False,34.64441777091728,False,0x7fa06ad9c9e8,0.1111111111111111,0.0,True,60.0,bar,False,60.0,True,,,,False,417.1934851286616,kJ / kg,False,417.1934851286616,False,,,,False,29.999999999989427,C,False,29.999999999989427,True,,,,False,,,False,,False,,,,False,0.4983008149071479,m3 / s,False,,False,,,,False,1,1,True,False
0x7fa06ad9c828,pipe,out1,powerplant input,in1,[],[],34.64441777091727,kg / s,False,34.64441777091727,False,,,,False,58.669736633409016,bar,False,58.669736633409016,False,,,,False,417.1934851286616,kJ / kg,False,417.1934851286616,False,,,,False,29.763867109017557,C,False,29.763867109017557,False,,,,False,,,False,,False,,,,False,0.5091529786523397,m3 / s,False,,False,,,,False,1,1,False,False
0x7fa06ad9c9e8,powerplant input source,out1,heat input,in1,[],[],311.7997599382554,kg / s,False,311.7997599382554,False,,,,False,58.669736633409016,bar,False,58.669736633409016,False,0x7fa06ad9c828,1.0,0.0,True,417.1934851286616,kJ / kg,False,417.1934851286616,False,0x7fa06ad9c828,1.0,0.0,True,29.763867109017557,C,False,29.763867109017557,False,,,,False,,,False,,False,,,,False,4.582376807871057,m3 / s,False,,False,,,,False,1,1,True,False
0x7fa06ad9cba8,heat input,out1,turb1,in1,[],[],311.79975993825536,kg / s,False,311.79975993825536,False,,,,False,58.08303926707493,bar,False,58.08303926707493,False,,,,False,619.671321356172,kJ / kg,False,619.671321356172,False,,,,False,220.00000000000145,C,False,220.00000000000145,True,,,,False,,,False,,False,,,,False,7.758506728997137,m3 / s,False,,False,,,,False,1,1,False,False
0x7fa06ad9cd68,turb1,out1,reheater,in1,[],[],311.7997599382554,kg / s,False,311.7997599382554,False,,,,False,6.7497215885691135,bar,False,6.7497215885691135,False,,,,False,459.4472449366822,kJ / kg,False,459.4472449366822,False,,,,False,60.7781607052126,C,False,60.7781607052126,False,,,,False,,,False,,False,,,,False,44.26225496855301,m3 / s,False,,False,,,,False,1,1,False,False
0x7fa06ad9cf28,reheater,out1,turb2,in1,['T'],[],311.79975993825536,kg / s,False,311.79975993825536,False,,,,False,6.682224372683423,bar,False,6.682224372683423,False,,,,False,622.037418213237,kJ / kg,False,622.037418213237,False,,,,False,220.00000000000009,C,False,220.00000000000009,True,,,,False,,,False,,False,,,,False,66.19652206434793,m3 / s,False,,False,,,,False,1,1,False,False
0x7fa06ad9cb70,turb2,out1,ambient,in1,[],[],311.7997599382554,kg / s,False,311.7997599382554,False,,,,False,1.0,bar,False,1.0,True,,,,False,429.4709728511101,kJ / kg,False,429.4709728511101,False,,,,False,29.999999999999886,C,False,29.999999999999886,True,,,,False,,,False,,False,,,,False,271.2485193642162,m3 / s,False,,False,,,,False,1,1,False,False
