col0,col1,col2,col3,col4,col5,col6,col7,col8
604-78-8459,Norma Fisher,Norma Fisher,"097 Sanchez Islands Apt. 393
Port Tammy, ND 59217",Male,VP Quality Control,,Duis at velit eu est congue elementum.,Horror
429-41-4964,Jorge Sullivan,Jorge Sullivan,"714 Mann Plaza Suite 839
Seanfurt, OK 32234",Female,Senior Financial Analyst,,Suspendisse potenti. In eleifend quam a odio.,Comedy
378-90-9530,Elizabeth Woods,Elizabeth Woods,"09471 Erika Curve
North Megan, UT 71358",Male,Paralegal,,Suspendisse accumsan tortor quis turpis. Sed ante.,Drama
811-26-0387,Susan Wagner,Susan Wagner,"339 Riley Mission Suite 515
South Brendamouth, ID 32356",Male,Physical Therapy Assistant,5602242765074843.0,"Nulla neque libero, convallis eget, eleifend luctus, ultricies eu, nibh. Quisque id justo sit amet sapien dignissim vestibulum.",Horror
386-53-1139,Peter Montgomery,Peter Montgomery,"35256 Craig Drive Apt. 098
North Davidborough, OK 16189",Female,Software Consultant,3531096662484096.0,Nulla justo. Aliquam quis turpis eget elit sodales scelerisque.,Drama
605-52-9809,Theodore Mcgrath,Theodore Mcgrath,"09032 Timothy Stream Apt. 086
Port Jordanbury, SD 39961",Male,VP Quality Control,,"Morbi vestibulum, velit id pretium iaculis, diam erat fermentum justo, nec condimentum neque sapien placerat ante. Nulla justo.",Drama
164-18-3409,Stephanie Collins,Stephanie Collins,"87091 Gonzalez Knolls
Masseyshire, UT 88665",Male,Graphic Designer,3575314620284632.0,"Morbi vel lectus in quam fringilla rhoncus. Mauris enim leo, rhoncus sed, vestibulum sit amet, cursus id, turpis.",Comedy
212-06-7778,Stephanie Sutton,Stephanie Sutton,"225 Wilson Mills
North Thomas, OK 67164",Male,GIS Technical Architect,3551249058791476.0,Suspendisse potenti.,Horror
318-48-3006,Brian Hamilton,Brian Hamilton,"PSC 5642, Box 8071
APO AA 97365",Male,Recruiter,5.641823001324837e+17,In hac habitasse platea dictumst. Maecenas ut massa quis augue luctus tincidunt.,War
122-74-6759,Susan Levy,Susan Levy,"37594 Garza Roads Apt. 466
North Brookemouth, IA 29742",Male,Web Designer IV,,Praesent blandit lacinia erat. Vestibulum sed magna at nunc commodo placerat.,Drama
833-32-9040,Sean Green,Sean Green,"960 Savage Port Suite 027
West Jacquelinemouth, NM 74085",Male,Structural Engineer,,Duis at velit eu est congue elementum. In hac habitasse platea dictumst.,Drama
101-82-2564,Kimberly Smith,Kimberly Smith,"75470 Lopez Roads
Port Jessicatown, TX 55221",Male,VP Accounting,,Etiam pretium iaculis justo.,Comedy
