col0,col1,col2,col3,col4,col5,col6,col7,col8,col9,col10,col11,col12,col13,col14,col15,col16,col17,col18
manifestation has contributor agent (RDA 18.5),https://doi.org/10.6069/uwlib.55.d.4,,,,,,,,,,,,,,,,,
has University of Washington-specific note on manifestation (RDA 2.17),https://doi.org/10.6069/uwlib.55.d.4,,,,,,,,,,,,,,,,,
manifestation held by (*),https://doi.org/10.6069/uwlib.55.d.4,,,,,,,,,,,,,,,,,
manifestation has Library of Congress Classification Number Part A,https://doi.org/10.6069/uwlib.55.d.4,,,,,,,,,,,,,,,,,
manifestation has Library of Congress Classification Number Part B,https://doi.org/10.6069/uwlib.55.d.4,,,,,,,,,,,,,,,,,
manifestation has National Library of Medicine Classification Number Part A,https://doi.org/10.6069/uwlib.55.d.4,,,,,,,,,,,,,,,,,
manifestation has National Library of Medicine Classification Number Part B,https://doi.org/10.6069/uwlib.55.d.4,,,,,,,,,,,,,,,,,
manifestation has SuDoc Classification Number,https://doi.org/10.6069/uwlib.55.d.4,,,,,,,,,,,,,,,,,
