col0,col1,col2,col3,col4,col5,col6,col7,col8
1,2,,n:bug.ListTicket:view:id=1,2010-03-24T16:09:06.053584Z,2,2010-03-24T16:09:06.079352Z,ticket,1
5,2,,n:bug.ListTicket:view:id=5,2010-03-22T14:18:21.124135Z,2,2010-03-22T14:18:21.152464Z,ticket,2
6,2,,n:bug.ListTicket:view:id=6,2010-03-22T14:40:30.587881Z,2,2010-03-22T14:40:30.593539Z,ticket,3
7,2,,n:bug.ListTicket:view:id=7,2010-03-22T16:21:23.164316Z,2,2010-03-22T16:21:23.175158Z,ticket,4
8,2,,n:bug.ListTicket:view:id=8,2010-03-22T16:24:21.635180Z,2,2010-03-22T16:24:21.643393Z,ticket,5
9,2,,n:bug.ListTicket:view:id=9,2010-03-22T16:26:33.997853Z,2,2010-03-22T16:26:34.000755Z,ticket,6
10,2,,n:bug.ListTicket:view:id=10,2010-03-22T16:28:40.514536Z,2,2010-03-22T16:28:40.517291Z,ticket,7
11,2,,n:bug.Ticket:view:id=11,2010-03-22T16:37:37.904162Z,2,2010-03-22T16:37:37.912378Z,ticket,8
14,2,,n:bug.ListTicket:view:id=14,2010-03-22T18:28:03.650922Z,2,2010-03-22T18:28:03.662278Z,ticket,9
