col0,col1,col2,col3,col4,col5,col6,col7,col8,col9,col10,col11,col12,col13,col14,col15
1,320,Norma Fisher,67,5,49,0,49,49,49,0,"Unit 0225 Box 8419
DPO AA 87743",2,2017/7/28 7:53,2017/7/28 7:53,
2,194,Jorge Sullivan,68,10,80,0,80,80,80,0,"698 Banks Loaf Suite 280
Harmonmouth, AZ 71846",11,2007/4/10 2:49,2007/4/10 2:49,
3,805,Elizabeth Woods,41,9,41,0,41,41,41,0,"5945 Jennifer Loaf
Pooleland, PA 25707",25,2017/9/8 18:20,2017/9/8 18:20,
4,626,Susan Wagner,58,2,76,0,76,76,76,0,"37696 Richard Squares
Bartonton, NV 08874",28,2001/4/23 13:05,2001/4/23 13:05,
5,859,Peter Montgomery,24,3,50,0,50,50,50,0,"8789 Nicole Park
Larrymouth, MT 25142",5,2006/1/6 23:56,2006/1/6 23:56,
6,355,Theodore Mcgrath,39,8,91,0,91,91,91,0,"206 Stewart Forest
Lake Karenhaven, CT 25464",3,2000/12/23 20:33,2000/12/23 20:33,
7,601,Stephanie Collins,66,2,34,0,34,34,34,0,"4217 Burton Brooks
Robinville, KS 17988",4,2016/3/18 9:10,2016/3/18 9:10,
8,463,Stephanie Sutton,21,8,16,0,16,16,16,0,"24000 Erin Point Suite 590
Josephmouth, NE 49318",30,2019/5/22 4:04,2019/5/22 4:04,
9,604,Brian Hamilton,54,9,30,0,30,30,30,0,"69402 Joseph Junction
Jennifermouth, RI 05175",10,2000/9/6 2:10,2000/9/6 2:10,
10,206,Susan Levy,48,3,58,0,58,58,58,0,"94568 Kelly Neck
North Kyle, NC 96008",23,2001/8/18 18:55,2001/8/18 18:55,
11,591,Sean Green,70,7,43,0,43,43,43,0,"4611 Wells Ville Suite 171
Simmonsport, WA 90561",22,2007/8/1 1:19,2007/8/1 1:19,
12,853,Kimberly Smith,35,9,54,0,54,54,54,0,"PSC 2961, Box 1133
APO AE 50939",7,2008/7/17 19:26,2008/7/17 19:26,
13,972,Jennifer Summers,58,5,71,0,71,71,71,0,"847 Kramer Station Apt. 615
West Brenda, NE 25659",2,2010/1/14 13:51,2010/1/14 13:51,
14,211,April Snyder,47,5,42,0,42,42,42,0,"087 David Locks
Jaredton, IL 82213",18,2011/5/23 9:40,2011/5/23 9:40,
15,951,Dana Nguyen,57,9,80,0,80,80,80,0,"6582 Vanessa Oval
New Richard, NE 68819",20,2005/1/21 22:45,2005/1/21 22:45,
16,583,Cheryl Bradley,14,7,99,0,99,99,99,0,"7389 Alec Squares Suite 508
Port Jonathan, FL 50177",16,2016/4/6 12:16,2016/4/6 12:16,
17,612,Walter Pratt,45,6,25,0,25,25,25,0,"18013 Billy Bridge Suite 522
Schmitthaven, NC 66355",12,2018/11/28 15:05,2018/11/28 15:05,
18,481,Bobby Flores,53,9,63,0,63,63,63,0,"891 Bullock Ford
Amandachester, NJ 51431",19,2006/3/9 4:30,2006/3/9 4:30,
19,314,Tasha Rodriguez,79,2,95,0,95,95,95,0,"02489 Cook Park
Sherriport, MT 50853",20,2003/10/28 14:25,2003/10/28 14:25,
20,828,Michelle Kelley,65,3,53,0,53,53,53,0,"23450 Timothy Divide
Wuland, UT 20341",29,2011/3/16 7:42,2011/3/16 7:42,
21,656,Kimberly Maynard,7,3,68,0,68,68,68,0,"0976 Williams Mountains Apt. 009
Lake Mario, OH 85565",1,2017/10/13 1:07,2017/10/13 1:07,
22,697,Laurie Wallace,9,6,96,0,96,96,96,0,"1097 Santos Springs Suite 264
New Michelleborough, WY 51884",22,2001/9/18 3:26,2001/9/18 3:26,
23,328,Janice Johnston,37,5,75,0,75,75,75,0,"5100 Scott Burg
East Clayton, SC 66353",12,2004/9/25 5:48,2004/9/25 5:48,
24,712,Collin Lopez,28,5,99,0,99,99,99,0,"412 Snow Manors Apt. 161
South Kimtown, NV 57004",20,2009/11/29 9:04,2009/11/29 9:04,
25,365,Mary Alvarez,14,3,34,0,34,34,34,0,"5415 David Square
West Michaeltown, IN 48447",7,2011/10/14 8:55,2011/10/14 8:55,
26,632,Peter Mcdowell,30,9,33,0,33,33,33,0,"03104 Norris Rapids
Port Donald, DE 62982",22,2000/12/21 12:39,2000/12/21 12:39,
27,808,Sarah Villanueva,79,4,74,0,74,74,74,0,"03557 Phillips Wells Suite 291
New Beverlyburgh, FL 16915",20,2016/12/18 20:24,2016/12/18 20:24,
28,440,Kimberly Myers,27,10,73,0,73,73,73,0,"332 Watson Shore Apt. 290
Millerland, MT 39742",18,2004/12/2 15:12,2004/12/2 15:12,
29,904,Desiree Cain,37,10,32,0,32,32,32,0,"645 John Roads
Danahaven, MS 54060",25,2008/1/16 18:41,2008/1/16 18:41,
30,624,Stephanie Lawrence,73,3,32,0,32,32,32,0,"3547 Stephanie Underpass Apt. 418
Port Jacqueline, HI 55774",28,2018/6/5 22:56,2018/6/5 22:56,
31,421,Lauren Hayes,65,1,24,0,24,24,24,0,"5825 Welch Corners
Fischerport, UT 59363",8,2006/1/18 11:17,2006/1/18 11:17,
32,282,Whitney Stark,30,10,68,0,68,68,68,0,"41489 Roger Terrace
Davisfort, IN 71770",2,2018/2/9 13:19,2018/2/9 13:19,
33,640,Angela Salazar,57,6,46,0,46,46,46,0,"014 Aaron Locks Suite 714
Justinborough, CO 05147",11,2007/4/18 19:42,2007/4/18 19:42,
34,517,Mr. Ryan Sanchez,38,4,27,0,27,27,27,0,"8518 Pamela Track Apt. 164
Aprilshire, SC 28062",25,2019/5/23 20:49,2019/5/23 20:49,
35,753,Autumn Robinson,8,5,73,0,73,73,73,0,"864 Ramos Port Apt. 211
Moralesmouth, OH 88090",28,2018/4/4 4:09,2018/4/4 4:09,
36,924,Faith Cabrera,19,3,51,0,51,51,51,0,"637 Neal Island Suite 074
Lake Tyler, RI 28775",5,2008/2/20 2:51,2008/2/20 2:51,
37,863,Charles Wolfe,54,4,76,0,76,76,76,0,"0811 Smith Canyon Apt. 904
Jessicabury, WV 75585",3,2014/5/13 1:37,2014/5/13 1:37,
38,354,Kenneth Kent,2,6,56,0,56,56,56,0,"7562 Fisher Spur
Hernandezberg, MD 17438",22,2013/8/8 19:16,2013/8/8 19:16,
39,206,Melanie Johnson,11,1,88,0,88,88,88,0,"5667 Blair Underpass
South Shelby, VT 07027",7,2010/7/21 19:45,2010/7/21 19:45,
40,253,Lisa Johnston,46,3,41,0,41,41,41,0,"PSC 0312, Box 5023
APO AP 39498",2,2012/8/2 23:11,2012/8/2 23:11,
41,696,Jacob Hooper,10,4,76,0,76,76,76,0,"6708 Carpenter Overpass Suite 735
Bobbyton, MI 01008",18,2015/8/2 6:32,2015/8/2 6:32,
42,681,Alex Woodward,54,1,29,0,29,29,29,0,"16396 Shawn Junction
New Nicolemouth, ND 60236",22,2014/11/14 6:49,2014/11/14 6:49,
43,948,Caleb Clark,18,10,72,0,72,72,72,0,"PSC 4080, Box 3513
APO AP 45818",7,2001/7/30 22:34,2001/7/30 22:34,
44,582,Taylor Johnson,68,2,98,0,98,98,98,0,"4486 Olson Well
North Kevin, CA 01707",2,2013/9/2 19:42,2013/9/2 19:42,
45,869,Brian Green,23,8,19,0,19,19,19,0,"67771 Christopher Courts Apt. 637
Port Ronaldfurt, HI 33233",18,2004/6/5 16:58,2004/6/5 16:58,
46,342,Matthew Bell,68,6,63,0,63,63,63,0,"5561 Bishop Turnpike
Lake Kenneth, NY 79756",20,2012/7/29 8:59,2012/7/29 8:59,
47,916,Jonathan Williams,73,1,63,0,63,63,63,0,"3019 Gerald Mall Apt. 340
Trevinoville, SD 36216",16,2017/12/10 23:21,2017/12/10 23:21,
48,480,William Gonzalez,35,2,68,0,68,68,68,0,"84331 Leonard Fort Suite 749
East Lisa, NY 43477",12,2001/6/11 3:20,2001/6/11 3:20,
49,202,Nicholas Massey,73,4,43,0,43,43,43,0,"62281 Kathy Tunnel
Hudsonborough, VA 17819",12,2014/10/31 18:26,2014/10/31 18:26,
50,373,Caroline Chambers,26,10,36,0,36,36,36,0,"9927 Christina Burg Suite 774
East Angelaburgh, NM 97149",19,2005/3/30 4:48,2005/3/30 4:48,
