col0,col1,col2,col3,col4,col5,col6,col7,col8,col9,col10
lthompson320,tmartin311,Norma Fisher,Norma Fisher,Norma Fisher,"09032 Timothy Stream Apt. 086
Port Jordanbury, SD 39961",FA12,PSY220,E,aa790d35-4b66-486b-999c-9a4a71f21e6f,451
etaylor310,mjackson39,Jorge Sullivan,Jorge Sullivan,Jorge Sullivan,"87091 Gonzalez Knolls
Masseyshire, UT 88665",FA12,PHY484,E,2b806475-0278-4ec9-93cc-29a1c6f00913,366
etaylor310,jrobinson38,Elizabeth Woods,Elizabeth Woods,Elizabeth Woods,"225 Wilson Mills
North Thomas, OK 67164",FA12,PHY484,E,2b806475-0278-4ec9-93cc-29a1c6f00913,366
etaylor310,jjones37,Susan Wagner,Susan Wagner,Susan Wagner,"PSC 5642, Box 8071
APO AA 97365",FA12,PHY484,E,2b806475-0278-4ec9-93cc-29a1c6f00913,366
etaylor310,jmoore36,Peter Montgomery,Peter Montgomery,Peter Montgomery,"37594 Garza Roads Apt. 466
North Brookemouth, IA 29742",FA12,PHY484,E,2b806475-0278-4ec9-93cc-29a1c6f00913,366
etaylor310,jgarcia35,Theodore Mcgrath,Theodore Mcgrath,Theodore Mcgrath,"960 Savage Port Suite 027
West Jacquelinemouth, NM 74085",FA12,PHY484,E,2b806475-0278-4ec9-93cc-29a1c6f00913,366
etaylor310,jmartin34,Stephanie Collins,Stephanie Collins,Stephanie Collins,"75470 Lopez Roads
Port Jessicatown, TX 55221",FA12,PHY484,E,2b806475-0278-4ec9-93cc-29a1c6f00913,366
etaylor310,jthompson33,Stephanie Sutton,Stephanie Sutton,Stephanie Sutton,"08913 Charlene Flat
Joshuaburgh, NJ 52496",FA12,PHY484,E,2b806475-0278-4ec9-93cc-29a1c6f00913,366
etaylor310,emiller32,Brian Hamilton,Brian Hamilton,Brian Hamilton,"7142 Wilson Drives
Melissaton, IL 89760",FA12,PHY484,E,2b806475-0278-4ec9-93cc-29a1c6f00913,366
etaylor310,jtaylor31,Susan Levy,Susan Levy,Susan Levy,"9097 Bowman Landing Apt. 369
Alanberg, MA 44739",FA12,PHY484,E,2b806475-0278-4ec9-93cc-29a1c6f00913,366
etaylor310,btaylor30,Sean Green,Sean Green,Sean Green,"9004 Edward Prairie
Michaelside, LA 15560",FA12,PHY484,E,2b806475-0278-4ec9-93cc-29a1c6f00913,366
dwilson220,jwilson219,Kimberly Smith,Kimberly Smith,Kimberly Smith,"42814 Houston Hills
Rodriguezside, NJ 62629",FA12,MAT443,E,a9226ac6-0404-4c27-a358-b2cbca52e859,897
dwilson220,janderson218,Jennifer Summers,Jennifer Summers,Jennifer Summers,"71760 Rogers Spur Apt. 296
North Lindseyborough, IN 08516",FA12,MAT443,E,a9226ac6-0404-4c27-a358-b2cbca52e859,897
dwilson220,mrobinson217,April Snyder,April Snyder,April Snyder,"8847 Kramer Station
South Christopher, KS 77208",FA12,MAT443,E,a9226ac6-0404-4c27-a358-b2cbca52e859,897
dwilson220,jthompson216,Dana Nguyen,Dana Nguyen,Dana Nguyen,"51108 Goodwin Flats Apt. 764
Lake Bobby, IL 82213",FA12,MAT443,E,a9226ac6-0404-4c27-a358-b2cbca52e859,897
dwilson220,jjohnson215,Cheryl Bradley,Cheryl Bradley,Cheryl Bradley,"6582 Vanessa Oval
New Richard, NE 68819",FA12,MAT443,E,a9226ac6-0404-4c27-a358-b2cbca52e859,897
dwilson220,mwilliams214,Walter Pratt,Walter Pratt,Walter Pratt,"7389 Alec Squares Suite 508
Port Jonathan, FL 50177",FA12,MAT443,E,a9226ac6-0404-4c27-a358-b2cbca52e859,897
dwilson220,mwilliams213,Bobby Flores,Bobby Flores,Bobby Flores,"18013 Billy Bridge Suite 522
Schmitthaven, NC 66355",FA12,MAT443,E,a9226ac6-0404-4c27-a358-b2cbca52e859,897
dwilson220,jrobinson212,Tasha Rodriguez,Tasha Rodriguez,Tasha Rodriguez,"891 Bullock Ford
Amandachester, NJ 51431",FA12,MAT443,E,a9226ac6-0404-4c27-a358-b2cbca52e859,897
dwilson220,jwilliams211,Michelle Kelley,Michelle Kelley,Michelle Kelley,"02489 Cook Park
Sherriport, MT 50853",FA12,MAT443,E,a9226ac6-0404-4c27-a358-b2cbca52e859,897
rjones210,csimth29,Kimberly Maynard,Kimberly Maynard,Kimberly Maynard,"23450 Timothy Divide
Wuland, UT 20341",FA12,ECN443,E,e5caf5ed-95b1-470c-8a0e-f13a52ae78e2,709
rjones210,dthompson28,Laurie Wallace,Laurie Wallace,Laurie Wallace,"0976 Williams Mountains Apt. 009
Lake Mario, OH 85565",FA12,ECN443,E,e5caf5ed-95b1-470c-8a0e-f13a52ae78e2,709
rjones210,rjones27,Janice Johnston,Janice Johnston,Janice Johnston,"1097 Santos Springs Suite 264
New Michelleborough, WY 51884",FA12,ECN443,E,e5caf5ed-95b1-470c-8a0e-f13a52ae78e2,709
rjones210,rjones26,Collin Lopez,Collin Lopez,Collin Lopez,"5100 Scott Burg
East Clayton, SC 66353",FA12,ECN443,E,e5caf5ed-95b1-470c-8a0e-f13a52ae78e2,709
rjones210,mdavis25,Mary Alvarez,Mary Alvarez,Mary Alvarez,"412 Snow Manors Apt. 161
South Kimtown, NV 57004",FA12,ECN443,E,e5caf5ed-95b1-470c-8a0e-f13a52ae78e2,709
rjones210,jdavis24,Peter Mcdowell,Peter Mcdowell,Peter Mcdowell,"5415 David Square
West Michaeltown, IN 48447",FA12,ECN443,E,e5caf5ed-95b1-470c-8a0e-f13a52ae78e2,709
jmartinez110,jjackson10,Sarah Villanueva,Sarah Villanueva,Sarah Villanueva,"03104 Norris Rapids
Port Donald, DE 62982",FA12,CHM451,E,4f82f0d3-b5f5-4897-aa63-571abbd7e3bd,128
jmartinez110,rmartinez11,Kimberly Myers,Kimberly Myers,Kimberly Myers,"03557 Phillips Wells Suite 291
New Beverlyburgh, FL 16915",FA12,CHM451,E,4f82f0d3-b5f5-4897-aa63-571abbd7e3bd,128
jmartinez110,mwilson12,Desiree Cain,Desiree Cain,Desiree Cain,"332 Watson Shore Apt. 290
Millerland, MT 39742",FA12,CHM451,E,4f82f0d3-b5f5-4897-aa63-571abbd7e3bd,128
jmartinez110,pdavis13,Stephanie Lawrence,Stephanie Lawrence,Stephanie Lawrence,"645 John Roads
Danahaven, MS 54060",FA12,CHM451,E,4f82f0d3-b5f5-4897-aa63-571abbd7e3bd,128
jmartinez110,ptaylor14,Lauren Hayes,Lauren Hayes,Lauren Hayes,"3547 Stephanie Underpass Apt. 418
Port Jacqueline, HI 55774",FA12,CHM451,E,4f82f0d3-b5f5-4897-aa63-571abbd7e3bd,128
jmartinez110,jjohnson15,Whitney Stark,Whitney Stark,Whitney Stark,"5825 Welch Corners
Fischerport, UT 59363",FA12,CHM451,E,4f82f0d3-b5f5-4897-aa63-571abbd7e3bd,128
jmartinez110,manderson16,Angela Salazar,Angela Salazar,Angela Salazar,"41489 Roger Terrace
Davisfort, IN 71770",FA12,CHM451,E,4f82f0d3-b5f5-4897-aa63-571abbd7e3bd,128
jmartinez110,mjackson17,Mr. Ryan Sanchez,Mr. Ryan Sanchez,Mr. Ryan Sanchez,"014 Aaron Locks Suite 714
Justinborough, CO 05147",FA12,CHM451,E,4f82f0d3-b5f5-4897-aa63-571abbd7e3bd,128
jmartinez110,rrobinson18,Autumn Robinson,Autumn Robinson,Autumn Robinson,"8518 Pamela Track Apt. 164
Aprilshire, SC 28062",FA12,CHM451,E,4f82f0d3-b5f5-4897-aa63-571abbd7e3bd,128
rjones210,sthomas20,Faith Cabrera,Faith Cabrera,Faith Cabrera,"864 Ramos Port Apt. 211
Moralesmouth, OH 88090",FA12,ECN443,E,e5caf5ed-95b1-470c-8a0e-f13a52ae78e2,709
rjones210,cwilson21,Charles Wolfe,Charles Wolfe,Charles Wolfe,"637 Neal Island Suite 074
Lake Tyler, RI 28775",FA12,ECN443,E,e5caf5ed-95b1-470c-8a0e-f13a52ae78e2,709
rjones210,tbrown22,Kenneth Kent,Kenneth Kent,Kenneth Kent,"0811 Smith Canyon Apt. 904
Jessicabury, WV 75585",FA12,ECN443,E,e5caf5ed-95b1-470c-8a0e-f13a52ae78e2,709
rjones210,rwhite23,Melanie Johnson,Melanie Johnson,Melanie Johnson,"7562 Fisher Spur
Hernandezberg, MD 17438",FA12,ECN443,E,e5caf5ed-95b1-470c-8a0e-f13a52ae78e2,709
jmartinez110,dsimth19,Lisa Johnston,Lisa Johnston,Lisa Johnston,"5667 Blair Underpass
South Shelby, VT 07027",FA12,CHM451,E,4f82f0d3-b5f5-4897-aa63-571abbd7e3bd,128
