col0,col1,col2,col3,col4,col5,col6,col7,col8,col9,col10,col11,col12,col13,col14,col15,col16,col17,col18,col19,col20
uuid:06a1d40f-8339-4962-a804-e8507dc60fd4,geopoints,default,COMPLETE,2014-05-22T20:28:07.604000000,anonymous,11111,23.07299995,0.0,47.6535939,-122.3056717,Office,1,Walk,,,,,,,
uuid:8ba5d1b5-a561-49a9-b753-002a63b95863,geopoints,default,COMPLETE,2014-05-22T20:30:27.387000000,anonymous,11111,21.89800072,0.0,47.6535677,-122.3056343,Sidewalk,2,Tuk-tuk,,,,,,,
uuid:8b1a8c2e-db47-46c7-8221-9d38b6ff738a,geopoints,default,COMPLETE,2014-05-29T21:47:16.058000000,anonymous,18716,12.0,25.60460667,47.65457715,-122.3053232,HUB,1,Walk,,,,,,,
uuid:8b939986-f915-4f47-85da-17223e9764bf,geopoints,default,COMPLETE,2014-05-29T21:52:08.781000000,anonymous,18716,6.0,18.23471268,47.65507311,-122.3031725,down steps,2,Walk,,,,,,,
uuid:11740828-4bd7-4558-88d2-09fe9ef6997d,geopoints,default,COMPLETE,2014-05-29T21:56:53.849000000,anonymous,18716,8.0,-1.77206386,47.65316561,-122.303723,by bridge,3,Tuk-tuk,,,,,,,
uuid:3fcd4713-11c8-4f3a-bfec-0e6e8c169f6a,geopoints,default,COMPLETE,2014-05-29T22:02:49.080000000,anonymous,18716,8.0,48.03474547,47.65278523,-122.3058249,intersection,4,Walk,,,,,,,
uuid:17c87220-4249-4acf-8940-b0d636d74532,geopoints,default,COMPLETE,2014-05-29T22:07:00.140000000,anonymous,18716,16.0,63.44658875,47.65347359,-122.3075468,fountain,5,Walk,,,,,,,
