col0,col1,col2,col3,col4,col5,col6,col7,col8,col9,col10
0412i0000004C9mAAE,04T2i000000Cae9EAC,Eastern Accounts,False,True,(1 AND 2) OR 3,0052i000000Frp5AAC,2019-05-07T23:50:02.000+0000,0052i000000Frp5AAC,2019-05-14T12:20:36.000+0000,2019-05-14T12:20:36.000+0000
0412i0000004C9hAAE,04T2i000000CaeAEAS,Western Accounts,True,True,1 OR 2 OR 3,0052i000000Frp5AAC,2019-05-07T23:49:29.000+0000,0052i000000Frp5AAC,2019-05-14T12:22:04.000+0000,2019-05-14T12:24:07.000+0000
0412i0000004C9rAAE,04T2i000000CaeAEAS,Western Secondary Accounts,True,True,1 OR 2,0052i000000Frp5AAC,2019-05-14T12:23:35.000+0000,0052i000000Frp5AAC,2019-05-14T12:23:35.000+0000,2019-05-14T12:24:07.000+0000
0412i0000004C9cAAE,04T2i000000CaeJEAS,Northern Accounts,True,True,1 OR 2,0052i000000Frp5AAC,2019-05-07T23:47:05.000+0000,0052i000000Frp5AAC,2019-05-14T12:14:53.000+0000,2019-05-14T12:14:53.000+0000
0412i0000004CA6AAM,04T2i000000CafMEAS,London Accounts,True,True,,0052i000000Frp5AAC,2019-05-16T01:17:03.000+0000,0052i000000Frp5AAC,2019-05-16T01:17:03.000+0000,2019-05-16T01:17:03.000+0000
0412i0000004CABAA2,04T2i000000CafREAS,For-Profit Accounts,True,False,,0052i000000Frp5AAC,2019-05-16T01:18:19.000+0000,0052i000000Frp5AAC,2019-05-16T01:18:19.000+0000,2019-05-16T01:18:24.000+0000
0412i0000004CA1AAM,04T2i000000CafWEAS,Non-Profit Accounts,True,False,,0052i000000Frp5AAC,2019-05-16T01:15:48.000+0000,0052i000000Frp5AAC,2019-05-16T01:19:03.000+0000,2019-05-16T01:19:03.000+0000
