col0,col1,col2,col3,col4,col5,col6
2021-04-02 01:58:25 UTC, 0x0047ad9176, 1.000000, 1000000000000000000, 0x84bb8f4998527aaf4cf5633bb2743533310600bb, 0x3dced62b85f587c1209c83f654c31bc2acbe7a85,12157325
2021-04-02 01:59:42 UTC, 0x00ec78b1e2, 0.309000, 309000000000000000, 0xc527173fe89f869247e1fd9317abfc109cb751a7, 0x3dced62b85f587c1209c83f654c31bc2acbe7a85,12157331
2021-04-02 02:17:57 UTC, 0x0097685dca, 0.310000, 310000000000000000, 0xeea0382b9cc110bb7f1613bc66200513361f207a, 0x3dced62b85f587c1209c83f654c31bc2acbe7a85,12157419
2021-04-02 02:26:03 UTC, 0x0047ad9176, -, -, 0x3dced62b85f587c1209c83f654c31bc2acbe7a85, 0x384973ce79c352ad766f56672babec85e897f234,12157443
2021-04-02 02:29:24 UTC, 0x00f16e9455, -, -, 0x3dced62b85f587c1209c83f654c31bc2acbe7a85, 0x384973ce79c352ad766f56672babec85e897f234,12157456
2021-04-02 02:31:55 UTC, 0x00405558b6, -, -, 0x3dced62b85f587c1209c83f654c31bc2acbe7a85, 0x384973ce79c352ad766f56672babec85e897f234,12157470
2021-04-02 02:33:21 UTC, 0x0097685dca, -, -, 0x3dced62b85f587c1209c83f654c31bc2acbe7a85, 0x384973ce79c352ad766f56672babec85e897f234,12157473
2021-04-02 02:35:21 UTC, 0x009a32bf7b, -, -, 0x3dced62b85f587c1209c83f654c31bc2acbe7a85, 0x384973ce79c352ad766f56672babec85e897f234,12157479
2021-04-02 02:35:50 UTC, 0x00ec78b1e2, -, -, 0x3dced62b85f587c1209c83f654c31bc2acbe7a85, 0x384973ce79c352ad766f56672babec85e897f234,12157480
2021-04-02 02:36:14 UTC, 0x004e4e6e83, -, -, 0x3dced62b85f587c1209c83f654c31bc2acbe7a85, 0x384973ce79c352ad766f56672babec85e897f234,12157481
2021-04-02 02:36:14 UTC, 0x00f3a900ed, 0.330000, 330000000000000000, 0x010edafa8a3c464413a680a1f6a7115b4ee4c74d, 0x5ffd27f190f3be421f5a9a770a2247b1decae8e3,12157481
2021-04-02 02:36:43 UTC, 0x00f7e29e5d, -, -, 0x3dced62b85f587c1209c83f654c31bc2acbe7a85, 0x384973ce79c352ad766f56672babec85e897f234,12157482
2021-04-02 02:40:00 UTC, 0x009c3d6981, -, -, 0x3dced62b85f587c1209c83f654c31bc2acbe7a85, 0x384973ce79c352ad766f56672babec85e897f234,12157500
2021-04-02 03:10:21 UTC, 0x006b185189, 0.300000, 300000000000000000, 0x23324ed44904260fe555b18e5ba95c6030b9227d, 0xbe79d8b538811f77bee5e5b74d9d93f6e76db7be,12157645
2021-04-02 04:13:34 UTC, 0x00d5dd860c, -, -, 0x76a8171512a1a8a04c622896af2365319c8dc90c, WrappedMoonCatRescue (WMCR),12157902
2021-04-02 04:14:33 UTC, 0x00a6a4b09a, -, -, 0x76a8171512a1a8a04c622896af2365319c8dc90c, WrappedMoonCatRescue (WMCR),12157908
2021-04-02 04:52:21 UTC, 0x0064e70ac6, 0.270000, 270000000000000000, 0x23324ed44904260fe555b18e5ba95c6030b9227d, 0xcb3e1416e44a0d7001ce0470ff80dbadcc805e48,12158077
2021-04-02 04:52:21 UTC, 0x0064e70ac6, -, -, 0xcb3e1416e44a0d7001ce0470ff80dbadcc805e48, WrappedMoonCatRescue (WMCR),12158077
2021-04-02 05:01:54 UTC, 0x006cad002b, -, -, 0x23324ed44904260fe555b18e5ba95c6030b9227d, WrappedMoonCatRescue (WMCR),12158121
2021-04-02 05:13:10 UTC, 0x00e47f8d6d, -, -, 0x23324ed44904260fe555b18e5ba95c6030b9227d, WrappedMoonCatRescue (WMCR),12158165
2021-04-02 05:47:44 UTC, 0x00385259b3, -, -, 0xca11d10ceb098f597a0cab28117fc3465991a63c, WrappedMoonCatRescue (WMCR),12158321
2021-04-02 08:38:06 UTC, 0x0000d63e72, -, -, 0x4a86e7efce5f37583e6b7c4db88d37eff5812685, WrappedMoonCatRescue (WMCR),12159041
2021-04-02 10:18:46 UTC, 0x00f9a71d1c, -, -, 0x9a568bfeb8cb19e4bafcb57ee69498d57d9591ca, WrappedMoonCatRescue (WMCR),12159496
2021-04-02 10:19:42 UTC, 0x008f10fcf1, -, -, 0x9a568bfeb8cb19e4bafcb57ee69498d57d9591ca, WrappedMoonCatRescue (WMCR),12159503
2021-04-02 11:20:18 UTC, 0x00f7f41ecd, -, -, 0x1fb858e4e40a07d0aaf4b5650c589e527a8582bb, WrappedMoonCatRescue (WMCR),12159779
2021-04-02 11:24:01 UTC, 0x00ecb3c630, -, -, 0x1fb858e4e40a07d0aaf4b5650c589e527a8582bb, WrappedMoonCatRescue (WMCR),12159793
2021-04-02 11:24:46 UTC, 0x00a92034f8, -, -, 0x19ac63521615455415a716f5dcbb49d065ae8092, WrappedMoonCatRescue (WMCR),12159796
2021-04-02 12:49:34 UTC, 0x00121a7242, 0.275000, 275000000000000000, 0x7bd0e1883cb8390ec1881928cdf67266a82b80e8, 0x18ba0a1b3a9bb30abef0d0dabdc8e443d4b0b2ec,12160178
