col0,col1,col2,col3,col4,col5
0040001_session_1,27,Male,Right,Patient,295.3;;;;
0040002_session_1,19,Male,Right,Patient,295.3;;;;
0040003_session_1,28,Male,Right,Patient,295.1;;;;
0040004_session_1,55,Male,Right,Patient,295.3;;;;
0040005_session_1,48,Female,Right,Patient,295.3;;;;
0040006_session_1,53,Male,Right,Patient,295.6;;;;
0040007_session_1,65,Female,Right,Patient,295.3;;;;
0040008_session_1,28,Male,Right,Patient,295.9;;;;
0040009_session_1,31,Female,Right,Patient,295.3;;;;
0040010_session_1,52,Male,Right,Patient,295.3;;;;
0040011_session_1,28,Male,Left,Patient,295.6;;;;
0040012_session_1,32,Female,Right,Patient,295.3;;;;
0040013_session_1,34,Male,Right,Control,None;;;;
0040014_session_1,31,Male,Right,Control,None;;;;
0040015_session_1,47,Male,Right,Patient,295.3;;;;
0040016_session_1,49,Male,Both,Patient,295.3;;;;
0040017_session_1,30,Female,Right,Control,None;;;;
0040018_session_1,47,Male,Right,Control,None;;;;
0040019_session_1,44,Male,Right,Control,None;;;;
0040020_session_1,22,Male,Right,Control,None;;;;
0040021_session_1,21,Female,Right,Patient,295.3;;;;
0040022_session_1,23,Male,Left,Patient,295.6;;;;
0040023_session_1,48,Male,Right,Control,None;;;;
0040024_session_1,42,Male,Right,Control,None;;;;
0040025_session_1,33,Male,Right,Patient,295.3;;;;
0040026_session_1,44,Male,Right,Control,None;;;;
0040027_session_1,48,Male,Right,Control,None;;;;
0040028_session_1,64,Male,Right,Patient,295.3;;;;
0040029_session_1,20,Male,Right,Patient,295.6;;;;
0040030_session_1,43,Male,Right,Control,None;;;;
0040031_session_1,43,Female,Right,Control,None;;;;
0040032_session_1,31,Female,Right,Patient,295.3;;;;
0040033_session_1,31,Female,Right,Control,None;;;;
0040034_session_1,29,Male,Left,Patient,295.3;;;;
0040035_session_1,30,Male,Right,Control,None;;;;
0040036_session_1,26,Male,Both,Control,None;;;;
0040037_session_1,24,Male,Right,Patient,295.3;;;;
0040038_session_1,53,Female,Right,Control,None;;;;
0040039_session_1,51,Female,Left,Patient,295.7;;;;
0040040_session_1,63,Male,Right,Patient,295.3;;;;
0040041_session_1,62,Male,Right,Patient,295.3;;;;
0040042_session_1,40,Female,Right,Patient,295.3;;;;
0040043_session_1,38,Male,Right,Control,None;;;;
0040044_session_1,48,Male,Left,Patient,290.3;;;;
0040045_session_1,30,Male,Right,Control,None;;;;
0040046_session_1,18,Male,Left,Patient,295.70 depressed type;;;;
0040047_session_1,37,Male,Right,Patient,295.3;;;;
0040048_session_1,31,Male,Right,Control,None;;;;
0040049_session_1,44,Male,Right,Patient,295.3;;;;
0040050_session_1,36,Male,Right,Control,None;;;;
0040051_session_1,23,Male,Right,Control,None;;;;
0040052_session_1,22,Female,Right,Control,None;;;;
0040053_session_1,24,Female,Right,Control,None;;;;
0040054_session_1,52,Male,Right,Control,None;;;;
0040055_session_1,30,Female,Right,Control,None;;;;
0040056_session_1,27,Male,Right,Control,None;;;;
0040057_session_1,36,Male,Right,Control,None;;;;
0040058_session_1,27,Female,Right,Control,None;;;;
0040059_session_1,25,Male,Right,Patient,295.3;;;;
0040060_session_1,41,Male,Right,Patient,295.3;;;;
0040061_session_1,18,Male,Right,Control,None;;;;
0040062_session_1,50,Male,Right,Control,None;;;;
0040063_session_1,37,Male,Right,Control,None;;;;
0040064_session_1,56,Female,Both,Patient,295.6;;;;
0040065_session_1,22,Male,Right,Control,None;;;;
0040066_session_1,62,Male,Left,Control,None;;;;
0040067_session_1,33,Male,Right,Control,None;;;;
0040068_session_1,24,Female,Right,Control,None;;;;
0040069_session_1,58,Male,Right,Control,None;;;;
0040071_session_1,51,Female,Right,Patient,295.6;;;;
0040072_session_1,25,Male,Right,Patient,295.3;;;;
0040073_session_1,23,Male,Right,Patient,295.7;;;;
0040074_session_1,34,Female,Right,Control,311;;;;
0040075_session_1,40,Male,Right,Patient,295.1;;;;
0040076_session_1,52,Male,Right,Control,None;;;;
0040077_session_1,28,Male,Right,Patient,295.6;;;;
0040078_session_1,57,Male,Right,Patient,295.6;;;;
0040079_session_1,26,Male,Right,Patient,295.6;;;;
0040080_session_1,26,Male,Right,Patient,295.6;;;;
0040081_session_1,43,Male,Right,Patient,295.7;;;;
0040082_session_1,50,Male,Right,Patient,295.3;;;;
0040084_session_1,60,Male,Right,Patient,295.1;;;;
0040085_session_1,22,Male,Right,Patient,295.3;;;;
0040086_session_1,65,Male,Right,Control,None;;;;
0040087_session_1,27,Male,Right,Control,None;;;;
0040088_session_1,33,Female,Right,Patient,295.9;;;;
0040089_session_1,62,Male,Right,Patient,295.3;;;;
0040090_session_1,18,Female,Right,Control,None;;;;
0040091_session_1,24,Male,Right,Control,None;;;;
0040092_session_1,49,Male,Right,Patient,295.3;;;;
0040093_session_1,25,Male,Right,Control,None;;;;
0040094_session_1,57,Male,Left,Patient,295.92;;;;
0040095_session_1,40,Female,Right,Control,None;;;;
0040096_session_1,22,Male,Right,Patient,295.9;;;;
0040097_session_1,52,Female,Right,Patient,296.4;;;;
0040098_session_1,35,Male,Right,Patient,295.3;;;;
0040099_session_1,38,Male,Right,Patient,295.70 bipolar type;;;;
0040100_session_1,35,Male,Right,Patient,295.3;;;;
0040101_session_1,50,Male,Right,Patient,295.3;;;;
0040102_session_1,40,Female,Right,Control,None;;;;
0040103_session_1,40,Male,Right,Patient,295.3;;;;
0040104_session_1,26,Male,Right,Control,None;;;;
0040105_session_1,52,Male,Right,Patient,295.3;;;;
0040106_session_1,46,Male,Right,Patient,295.6;;;;
0040107_session_1,33,Female,Right,Control,None;;;;
0040108_session_1,29,Male,Right,Patient,295.3;;;;
0040109_session_1,33,Male,Right,Patient,295.3;;;;
0040110_session_1,43,Male,Left,Patient,295.7;;;;
0040111_session_1,58,Female,Both,Control,None;;;;
0040112_session_1,42,Male,Right,Patient,295.3;;;;
0040113_session_1,20,Male,Right,Control,None;;;;
0040114_session_1,23,Male,Right,Control,None;;;;
0040115_session_1,27,Male,Right,Control,None;;;;
0040116_session_1,47,Male,Right,Control,None;;;;
0040117_session_1,19,Male,Right,Patient,295.3;;;;
0040118_session_1,34,Female,Right,Control,296.26;;;;
0040119_session_1,44,Female,Right,Control,None;;;;
0040120_session_1,26,Male,Right,Control,None;;;;
0040121_session_1,21,Female,Right,Control,None;;;;
0040122_session_1,22,Male,Right,Patient,295.3;;;;
0040123_session_1,48,Male,Right,Control,None;;;;
0040124_session_1,35,Male,Right,Control,None;;;;
0040125_session_1,48,Male,Right,Control,None;;;;
0040126_session_1,41,Female,Right,Patient,295.3;;;;
0040127_session_1,26,Male,Right,Control,None;;;;
0040128_session_1,22,Male,Right,Control,None;;;;
0040129_session_1,23,Male,Right,Control,None;;;;
0040130_session_1,47,Female,Right,Control,None;;;;
0040131_session_1,47,Male,Right,Control,None;;;;
0040132_session_1,50,Male,Right,Patient,295.7;;;;
0040133_session_1,20,Male,Right,Patient,295.3;;;;
0040134_session_1,42,Male,Right,Control,None;;;;
0040135_session_1,24,Female,Right,Control,None;;;;
0040136_session_1,38,Male,Right,Control,None;;;;
0040137_session_1,21,Male,Left,Patient,295.2;;;;
0040138_session_1,28,Male,Right,Control,None;;;;
0040139_session_1,28,Female,Right,Control,None;;;;
0040140_session_1,53,Female,Right,Control,None;;;;
0040141_session_1,35,Female,Right,Control,None;;;;
0040142_session_1,23,Male,Left,Patient,295.9;;;;
0040143_session_1,52,Male,Right,Patient,295.3;;;;
0040144_session_1,54,Male,Right,Control,None;;;;
0040145_session_1,19,Male,Right,Patient,295.6;;;;
0040146_session_1,39,Male,Right,Control,None;;;;
0040147_session_1,34,Male,Right,Control,None;;;;
