col0,col1,col2,col3,col4,col5,col6,col7,col8,col9,col10,col11,col12,col13,col14,col15,col16,col17,col18
County of Hawaii,"7088 Carpenter Overpass Suite 735
Bobbyton, MI 01008",,8:00:00 - 09:00,16:00:00 - 09:00,10/25/2016,10/29/2016,1.0,"342 Miller Mission
Lake Jennifer, NY 92905",,08:00 AM - 04:00 PM,,ho19172834,false,true,,,,poll19172834
County of Hawaii,"16396 Shawn Junction
New Nicolemouth, ND 60236",,8:00:00 - 09:00,16:00:00 - 09:00,10/31/2016,11/5/2016,2.0,"71664 Kim Throughway
Chelsealand, AK 65056",,08:00 AM - 04:00 PM,,ho19172834,false,true,,,,poll19172834
County of Hawaii,"PSC 4080, Box 3513
APO AP 45818",,8:00:00 - 09:00,16:00:00 - 09:00,10/25/2016,10/29/2016,3.0,"66660 Gomez Port Apt. 945
South Thomashaven, AZ 11181",,08:00 AM - 04:00 PM,,ho60276226,false,true,,,,poll60276226
County of Hawaii,"4486 Olson Well
North Kevin, CA 01707",,8:00:00 - 09:00,16:00:00 - 09:00,10/31/2016,11/5/2016,4.0,"0131 Williams Ville Apt. 562
Richardberg, FL 53480",,08:00 AM - 04:00 PM,,ho60276226,false,true,,,,poll60276226
County of Hawaii,"67771 Christopher Courts Apt. 637
Port Ronaldfurt, HI 33233",,8:00:00 - 09:00,16:00:00 - 09:00,10/25/2016,10/29/2016,5.0,"22708 Madison Spurs
Herringstad, OR 11353",,08:00 AM - 04:00 PM,,ho30593437,false,true,,,,poll30593437
County of Hawaii,"5561 Bishop Turnpike
Lake Kenneth, NY 79756",,8:00:00 - 09:00,12:00:00 - 09:00,10/29/2016,10/29/2016,6.0,"3454 Holmes Motorway
Port Rachel, FL 05560",,08:00 AM - 12:00 PM,,ho30593437,false,true,,,,poll30593437
County of Hawaii,"3019 Gerald Mall Apt. 340
Trevinoville, SD 36216",,8:00:00 - 09:00,16:00:00 - 09:00,10/31/2016,11/4/2016,7.0,"805 James Turnpike
Carrmouth, GA 93500",,08:00 AM - 04:00 PM,,ho30593437,false,true,,,,poll30593437
County of Hawaii,"84331 Leonard Fort Suite 749
East Lisa, NY 43477",,8:00:00 - 09:00,12:00:00 - 09:00,11/5/2016,11/5/2016,8.0,"8081 Smith Trail
North Ronaldstad, NV 44515",,08:00 AM - 12:00 PM,,ho30593437,false,true,,,,poll30593437
County of Hawaii,"62281 Kathy Tunnel
Hudsonborough, VA 17819",,9:00:00 - 09:00,12:00:00 - 09:00,10/25/2016,10/28/2016,9.0,"125 Ian Crossroad Apt. 593
South Deannaport, MS 07347",,09:00 AM - 12:00 PM,,ho94498505,false,true,,,,poll94498505
County of Hawaii,"9927 Christina Burg Suite 774
East Angelaburgh, NM 97149",,13:00:00 - 09:00,15:00:00 - 09:00,10/31/2016,11/3/2016,10.0,"1607 Munoz River
Emilyshire, NH 54532",,01:00 PM - 03:00 PM,,ho94498505,false,true,,,,poll94498505
County of Kauai,"142 Warner View Suite 460
North Leslie, IA 45480",,8:00:00 - 09:00,16:00:00 - 09:00,10/25/2016,10/29/2016,13.0,"3615 David Keys Apt. 269
West Stephenside, UT 65516",,08:00 AM - 04:00 PM,,ho48566391,false,true,,,,poll48566391
County of Kauai,"5240 Berry Centers
West Andrew, AR 03720",,8:00:00 - 09:00,16:00:00 - 09:00,10/31/2016,11/5/2016,14.0,"640 Mary Common
Michaelville, AZ 20721",,08:00 AM - 04:00 PM,,ho48566391,false,true,,,,poll48566391
County of Maui,"51056 Patricia Forge
Grahamstad, HI 85576",,,,,,,"PSC 4006, Box 5282
APO AE 23388",,,,,,,,,,
County of Maui,"0648 Malone Port Apt. 662
New Devonhaven, VA 92199",,,,,,,"395 Timothy Road
Williamsbury, LA 43567",,,,,,,,,,
County of Maui,"23028 Jennifer Meadow Apt. 972
West Matthewfurt, SC 05261",,8:00:00 - 09:00,12:00:00 - 09:00,10/25/2016,11/5/2016,17.0,"3267 Walter Dam
Cunninghamtown, OR 01239",,08:00 AM - 12:00 PM,,ho50325806,false,true,,,,poll50325806
County of Maui,"2738 Martin Terrace Suite 547
Smithhaven, LA 72649",,13:00:00 - 09:00,16:00:00 - 09:00,10/25/2016,11/5/2016,18.0,"00580 Brandon Creek
Port Eric, MS 03966",,01:00 PM - 04:00 PM,,ho50325806,false,true,,,,poll50325806
County of Maui,"984 Stephen Stravenue
South Michaelton, KY 97488",,8:00:00 - 09:00,12:00:00 - 09:00,10/29/2016,10/29/2016,19.0,"325 Amanda Cliffs Apt. 695
South Paulabury, MS 29996",,08:00 AM - 12:00 PM,,ho50325806,false,true,,,,poll50325806
County of Maui,"Unit 4943 Box 8856
DPO AA 27891",,13:00:00 - 09:00,16:00:00 - 09:00,10/31/2016,11/4/2016,21.0,"PSC 3769, Box 1448
APO AA 71586",,01:00 PM - 04:00 PM,,ho50325806,false,true,,,,poll50325806
County of Maui,"98522 Mathis Viaduct Apt. 909
West Michael, LA 42837",,8:00:00 - 09:00,12:00:00 - 09:00,11/5/2016,11/5/2016,22.0,"40956 Amanda Walk Apt. 260
Simonfurt, CT 93980",,08:00 AM - 12:00 PM,,ho50325806,false,true,,,,poll50325806
City & County of Honolulu,"620 Ashley Mills Apt. 507
Julieborough, OH 56059",,8:00:00 - 09:00,16:00:00 - 09:00,10/25/2016,10/29/2016,24.0,"25762 Gill Creek Suite 525
Mccoyton, KS 23687",,08:00 AM - 04:00 PM,,ho78160051,false,true,,,,poll78160051
City & County of Honolulu,"212 Shelly Roads
Fischerview, LA 02288",,8:00:00 - 09:00,16:00:00 - 09:00,10/31/2016,11/5/2016,25.0,"6048 Johnson Loop Suite 635
East Daniel, GA 04593",,08:00 AM - 04:00 PM,,ho78160051,false,true,,,,poll78160051
City & County of Honolulu,"8885 Lee Tunnel Suite 208
Port Donna, OK 50851",,8:00:00 - 09:00,16:00:00 - 09:00,10/25/2016,10/29/2016,26.0,"1168 Gary Fords Apt. 308
Port Trevor, RI 96954",,08:00 AM - 04:00 PM,,ho7266808,false,true,,,,poll7266808
City & County of Honolulu,"693 Michael Estate
Lake Michael, NM 03009",,8:00:00 - 09:00,16:00:00 - 09:00,10/31/2016,11/5/2016,27.0,"164 Matthew Parkway Suite 826
Jimmyfurt, MS 62271",,08:00 AM - 04:00 PM,,ho7266808,false,true,,,,poll7266808
