col0,col1,col2,col3,col4,col5,col6,col7
09/10/2016,Cyclo-cross,Men,SAT-CX,M,Single,,
"Place,License",,,,,,,
"1,363304,Clay,ANSELMO,Trout",Creek,",MT,0:38:50,",,,,,
"2,206987,Charles,MORTENSEN,Sandpoint,ID,0:40:17,Team",Autism,24/7,,,,,
"3,204615,Wayne,PIGNOLET,Sandpoint,ID,0:41:14,Team",Autism,24/7,,,,,
"4,360201,Hank,GREER,Spokane,WA,0:41:14,double",check,,,,,,
"5,293140,Jason,REMINGTON,Spokane,WA,0:42:35,",,,,,,,
"6,416540,Kieran,LONG,Moscow,ID,0:48:21,",,,,,,,
09/10/2016,Cyclo-cross,Men,SAT-CX,M,Cat,5.0,
"Place,License",,,,,,,
"1,488485,Clint,HASTINGS,Spokane,WA,0:43:54,",,,,,,,
"2,516881,Lance,PAYNE,Coeur","D'alene,ID,0:44:48,",,,,,,
"3,403478,Scott,LONG,Spirit","Lake,ID,0:46:40,",,,,,,
"4,0,Richard,YOUNGBLOOD,,,0:48:52,",,,,,,,
"5,517025,Jaime,BORREGO,Helena,MT,0:51:49,",,,,,,,
"6,209155,Mark,SIPE,Post","Falls,ID,0:45:13,",,,,,,
"7,471780,Scott,ALLEN,Otis","Orchards,WA,0:45:43,",,,,,,
"8,0,Chris,BLACK,,,0:46:11,",,,,,,,
"9,457267,Mark,STRIPES,Ellensburg,WA,0:47:32,",,,,,,,
"10,456264,Bleck,BRADLEY,Spokane,WA,0:48:52,",,,,,,,
"11,517974,David,BARTH,Sandpoint,ID,0:49:44,",,,,,,,
09/10/2016,Cyclo-cross,Men,SAT-CX,M,Cat,4.0,
"Place,License",,,,,,,
"1,361840,Jesus,SALAZAR,Helena,MT,0:43:54,Montana",Velo,,,,,,
"2,175629,Eli,WILKINSON,Missoula,MT,0:48:27,",,,,,,,
"3,517363,Kurt,HUBBART,East","Wenatchee,WA,0:48:47,",,,,,,
"4,439005,William,ORR,Coeur",D,"Alene,ID,0:49:19,CycleMetrix",,,,,
"5,102339,Thomas,LEACH,Spokane","Valley,WA,0:51:20,",,,,,,
09/10/2016,Cyclo-cross,Men,SAT-CX,M,60+,,
"Place,License",,,,,,,
"1,2898,Donald,BAUDER,Bigfork,MT,0:46:55,",,,,,,,
"2,203491,Steve,MILLER,Bullhead,AZ,0:49:10,",,,,,,,
"3,283601,Frank,BENISH,Nine",Mile,"Falls,WA,0:49:14,",,,,,
"4,360201,Hank,GREER,Spokane,WA,0:52:34,double",check,,,,,,
"5,296541,Dennis,RATCLIFF,Post","Falls,ID,0:54:38,Baddland",Cycling,,,,,
"6,349260,Larry,PLATTS,Helena,MT,0:54:54,",,,,,,,
09/10/2016,Cyclo-cross,Men,SAT-CX,M,50+,,
"Place,License",,,,,,,
"1,27941,Alan,PETRIE,Liberty","Lake,WA,0:44:31,Hedonspeed",,,,,,
"2,92085,Tom,LAMPHIER,Coeur",D,"Alene,ID,0:44:32,Two",Wheeler,Dealer,,,
"3,79761,Patrick,KAUTZMAN,Cheney,WA,0:46:06,",,,,,,,
"4,377981,Jerry,HITCHCOCK,Post","Falls,ID,0:47:00,",,,,,,
"5,38091,Eddie,WHITTEMORE,Hayden","Lake,ID,0:48:42,",,,,,,
"6,206987,Charles,MORTENSEN,Sandpoint,ID,0:49:14,Team",Autism,24/7,,,,,
"7,242826,John,OSTERBACK,Spokane,WA,0:49:22,",,,,,,,
"8,209155,Mark,SIPE,Post","Falls,ID,0:44:43,",,,,,,
"DNF,311619,Dale,WENTWORTH,Ephrata,WA,,",,,,,,,
09/10/2016,Cyclo-cross,Men,SAT-CX,M,40+,,
"Place,License",,,,,,,
"1,202427,Jerry,LONG,Moscow,ID,0:43:33,Vertical",Earth,,,,,,
"2,388148,Tom,RYSE,Spokane,WA,0:43:39,Emde",Sports,,,,,,
"3,361517,Andrew,WILCOX,Missoula,MT,0:44:20,Team",Stampede,,,,,,
"4,80194,Brian,FULLER,Coeur",D,"Alene,ID,0:44:57,",,,,,
"5,101307,Matthew,LARSEN,Spokane,WA,0:45:49,",,,,,,,
"6,230335,Christopher,Wherity,Florence,OR,0:47:21,",,,,,,,
"7,102339,Thomas,LEACH,Spokane","Valley,WA,0:49:52,",,,,,,
"8,517363,Kurt,HUBBART,East","Wenatchee,WA,0:51:08,",,,,,,
"9,0,Steve,JONES,,,0:47:21,",,,,,,,
09/10/2016,Cyclo-cross,Men,CX,U18,BOYS,,
"Place,License",,,,,,,
"1,416328,Jacob,RYSE,Spokane,WA,0:15:55,",,,,,,,
"2,518049,Diego,ESTUAR,Spokane,WA,0:16:50,",,,,,,,
"3,0,thomas,ESTUAR,,,0:19:03,",,,,,,,
09/10/2016,Cyclo-cross,Men,CX,M,Pro1/2,,
"Place,License",,,,,,,
"1,380657,Alec,PASQUALINA,Alamo,CA,0:55:19,",,,,,,,
"2,249909,Gabriel,VARELA,Coeur",D',"Alene,ID,0:55:19,",,,,,
"3,488272,Allan,SCHROEDER,Boise,ID,0:57:02,",,,,,,,
"4,298129,David,CRESAP,Missoula,MT,0:57:02,Missoula",Bike,Source,Racing,,,,
"5,48283,Geoffrey,PROCTOR,Helena,MT,0:57:50,",,,,,,,
"6,102725,C","Dave,HARTMAN,Missoula,MT,0:58:38,",,,,,,
"7,259043,John,SHALEKBRISKI,Spokane,WA,0:59:51,",,,,,,,
"DNF,260091,David,HOLDEN,Mead,WA,,Team",Novo,Nordisk,,,,,
09/10/2016,Cyclo-cross,Men,CX,M,CAT,3.0,
"Place,License",,,,,,,
"1,228076,John,KERCHER,Spokane,WA,0:57:27,",,,,,,,
"2,402580,Daniel,SHAW,Coeur",D,"Alene,ID,0:57:47,",,,,,
"3,336476,Dylan,POLLARD,Moscow,ID,0:57:50,",,,,,,,
"4,355158,Andrew,FRANK,Helena,MT,0:58:12,Montana",Velo,,,,,,
"5,404681,Christopher,HOGAN,Spokane,WA,0:58:26,",,,,,,,
"6,417214,Nick,SILVERMAN,Missoula,MT,0:58:37,",,,,,,,
"7,454449,Austin,GILBERT,Missoula,MT,1:00:35,",,,,,,,
"8,61814,Patrick,ONEIL,Spokane,WA,1:05:06,",,,,,,,
"9,166565,Jason,MESHBERG,Lyons,IL,0:57:59,Team",Autism,24/7,,,,,
"10,368185,Matt,CUSACK,Spokane,WA,1:00:26,Bandit",Elite,Racing,,,,,
09/10/2016,Cyclo-cross,Men,CX,14&U,BOYS,,
"Place,License",,,,,,,
"1,517829,Ivan,GALLEGO,Missoula,MT,0:15:10,",,,,,,,
"2,518052,Hugh,CLARKE,Spokane,WA,0:17:02,",,,,,,,
"3,416540,Kieran,LONG,Moscow,ID,0:17:37,",,,,,,,
"4,514751,Alexander,POPESCU,Spokane,WA,0:21:35,",,,,,,,
"5,443194,Kelton,LONG,Moscow,ID,0:24:56,Palouse",Bicycle,Racing,,,,,
"6,0,Alex,JONES,,,0:15:11,",,,,,,,
"7,0,Sidney,MESHBERG,,,0:16:01,",,,,,,,
09/10/2016,Cyclo-cross,Women,SAT-CX,F,Single,,
"Place,License",,,,,,,
"1,415568,Liz,DENTLER,Spokane,WA,0:46:09,",,,,,,,
09/10/2016,Cyclo-cross,Women,SAT-CX,F,CAT123,,
"Place,License",,,,,,,
"1,327836,Ingrid,LOVITT,Missoula,MT,0:38:47,",,,,,,,
"2,455546,Alicia,LEGGETT,Missoula,MT,0:40:03,University",of,Montana,,,,,
"3,402558,Joy,ADAMS,Mccall,ID,0:40:23,",,,,,,,
"4,361652,Alisa,WADE,Missoula,MT,0:41:43,Missoula",Bike,Source,Racing,,,,
09/10/2016,Cyclo-cross,Women,SAT-CX,F,Cat,4.0,
"Place,License",,,,,,,
"1,425198,Francine,Hoch,Kellogg,ID,0:42:37,CycleMetrix",,,,,,,
"2,0,Andrea,YOUNGBLOOD,,,0:43:39,",,,,,,,
"3,0,Ziegler,DIXIE,,,0:44:37,",,,,,,,
"4,0,Kara,HOLDEN,,,0:44:38,",,,,,,,
"5,417463,Sierra,Kozak,Dalton","Gardens,ID,0:45:28,CycleMetrix",,,,,,
"6,402842,Deborah,LONG,Spirit","Lake,ID,0:45:32,",,,,,,
09/10/2016,Cyclo-cross,Women,SAT-CX,F,40+,,
"Place,License",,,,,,,
"1,361652,Alisa,WADE,Missoula,MT,0:47:35,Missoula",Bike,Source,Racing,,,,
"2,289339,Molly,OBETZ,Coeur",D,"Alene,ID,0:48:08,",,,,,
"3,228151,Renee,COMPTON,Spokane,WA,0:50:47,Zuster",Cycling,,,,,,
"4,95478,Sarah,HALVORSON,Missoula,MT,0:53:01,",,,,,,,
"5,0,Ziegler,DIXIE,,,0:53:39,",,,,,,,
"6,323424,Lynn,STRYKER,Spokane,WA,0:54:30,Zuster",Cycling,,,,,,
09/10/2016,Cyclo-cross,Women,CX,U18,GIRLS,,
"Place,License",,,,,,,
"1,417863,Kestrelle,Kozak,Coeur",D,"Alene,ID,0:29:27,CycleMetrix",,,,,
09/10/2016,Cyclo-cross,Women,CX,14&U,GIRL,,
"Place,License",,,,,,,
"1,0,Desa,DOHERTY,,,0:20:26,",,,,,,,
