col0,col1,col2,col3,col4,col5,col6,col7,col8,col9,col10,col11,col12,col13,col14,col15,col16,col17,col18,col19,col20,col21,col22,col23,col24,col25,col26,col27
True,,,,,9,,e,,if the mushroom has the following properties (simultaneously) <ul><li>mushroom <i>does not have odour</i>&nbsp;<b>and</b> </li><li>mushroom can be sniffed <i>easilysp;</li></ul>then the mushroom is edible<b></b>,,,,,,,if the mushroom has the following properties (simultaneously) <ul><li>mushroom <i>does not have odour</i>&nbsp;<b>and</b> </li><li>population is <i>scattered</i>&nbsp;</li></ul>then the mushroom is edible<b></b>,,,,,,,TEST,rule_2_strong_preference,Rule 1 contains attributes obviously mutually exclusive: conditions no odour and easy to sniff are contradictory. ,,
True,,,,,10,,p,,"if the mushroom has the following properties (simultaneously) <ul><li>veil color is <i>brown</i>&nbsp;<b>and</b> </li><li>spore print color is <i>white</i>&nbsp;</li><li>cap-color is <i>violet</i>
<li>mushroom surface color is <i>red</i>&nbsp;</li>
</ul>then the mushroom is poisonous<b></b>",,,,,,,if the mushroom has the following properties (simultaneously) <ul><li>gills are <i>free</i>&nbsp;<b>and</b> </li><li>mushroom has <i>one ring</i>&nbsp;<b>and</b> </li><li>mushroom <i>does not have bruises</i>&nbsp;<b>and</b> </li><li>spore print color is <i>white</i>&nbsp;</li></ul>then the mushroom is poisonous<b></b>,,,,,,,TEST,rule_2_strong_preference,"Rule 1 contains attributes obviously mutually exclusive: if mushroom is all red, its parts cannot be of different colour.",,
True,,,,,11,,p,,if the mushroom has the following properties (simultaneously) <ul><li>veil color is <i>white</i>&nbsp;<b>and</b> </li><li>gill spacing is <i>close</i>&nbsp;<b>and</b> </li><li>mushroom <i>does not have bruises</i>&nbsp;<b>and</b> </li><li>mushroom has one ring</i>&nbsp;<b>and</b> </li><li>all three mushroom rings are <i>red</i>&nbsp;</li></ul>then the mushroom is poisonous<b></b>,,,,,,,if the mushroom has the following properties (simultaneously) <ul><li>veil color is <i>white</i>&nbsp;<b>and</b> </li><li>gill spacing is <i>close</i>&nbsp;<b>and</b> </li><li>mushroom <i>does not have bruises</i>&nbsp;<b>and</b> </li><li>mushroom has one ring</i>&nbsp;<b>and</b> </li><li>odour is <i>foul</i>&nbsp;</li></ul>then the mushroom is poisonous<b></b>,,,,,,,TEST,rule_2_strong_preference,Rule 1 contains conditions obviously mutually exclusive: conditions three rings and one ring are contradictory.,,
True,,,,,12,,p,,if the mushroom has the following properties (simultaneously) <ul><li>spore print color is <i>white</i>&nbsp;<b>and</b> </li><li>mushroom has <i>one ring</i>&nbsp;<b>and</b> </li><li>mushroom <i>does not have bruises</i>&nbsp;<b>and</b> </li><li>area covered by bruises is <i>large</i>&nbsp;</li></ul>then the mushroom is poisonous<b></b>,,,,,,,if the mushroom has the following properties (simultaneously) <ul><li>spore print color is <i>white</i>&nbsp;<b>and</b> </li><li>mushroom has <i>one ring</i>&nbsp;<b>and</b> </li><li>mushroom <i>does not have bruises</i>&nbsp;<b>and</b> </li><li>gills are <i>free</i>&nbsp;</li></ul>then the mushroom is poisonous<b></b>,,,,,,,TEST,rule_2_strong_preference,Rule 1 contains conditions obviously mutually exclusive: conditions no bruises and large area covered by bruises are contradictory.,,
True,,,,,13,,e,,if the mushroom has the following properties (simultaneously) <ul><li>population is <i>scattered</i>&nbsp;<b>and</b> </li><li>mushroom <i>does not have odour</i>&nbsp;</li></ul>then the mushroom is edible<b></b>,,,,,,,if the mushroom has the following properties (simultaneously) <ul><li>population is <i>concentrated</i>&nbsp;<b>and</b> </li><li>population <i>is scattered</i>&nbsp;</li></ul>then the mushroom is edible<b></b>,,,,,,,TEST,rule_1_strong_preference,Rule 2 contains conditions obviously mutually exclusive: conditions scattered and concentrated population are contradictory.,,
True,,,,,14,,e,,if the mushroom has the following properties (simultaneously) <ul><li>gill size is <i>broad</i>&nbsp;<b>and</b> </li><li>mushroom <i>does not have odour</i>&nbsp;<b>and</b> </li><li>cap shape is <i>convex</i>&nbsp;</li></ul>then the mushroom is edible<b></b>,,,,,,,if the mushroom has the following properties (simultaneously) <ul><li>gill size is <i>broad</i>&nbsp;<b>and</b> </li><li>mushroom <i>does not have odour</i>&nbsp;<b>and</b> </li><li>gill size is <i>narrow</i>&nbsp;</li></ul>then the mushroom is edible<b></b>,,,,,,,TEST,rule_1_strong_preference,Rule 2 contains conditions obviously mutually exclusive: conditions broad and narrow gill size are contradictory.,,
True,,,,,15,,p,,if the mushroom has the following properties (simultaneously) <ul><li>spore print color is <i>white</i>&nbsp;<b>and</b> </li><li>spore print color is <i>red</i>&nbsp;</li></ul>then the mushroom is poisonous<b></b>,,,,,,,if the mushroom has the following properties (simultaneously) <ul><li>spore print color is <i>white</i>&nbsp;<b>and</b> </li><li>stalk color below ring is <i>white</i>&nbsp;</li></ul>then the mushroom is poisonous<b></b>,,,,,,,TEST,rule_2_strong_preference,Rule 1 contains conditions obviously mutually exclusive: conditions red spore print color and white spore print color are contradictory.,,
True,,,,,16,,e,,if the mushroom has the following properties (simultaneously) <ul><li>stalk surface above ring is <i>smooth</i>&nbsp;<b>and</b> </li><li>ring type is <i>pendant</i>&nbsp;<b>and</b> </li><li>stalk shape is <i>tapering</i>&nbsp;<b>and</b> </li><li>habitat is <i>woods</i>&nbsp;</li></ul>then the mushroom is edible<b></b>,,,,,,,if the mushroom has the following properties (simultaneously) <ul><li>habitat is <i>grass</i>&nbsp;</li><li>habitat is <i>woods</i>&nbsp;</li></ul>then the mushroom is edible<b></b>,,,,,,,TEST,rule_1_strong_preference,Rule 2 contains conditions obviously mutually exclusive: conditions grass and woods habitat are contradictory.,,
