col0,col1,col2,col3,col4,col5,col6,col7,col8,col9,col10,col11,col12,col13,col14,col15,col16,col17,col18,col19,col20,col21,col22,col23,col24,col25,col26,col27,col28,col29,col30,col31
C,A,-0.00381467,-0.0059,0.510091,0.548708,False,False,False,ebi-a-GCST002245,3,132650822,0.0154,54162,0.7025,Alzheimer's disease (late onset),True,0.000670341,459742,132650822,3,1.29999e-08,ukb-b-9667,Illness, injury, bereavement, stress in last 2 years: Financial difficulties || id:ukb-b-9667,True,reported,igd,2,True
G,A,0.00396675,0.0121,0.641749,0.628231,False,False,False,ebi-a-GCST002245,16,10328558,0.0162,54162,0.4544,Alzheimer's disease (late onset),True,0.000701491,459742,10328558,16,1.6e-08,ukb-b-9667,Illness, injury, bereavement, stress in last 2 years: Financial difficulties || id:ukb-b-9667,True,reported,igd,2,True
C,A,-0.00425392,0.035,0.254996,0.255467,False,False,False,ebi-a-GCST002245,16,31105554,0.0208,54162,0.09237,Alzheimer's disease (late onset),True,0.000764775,459742,31105554,16,2.69998e-08,ukb-b-9667,Illness, injury, bereavement, stress in last 2 years: Financial difficulties || id:ukb-b-9667,True,reported,igd,2,True
T,G,-0.00365569,-0.016,0.521628,0.530815,False,False,False,ebi-a-GCST002245,14,47261533,0.0159,54162,0.3133,Alzheimer's disease (late onset),True,0.00066936,459742,47261533,14,4.70002e-08,ukb-b-9667,Illness, injury, bereavement, stress in last 2 years: Financial difficulties || id:ukb-b-9667,True,reported,igd,2,True
G,C,0.00443172,0.0008,0.620148,0.611332,False,True,False,ebi-a-GCST002245,2,60471409,0.0159,54162,0.9604,Alzheimer's disease (late onset),True,0.000690889,459742,60471409,2,1.40001e-10,ukb-b-9667,Illness, injury, bereavement, stress in last 2 years: Financial difficulties || id:ukb-b-9667,True,reported,igd,2,True
C,G,0.00395006,0.0018,0.419093,0.393638,False,True,False,ebi-a-GCST002245,14,104229230,0.0158,54162,0.9079,Alzheimer's disease (late onset),True,0.000679209,459742,104229230,14,5.99998e-09,ukb-b-9667,Illness, injury, bereavement, stress in last 2 years: Financial difficulties || id:ukb-b-9667,True,reported,igd,2,True
T,C,0.00476945,0.0337,0.18664,0.187873,False,False,False,ebi-a-GCST002245,15,91552003,0.0196,54162,0.08514,Alzheimer's disease (late onset),True,0.000859212,459742,91552003,15,2.80001e-08,ukb-b-9667,Illness, injury, bereavement, stress in last 2 years: Financial difficulties || id:ukb-b-9667,True,reported,igd,2,True
A,G,0.013512,0.1536,0.021055,0.0188867,False,False,False,ebi-a-GCST002245,1,37227219,0.1032,54162,0.1368,Alzheimer's disease (late onset),True,0.002323,459742,37227219,1,5.99998e-09,ukb-b-9667,Illness, injury, bereavement, stress in last 2 years: Financial difficulties || id:ukb-b-9667,True,reported,igd,2,True
T,C,-0.00528998,0.0007,0.152332,0.158052,False,False,False,ebi-a-GCST002245,7,39308367,0.0215,54162,0.9737,Alzheimer's disease (late onset),True,0.0009303,459742,39308367,7,1.29999e-08,ukb-b-9667,Illness, injury, bereavement, stress in last 2 years: Financial difficulties || id:ukb-b-9667,True,reported,igd,2,True
C,G,0.00551161,-0.0116,0.855893,0.864811,False,True,False,ebi-a-GCST002245,18,53349931,0.0221,54162,0.6005,Alzheimer's disease (late onset),True,0.000952269,459742,53349931,18,7.10003e-09,ukb-b-9667,Illness, injury, bereavement, stress in last 2 years: Financial difficulties || id:ukb-b-9667,True,reported,igd,2,True
