col0,col1,col2,col3,col4
3,1,4,objects\Env\07_ucc\ucc_logo01.dds,ui\ucc\icon\ucc_logo01.dds
4,2,4,objects\Env\07_ucc\ucc_logo02.dds,ui\ucc\icon\ucc_logo02.dds
5,3,4,objects\Env\07_ucc\ucc_logo03.dds,ui\ucc\icon\ucc_logo03.dds
6,4,4,objects\Env\07_ucc\ucc_logo04.dds,ui\ucc\icon\ucc_logo04.dds
7,5,4,objects\Env\07_ucc\ucc_logo05.dds,ui\ucc\icon\ucc_logo05.dds
8,1,3,objects\Env\07_ucc\ucc_pattern01.dds,ui\ucc\icon\ucc_pattern01.dds
9,2,3,objects\Env\07_ucc\ucc_pattern02.dds,ui\ucc\icon\ucc_pattern02.dds
10,3,3,objects\Env\07_ucc\ucc_pattern03.dds,ui\ucc\icon\ucc_pattern03.dds
11,4,3,objects\Env\07_ucc\ucc_pattern04.dds,ui\ucc\icon\ucc_pattern04.dds
12,5,3,objects\Env\07_ucc\ucc_pattern05.dds,ui\ucc\icon\ucc_pattern05.dds
13,6,3,objects\Env\07_ucc\ucc_pattern06.dds,ui\ucc\icon\ucc_pattern06.dds
14,7,3,objects\Env\07_ucc\ucc_pattern07.dds,ui\ucc\icon\ucc_pattern07.dds
15,8,3,objects\Env\07_ucc\ucc_pattern08.dds,ui\ucc\icon\ucc_pattern08.dds
16,9,3,objects\Env\07_ucc\ucc_pattern09.dds,ui\ucc\icon\ucc_pattern09.dds
18,11,3,objects\Env\07_ucc\ucc_pattern11.dds,ui\ucc\icon\ucc_pattern11.dds
19,12,3,objects\Env\07_ucc\ucc_pattern12.dds,ui\ucc\icon\ucc_pattern12.dds
20,6,4,objects\Env\07_ucc\ucc_logo06.dds,ui\ucc\icon\ucc_logo06.dds
21,7,4,objects\Env\07_ucc\ucc_logo07.dds,ui\ucc\icon\ucc_logo07.dds
22,8,4,objects\Env\07_ucc\ucc_logo08.dds,ui\ucc\icon\ucc_logo08.dds
23,9,4,objects\Env\07_ucc\ucc_logo09.dds,ui\ucc\icon\ucc_logo09.dds
24,10,4,objects\Env\07_ucc\ucc_logo10.dds,ui\ucc\icon\ucc_logo10.dds
27,13,4,objects\Env\07_ucc\ucc_logo13.dds,ui\ucc\icon\ucc_logo13.dds
28,14,4,objects\Env\07_ucc\ucc_logo14.dds,ui\ucc\icon\ucc_logo14.dds
29,15,4,objects\Env\07_ucc\ucc_logo15.dds,ui\ucc\icon\ucc_logo15.dds
30,16,4,objects\Env\07_ucc\ucc_logo16.dds,ui\ucc\icon\ucc_logo16.dds
31,17,4,objects\Env\07_ucc\ucc_logo17.dds,ui\ucc\icon\ucc_logo17.dds
32,18,4,objects\Env\07_ucc\ucc_logo18.dds,ui\ucc\icon\ucc_logo18.dds
33,19,4,objects\Env\07_ucc\ucc_logo19.dds,ui\ucc\icon\ucc_logo19.dds
34,20,4,objects\Env\07_ucc\ucc_logo20.dds,ui\ucc\icon\ucc_logo20.dds
35,21,4,objects\Env\07_ucc\ucc_logo21.dds,ui\ucc\icon\ucc_logo21.dds
36,22,4,objects\Env\07_ucc\ucc_logo22.dds,ui\ucc\icon\ucc_logo22.dds
37,23,4,objects\Env\07_ucc\ucc_logo23.dds,ui\ucc\icon\ucc_logo23.dds
38,24,4,objects\Env\07_ucc\ucc_logo24.dds,ui\ucc\icon\ucc_logo24.dds
39,25,4,objects\Env\07_ucc\ucc_logo25.dds,ui\ucc\icon\ucc_logo25.dds
40,26,4,objects\Env\07_ucc\ucc_logo26.dds,ui\ucc\icon\ucc_logo26.dds
41,27,4,objects\Env\07_ucc\ucc_logo27.dds,ui\ucc\icon\ucc_logo27.dds
42,28,4,objects\Env\07_ucc\ucc_logo28.dds,ui\ucc\icon\ucc_logo28.dds
43,29,4,objects\Env\07_ucc\ucc_logo29.dds,ui\ucc\icon\ucc_logo29.dds
44,30,4,objects\Env\07_ucc\ucc_logo30.dds,ui\ucc\icon\ucc_logo30.dds
45,31,4,objects\Env\07_ucc\ucc_logo31.dds,ui\ucc\icon\ucc_logo31.dds
46,32,4,objects\Env\07_ucc\ucc_logo32.dds,ui\ucc\icon\ucc_logo32.dds
47,33,4,objects\Env\07_ucc\ucc_logo33.dds,ui\ucc\icon\ucc_logo33.dds
48,34,4,objects\Env\07_ucc\ucc_logo34.dds,ui\ucc\icon\ucc_logo34.dds
49,35,4,objects\Env\07_ucc\ucc_logo35.dds,ui\ucc\icon\ucc_logo35.dds
50,13,2,objects\Env\07_ucc\ucc_pattern13.dds,ui\ucc\icon\ucc_pattern13.dds
51,14,3,objects\Env\07_ucc\ucc_pattern14.dds,ui\ucc\icon\ucc_pattern14.dds
52,15,2,objects\Env\07_ucc\ucc_pattern15.dds,ui\ucc\icon\ucc_pattern15.dds
53,16,3,objects\Env\07_ucc\ucc_pattern16.dds,ui\ucc\icon\ucc_pattern16.dds
54,17,2,objects\Env\07_ucc\ucc_pattern17.dds,ui\ucc\icon\ucc_pattern17.dds
55,18,3,objects\Env\07_ucc\ucc_pattern18.dds,ui\ucc\icon\ucc_pattern18.dds
56,19,3,objects\Env\07_ucc\ucc_pattern19.dds,ui\ucc\icon\ucc_pattern19.dds
57,20,3,objects\Env\07_ucc\ucc_pattern20.dds,ui\ucc\icon\ucc_pattern20.dds
58,21,2,objects\Env\07_ucc\ucc_pattern21.dds,ui\ucc\icon\ucc_pattern21.dds
59,22,2,objects\Env\07_ucc\ucc_pattern22.dds,ui\ucc\icon\ucc_pattern22.dds
60,23,3,objects\Env\07_ucc\ucc_pattern23.dds,ui\ucc\icon\ucc_pattern23.dds
61,24,2,objects\Env\07_ucc\ucc_pattern24.dds,ui\ucc\icon\ucc_pattern24.dds
62,36,4,objects\Env\07_ucc\ucc_logo36.dds,ui\ucc\icon\ucc_logo36.dds
