col0,col1,col2,col3,col4,col5,col6,col7,col8,col9,col10,col11,col12,col13,col14,col15,col16,col17,col18,col19,col20,col21,col22,col23,col24,col25,col26,col27,col28,col29,col30,col31
rs11170148,T,G,T,G,0.00354235,-0.0595,0.058184,0.0497018,False,False,False,ebi-a-GCST002245,12,52877711,0.0372,54162,0.1095,Alzheimer's disease (late onset),True,0.00051156,4.40048e-12,463010,52877711,12,ukb-b-10248,Type of cancer: ICD10: C44.3 Skin of other and unspecified parts of face || id:ukb-b-10248,True,reported,igd,2,True
rs117694039,A,G,A,G,-0.00269499,-0.0264,0.117065,0.117296,False,False,False,ebi-a-GCST002245,10,8962129,0.0247,54162,0.2843,Alzheimer's disease (late onset),True,0.000366524,1.9002e-13,463010,8962129,10,ukb-b-10248,Type of cancer: ICD10: C44.3 Skin of other and unspecified parts of face || id:ukb-b-10248,True,reported,igd,2,True
rs12070203,T,C,T,C,0.00254921,0.0344,0.245857,0.272366,False,False,False,ebi-a-GCST002245,1,228994388,0.0182,54162,0.05808,Alzheimer's disease (late onset),True,0.000273639,1.20005e-20,463010,228994388,1,ukb-b-10248,Type of cancer: ICD10: C44.3 Skin of other and unspecified parts of face || id:ukb-b-10248,True,reported,igd,2,True
rs12203592,T,C,T,C,0.00464905,-0.0097,0.219631,0.116302,False,False,False,ebi-a-GCST002245,6,396321,0.0288,54162,0.7371,Alzheimer's disease (late onset),True,0.000280489,1.10002e-61,463010,396321,6,ukb-b-10248,Type of cancer: ICD10: C44.3 Skin of other and unspecified parts of face || id:ukb-b-10248,True,reported,igd,2,True
rs16982253,C,T,C,T,-0.00243201,0.0018,0.100982,0.112326,False,False,False,ebi-a-GCST002245,2,16498408,0.0259,54162,0.9459,Alzheimer's disease (late onset),True,0.000393184,6.19998e-10,463010,16498408,2,ukb-b-10248,Type of cancer: ICD10: C44.3 Skin of other and unspecified parts of face || id:ukb-b-10248,True,reported,igd,2,True
rs1805007,T,C,T,C,0.00284268,0.0543,0.102358,0.0715706,False,False,False,ebi-a-GCST002245,16,89986117,0.0385,54162,0.1584,Alzheimer's disease (late onset),True,0.000387181,2.09991e-13,463010,89986117,16,ukb-b-10248,Type of cancer: ICD10: C44.3 Skin of other and unspecified parts of face || id:ukb-b-10248,True,reported,igd,2,True
rs214803,A,C,A,C,-0.00241541,0.0062,0.819798,0.837972,False,False,False,ebi-a-GCST002245,20,2290333,0.0202,54162,0.7589,Alzheimer's disease (late onset),True,0.000306405,3.19963e-15,463010,2290333,20,ukb-b-10248,Type of cancer: ICD10: C44.3 Skin of other and unspecified parts of face || id:ukb-b-10248,True,reported,igd,2,True
rs2849699,G,C,G,C,-0.00143879,0.0014,0.320441,0.326044,False,True,False,ebi-a-GCST002245,21,43089086,0.0176,54162,0.9377,Alzheimer's disease (late onset),True,0.000253342,1.40001e-08,463010,43089086,21,ukb-b-10248,Type of cancer: ICD10: C44.3 Skin of other and unspecified parts of face || id:ukb-b-10248,True,reported,igd,2,True
rs28707773,A,C,A,C,0.00213854,0.1184,0.166705,0.139165,False,False,False,ebi-a-GCST002245,6,32572278,0.0295,54162,5.878e-05,Alzheimer's disease (late onset),True,0.000344215,5.19996e-10,463010,32572278,6,ukb-b-10248,Type of cancer: ICD10: C44.3 Skin of other and unspecified parts of face || id:ukb-b-10248,True,reported,igd,2,True
rs3816659,G,A,G,A,0.00152863,-0.0363,0.581783,0.585487,False,False,False,ebi-a-GCST002245,5,1317820,0.0157,54162,0.02128,Alzheimer's disease (late onset),True,0.000239029,1.6e-10,463010,1317820,5,ukb-b-10248,Type of cancer: ICD10: C44.3 Skin of other and unspecified parts of face || id:ukb-b-10248,True,reported,igd,2,True
rs6059655,G,A,G,A,-0.00335213,0.0355,0.896956,0.9582505,False,False,False,ebi-a-GCST002245,20,32665748,0.0297,54162,0.2305,Alzheimer's disease (late onset),True,0.000394793,2.09991e-17,463010,32665748,20,ukb-b-10248,Type of cancer: ICD10: C44.3 Skin of other and unspecified parts of face || id:ukb-b-10248,True,reported,igd,2,True
rs6719014,C,T,C,T,-0.00175224,-0.0045,0.730512,0.7167,False,False,False,ebi-a-GCST002245,2,202176024,0.0172,54162,0.7943,Alzheimer's disease (late onset),True,0.000266502,4.90004e-11,463010,202176024,2,ukb-b-10248,Type of cancer: ICD10: C44.3 Skin of other and unspecified parts of face || id:ukb-b-10248,True,reported,igd,2,True
rs72963135,A,C,A,C,0.00168683,0.0052,0.286038,0.241551,False,False,False,ebi-a-GCST002245,11,88921572,0.0179,54162,0.7705,Alzheimer's disease (late onset),True,0.000262115,1.2e-10,463010,88921572,11,ukb-b-10248,Type of cancer: ICD10: C44.3 Skin of other and unspecified parts of face || id:ukb-b-10248,True,reported,igd,2,True
rs7528427,T,C,T,C,0.00219466,0.0239,0.362061,0.352883,False,False,False,ebi-a-GCST002245,1,17746273,0.0164,54162,0.1457,Alzheimer's disease (late onset),True,0.000245321,3.69999e-19,463010,17746273,1,ukb-b-10248,Type of cancer: ICD10: C44.3 Skin of other and unspecified parts of face || id:ukb-b-10248,True,reported,igd,2,True
rs7632921,T,G,T,G,0.00188357,0.0105,0.429497,0.436382,False,False,False,ebi-a-GCST002245,3,71543758,0.0155,54162,0.5005,Alzheimer's disease (late onset),True,0.000238464,2.80027e-15,463010,71543758,3,ukb-b-10248,Type of cancer: ICD10: C44.3 Skin of other and unspecified parts of face || id:ukb-b-10248,True,reported,igd,2,True
rs78227582,T,G,T,G,-0.00170846,0.0412,0.248495,0.220676,False,False,False,ebi-a-GCST002245,7,101393723,0.0183,54162,0.0244,Alzheimer's disease (late onset),True,0.000274238,4.70002e-10,463010,101393723,7,ukb-b-10248,Type of cancer: ICD10: C44.3 Skin of other and unspecified parts of face || id:ukb-b-10248,True,reported,igd,2,True
