col0,col1,col2,col3,col4,col5
id,Training Evaluation,1. How much information from the training you attended do you still remember?,1. Seberapa banyak informasi dari pelatihan tersebut yang Anda hadiri yang masih Anda ingat?,"['0%', '20%', '60%', '80%', '100%']",
id,Training Evaluation,2. I would recommend this training to my colleagues,2. Saya akan merekomendasikan pelatihan ini kepada kolega saya.,"['sangat setuju', 'setuju', 'tidak setuju', 'sangat tidak setuju']",
id,Training Evaluation,3. I shared the information received during the training with your colleagues,3. Saya membagikan informasi yang didapat dari pelatihan tersebut kepada para kolega saya.,"['tidak sama sekali', 'sebagian', 'sebagian besar', 'seluruhnya']",
id,Training Evaluation,4. Do you do anything differently in your daily work as a result of this training?,"4. Apakah setelah pelatihan yang diikuti, Anda melaksanakan perubahan dalam pekerjaan Anda sehari-hari?","['tidak ada perubahan', 'sedikit perubahan', 'perubahan yang signifikan']",
id,Training Evaluation,Please provide example (in English or in your own language),Mohon berikan contoh (dalam Bahasa Inggris atau Bahasa Indonesia).,,
id,Training Evaluation,"5. If there were no or little change in your daily practice because of the training, why is that?","5. Apabila tidak terdapat perubahan dalam praktek sehari-hari Anda di tempat kerja walaupun sudah mengikuti pelatihan, mohon diberikan penjelasan.",,
id,Training Evaluation,6. Did you see any change in your unit / department / organization as a result of this training?,6. Apakah Anda melihat perubahan dalam unit / departemen / organisasi Anda setelah mengikuti pelatihan?,"['tidak ada perubahan', 'sedikit perubahan', 'perubahan yang signifikan']",
id,Training Evaluation,"7. If there were no or little change in your unit / department / organization, because of the training why is that?","7. Apabila tidak terdapat perubahan ataupun hanya sedikit perubahan di unit / departemen / organisasi, walaupun sudah mengikuti pelatihan, mohon diberikan penjelasan.",,
id,Training Evaluation,8. Would you be willing to be contacted again for further information?,8. Bersediakah Anda dihubungi lagi untuk informasi lebih lanjut?,"['ya', 'tidak']",
