col0,col1,col2,col3,col4,col5,col6,col7,col8,col9,col10,col11,col12,col13,col14,col15
1,9113e66b-43fb-4eec-b9d1-84cb9750bccc,en-US,Blue Bracelet,"Blue,Bracelet,Sample,Demo",Sample Blue Bracelet for Demonstration,Sample Blue Bracelet,,An incredible blue bracelet sample product. This item is not actually for sale. It is a sample product to demonstrate how your store may look with products loaded,bracelett,,Blue Bracelet SAMPLE001,,<DescriptionTabs><ProductDescriptionTab><Bvin>5be4a7ac-f974-42f7-99ce-20b930de6a05</Bvin><TabTitle>Sustainability</TabTitle><HtmlData>&lt;p&gt;All of our jewelry products are recycled and made in sustainable eco-friendly environments&lt;/p&gt;</HtmlData><SortOrder>1</SortOrder></ProductDescriptionTab></DescriptionTabs>,,
2,60d3f285-689f-47f6-b93c-77386f8c6377,en-US,Brown Fedora,,,,,"Lorem ipsum dolor sit amet, consectetur adipisicing elit, sed do eiusmod tempor incididunt ut labore et dolore magna aliqua. Ut enim ad minim veniam, quis nostrud exercitation ullamco laboris nisi ut aliquip ex ea commodo consequat. Duis aute irure dolor in reprehenderit in voluptate velit esse cillum dolore eu fugiat nulla pariatur. Excepteur sint occaecat cupidatat non proident, sunt in culpa qui officia deserunt mollit anim id est laborum",,,Brown Fedora SAMPLE004,,<DescriptionTabs />,,
3,7996037a-d856-4880-a4d6-eb1833d73e10,en-US,Butterfly Earings,,,,,"Sample Butterfly Earings Lorem ipsum dolor sit amet, consectetur adipisicing elit, sed do eiusmod tempor incididunt ut labore et dolore magna aliqua. Ut enim ad minim veniam, quis nostrud exercitation ullamco laboris nisi ut aliquip ex ea commodo consequat. Duis aute irure dolor in reprehenderit in voluptate velit esse cillum dolore eu fugiat nulla pariatur. Excepteur sint occaecat cupidatat non proident, sunt in culpa qui officia deserunt mollit anim id est laborum",,,Butterfly Earning SAMPLE006,,<DescriptionTabs />,,
4,55f88d0a-89ca-4786-a4f5-feb963350d85,en-US,Cupcake Sample,"cup,cake,cupcake,valentine,small,treats,baked goods",Vanilla Cupcake with Rich Frosting,Vanilla Cupcake with Rich Frosting,,Savor this sweet treat from our famous collection of sample items. This product is not for sale and is a demonstration of how items could appear in your store,,,Cupcake Sample SAMPLE002,,<DescriptionTabs />,,
5,2ef85ff8-c706-433f-9cf9-64d937bcd438,en-US,Laptop Computer Sample,,,Laptop Sample,,This is a sample laptop computer. It is not for sale and is a demonstration of what products could look like in your store,,,Laptop Computer Sample SAMPLE005,,<DescriptionTabs />,,
6,ea6e4488-4ebd-4075-a579-d2c8a208e627,en-US,Purple Top,,,Purple Top,,"This sample purple top is made of 100% cotton and is made in the USA. Durable and easy to clean, this versatile top will be one of the best sample items not available for purchase you've ever seen!",,,Purple Top SAMPLE003,,<DescriptionTabs />,,
