col0,col1,col2,col3,col4,col5,col6,col7,col8,col9,col10,col11,col12,col13
186660,4,★★★★★,3000,100,Shield Fairy,20.0,60.0,80.0,0.0,0.0,Fervor,10,Locked
186663,15,★★★★★,3000,100,Command Fairy,36.0,0.0,32.0,8.0,36.0,Damage II,1,Locked
190666,2,★★★★★,3000,100,Fury Fairy,15.0,0.0,40.0,10.0,40.0,Fervor,8,Locked
192091,10,★★,400,35,Reinforcement Fairy,4.0,0.0,27.0,4.0,5.0,Fervor,1,Locked
194306,5,★,300,5,Defense Fairy,4.4,0.0,15.2,4.0,0.0,Accuracy II,1,Locked
195734,3,★★★★★,3000,100,Armor Fairy,22.0,0.0,0.0,25.0,22.0,Damage I,5,Locked
198473,6,★★★★★,3000,100,Taunt Fairy,18.0,58.0,28.0,8.0,25.0,Damage II,10,Locked
234263,17,★★★★★,3000,100,Illumination Fairy,0.0,90.0,32.0,8.0,38.0,Damage II,10,Locked
234942,9,★★★★,3000,99,Airstrike Fairy,24.0,40.0,32.0,8.0,0.0,Damage II,10,Locked
236429,1,★★★★★,3000,100,Warrior Fairy,25.0,80.0,40.0,10.0,0.0,Fervor,10,Locked
240144,8,★★★★★,3000,100,Artillery Fairy,55.0,0.0,56.0,6.0,0.0,Fervor,2,Locked
241245,20,★,40,50,Fireworks Fairy,8.4,19.2,8.4,2.0,0.0,Armor I,4,Locked
245639,25,★★★★★,3000,100,Twin Fairies,18.0,60.0,48.0,12.0,0.0,Aim,10,Locked
261449,24,★★★,1350,40,Barrier Fairy,0.0,30.6,13.2,9.6,0.0,Evasion I,1,Locked
263497,1005,★,0,1,Sehra & Nina,2.8,8.0,10.0,0.0,4.0,Keen,1,Locked
268107,1006,★★★,300,40,Preiya & Camilia,9.6,21.0,4.2,4.2,9.6,Accuracy I,1,Locked
307637,1004,★★★,200,40,Suee,0.0,0.0,29.4,7.8,12.6,Charge,10,Locked
356618,21,★★★,200,1,Zodiac Fairy,3.2,0.0,2.8,2.8,3.2,Chinese New Year,1,Locked
380835,11,★,0,100,Parachute Fairy,14.4,0.0,12.8,3.2,16.0,Aim,10,Locked
381773,23,★,0,47,Combo Fairy,9.2,26.0,0.0,0.0,4.4,Damage I,9,Locked
381969,14,★★,400,40,Construction Fairy,6.0,19.0,15.5,4.0,8.0,Armor I,10,Locked
382839,23,★,0,1,Combo Fairy,6.4,18.8,0.0,0.0,3.2,Keen,1,
382840,12,★★,300,20,Landmine Fairy,8.5,14.5,28.0,0.0,0.0,Accuracy I,6,Locked
392841,17,★,0,1,Illumination Fairy,0.0,20.0,7.2,1.6,8.4,Sturdy,1,
396016,4,★,0,1,Shield Fairy,4.0,12.0,16.0,0.0,0.0,Sturdy,1,
397223,1,★,0,1,Warrior Fairy,4.8,16.0,8.0,2.0,0.0,Sturdy,1,
400018,25,★★★★★,3000,100,Twin Fairies,18.0,60.0,48.0,12.0,0.0,Damage II,7,Locked
408130,4,★,0,1,Shield Fairy,4.0,12.0,16.0,0.0,0.0,Sturdy,1,
418721,1,★,0,1,Warrior Fairy,4.8,16.0,8.0,2.0,0.0,Sturdy,1,
423255,1,★,0,1,Warrior Fairy,4.8,16.0,8.0,2.0,0.0,Sturdy,1,
446766,22,★,0,5,Beach Fairy,3.6,0.0,4.8,0.0,3.6,Cool,1,Locked
446767,22,★★★★★,550,100,Beach Fairy,32.0,0.0,40.0,0.0,32.0,Fervor,10,Locked
451804,11,★,0,5,Parachute Fairy,6.0,0.0,5.6,1.6,6.8,Damage II,10,Locked
451807,23,★,0,1,Combo Fairy,6.4,18.8,0.0,0.0,3.2,Evasion I,1,
452240,23,★,0,1,Combo Fairy,6.4,18.8,0.0,0.0,3.2,Armor I,1,
455692,13,★,0,5,Rocket Fairy,0.0,10.4,0.0,5.6,8.4,Fervor,1,Locked
456221,11,★,0,70,Parachute Fairy,11.6,0.0,10.4,2.8,13.2,Fervor,10,Locked
456222,11,★,0,70,Parachute Fairy,11.6,0.0,10.4,2.8,13.2,Damage II,10,Locked
457206,11,★,0,5,Parachute Fairy,6.0,0.0,5.6,1.6,6.8,Damage I,1,Locked
457207,11,★,0,5,Parachute Fairy,6.0,0.0,5.6,1.6,6.8,Armor II,1,Locked
458621,7,★★★,1100,70,Sniper Fairy,0.0,45.0,14.4,7.8,18.6,Fervor,1,Locked
458965,16,★,0,1,Rescue Fairy,7.6,20.0,16.0,0.0,0.0,Sturdy,1,
460963,7,★,0,1,Sniper Fairy,0.0,17.6,5.6,3.2,7.2,Sturdy,1,
466239,24,★,0,1,Barrier Fairy,0.0,14.8,6.4,4.4,0.0,Aim,1,
469276,6,★★★★★,3000,100,Taunt Fairy,18.0,58.0,28.0,8.0,25.0,Fervor,10,Locked
475493,24,★,0,1,Barrier Fairy,0.0,14.8,6.4,4.4,0.0,Aim,1,
475930,24,★,0,1,Barrier Fairy,0.0,14.8,6.4,4.4,0.0,Charge,1,
476306,24,★,0,1,Barrier Fairy,0.0,14.8,6.4,4.4,0.0,Charge,1,
494639,16,★,0,1,Rescue Fairy,7.6,20.0,16.0,0.0,0.0,Fervor,1,
499759,24,★,0,1,Barrier Fairy,0.0,14.8,6.4,4.4,0.0,Aim,1,
501018,24,★,0,1,Barrier Fairy,0.0,14.8,6.4,4.4,0.0,Armor II,1,
540172,24,★,0,1,Barrier Fairy,0.0,14.8,6.4,4.4,0.0,Armor I,1,
540323,25,★,0,1,Twin Fairies,3.2,11.2,8.8,2.4,0.0,Sturdy,1,
540349,2,★,0,1,Fury Fairy,2.8,0.0,8.0,2.0,8.0,Sturdy,1,
542288,24,★,0,1,Barrier Fairy,0.0,14.8,6.4,4.4,0.0,Keen,1,
542290,2,★,0,1,Fury Fairy,2.8,0.0,8.0,2.0,8.0,Sturdy,1,
542662,24,★,0,1,Barrier Fairy,0.0,14.8,6.4,4.4,0.0,Sturdy,1,
542666,25,★,0,1,Twin Fairies,3.2,11.2,8.8,2.4,0.0,Fervor,1,
544292,24,★,0,1,Barrier Fairy,0.0,14.8,6.4,4.4,0.0,Charge,1,
544750,25,★,0,1,Twin Fairies,3.2,11.2,8.8,2.4,0.0,Charge,1,
545068,24,★,0,1,Barrier Fairy,0.0,14.8,6.4,4.4,0.0,Aim,1,
546074,15,★,0,1,Command Fairy,8.0,0.0,7.6,2.0,8.4,Fervor,1,
546956,24,★,0,1,Barrier Fairy,0.0,14.8,6.4,4.4,0.0,Armor I,1,
551823,3,★,0,1,Armor Fairy,4.4,0.0,0.0,5.2,4.4,Accuracy I,1,
552011,3,★,0,1,Armor Fairy,4.4,0.0,0.0,5.2,4.4,Fervor,1,
552806,7,★,0,1,Sniper Fairy,0.0,17.6,5.6,3.2,7.2,Sturdy,1,
553531,9,★,0,1,Airstrike Fairy,4.8,8.0,6.4,1.6,0.0,Critical II,1,
553623,15,★,0,1,Command Fairy,8.0,0.0,7.6,2.0,8.4,Fervor,1,
553773,8,★,0,1,Artillery Fairy,10.8,0.0,11.2,1.2,0.0,Accuracy I,1,
553774,16,★,0,1,Rescue Fairy,7.6,20.0,16.0,0.0,0.0,Armor II,1,
553906,15,★,0,1,Command Fairy,8.0,0.0,7.6,2.0,8.4,Damage I,1,
554115,24,★,0,1,Barrier Fairy,0.0,14.8,6.4,4.4,0.0,Aim,1,
555053,1,★,0,1,Warrior Fairy,4.8,16.0,8.0,2.0,0.0,Accuracy I,1,
555501,7,★,0,1,Sniper Fairy,0.0,17.6,5.6,3.2,7.2,Damage I,1,
555765,15,★,0,1,Command Fairy,8.0,0.0,7.6,2.0,8.4,Accuracy I,1,
557125,25,★,0,1,Twin Fairies,3.2,11.2,8.8,2.4,0.0,Damage I,1,
557297,6,★,0,1,Taunt Fairy,3.2,10.0,4.8,1.6,4.4,Accuracy I,1,
557729,2,★,0,1,Fury Fairy,2.8,0.0,8.0,2.0,8.0,Accuracy I,1,
557730,17,★,0,1,Illumination Fairy,0.0,20.0,7.2,1.6,8.4,Damage I,1,
557926,1,★,0,1,Warrior Fairy,4.8,16.0,8.0,2.0,0.0,Critical II,1,
557927,1,★,0,1,Warrior Fairy,4.8,16.0,8.0,2.0,0.0,Evasion I,1,
558009,8,★,0,1,Artillery Fairy,10.8,0.0,11.2,1.2,0.0,Suppression,1,
558031,17,★,0,1,Illumination Fairy,0.0,20.0,7.2,1.6,8.4,Critical I,1,
558042,3,★,0,1,Armor Fairy,4.4,0.0,0.0,5.2,4.4,Fervor,1,
558191,3,★,0,1,Armor Fairy,4.4,0.0,0.0,5.2,4.4,Damage I,1,
558192,9,★,0,1,Airstrike Fairy,4.8,8.0,6.4,1.6,0.0,Evasion I,1,
558335,24,★,0,1,Barrier Fairy,0.0,14.8,6.4,4.4,0.0,Damage II,1,
559471,17,★,0,1,Illumination Fairy,0.0,20.0,7.2,1.6,8.4,Assault,1,
560198,2,★,0,1,Fury Fairy,2.8,0.0,8.0,2.0,8.0,Evasion II,1,
249680,16,★★★★★,3000,100,Rescue Fairy,32.0,80.0,64.0,0.0,0.0,Fervor,10,Locked
221400,11,★★★★★,3000,100,Parachute Fairy,36.0,0.0,32.0,8.0,40.0,Fervor,10,Locked
446765,22,★★★★★,550,100,Beach Fairy,32.0,0.0,40.0,0.0,32.0,Aim,10,Locked
199337,11,★★★★★,3000,100,Parachute Fairy,36.0,0.0,32.0,8.0,40.0,Damage II,10,Locked
261663,11,★,75,100,Parachute Fairy,14.4,0.0,12.8,3.2,16.0,Fervor,10,Locked
453680,11,★★,300,57,Parachute Fairy,13.5,0.0,12.0,3.0,15.0,Sturdy,10,Locked
