col0,col1,col2,col3,col4,col5,col6,col7,col8,col9,col10
1,user,user,assets/images/icon-profile.png,recipe,CREATE,2014-10-27 10:20:13,recipe001,Description recipe 001,,1
2,user001,user001,assets/images/icon-profile.png,recipe,CREATE,2014-10-28 10:20:13,recipe002,Description recipe 002,,2
3,user001,User 001,assets/images/icon-profile.png,recipe,CREATE,2014-10-29 10:20:13,recipe003,Description recipe 003,,3
4,user001,User 001,assets/images/icon-profile.png,recipe,CREATE,2014-10-30 10:20:13,recipe004,Description recipe 004,,4
5,user001,User 001,assets/images/icon-profile.png,recipe,CREATE,2014-10-31 10:20:13,recipe005,Description recipe 005,,5
6,user002,User 002,assets/images/icon-profile.png,recipe,CREATE,2014-11-01 10:20:13,recipe006,Description recipe 006,,6
7,user002,User 002,assets/images/icon-profile.png,recipe,CREATE,2014-11-02 10:20:13,recipe007,Description recipe 007,,7
8,user002,User 002,assets/images/icon-profile.png,recipe,CREATE,2014-11-03 10:20:13,recipe008,Description recipe 008,,8
9,user002,User 002,assets/images/icon-profile.png,recipe,CREATE,2014-11-04 10:20:13,recipe009,Description recipe 009,,9
10,user002,User 002,assets/images/icon-profile.png,recipe,CREATE,2014-11-05 10:20:13,recipe010,Description recipe 010,,10
11,user002,User 002,assets/images/icon-profile.png,recipe,CREATE,2014-11-06 10:20:13,recipe011,Description recipe 011,,11
12,user002,User 002,assets/images/icon-profile.png,recipe,CREATE,2014-11-07 10:20:13,recipe012,Description recipe 012,,12
13,user002,User 002,assets/images/icon-profile.png,recipe,CREATE,2014-11-08 10:20:13,recipe013,Description recipe 013,,13
14,user003,User 003,assets/images/icon-profile.png,recipe,CREATE,2014-11-09 10:20:13,recipe014,Description recipe 014,,14
15,user003,User 003,assets/images/icon-profile.png,recipe,CREATE,2014-11-10 10:20:13,recipe015,Description recipe 015,,15
16,user003,User 003,assets/images/icon-profile.png,recipe,CREATE,2014-11-11 10:20:13,recipe016,Description recipe 016,,16
17,user003,User 003,assets/images/icon-profile.png,recipe,CREATE,2014-11-12 10:20:13,recipe017,Description recipe 017,,17
18,user003,User 003,assets/images/icon-profile.png,recipe,CREATE,2014-11-13 10:20:13,recipe018,Description recipe 018,,18
19,user003,User 003,assets/images/icon-profile.png,recipe,CREATE,2014-11-14 10:20:13,recipe019,Description recipe 019,,19
20,user004,User 004,assets/images/icon-profile.png,recipe,CREATE,2014-11-15 10:20:13,recipe020,Description recipe 020,,20
21,user,user,assets/images/icon-profile.png,recipe,UPDATE,2014-11-15 10:20:13,recipe001,Description recipe 001,,1
22,user001,user001,assets/images/icon-profile.png,recipe,UPDATE,2014-11-16 10:20:13,recipe002,Description recipe 002,,2
23,user001,User 001,assets/images/icon-profile.png,recipe,UPDATE,2014-11-17 10:20:13,recipe003,Description recipe 003,,3
24,user001,User 001,assets/images/icon-profile.png,recipe,UPDATE,2014-11-18 10:20:13,recipe004,Description recipe 004,,4
25,user001,User 001,assets/images/icon-profile.png,recipe,UPDATE,2014-11-19 10:20:13,recipe005,Description recipe 005,,5
26,user002,User 002,assets/images/icon-profile.png,recipe,UPDATE,2014-11-20 10:20:13,recipe006,Description recipe 006,,6
27,user002,User 002,assets/images/icon-profile.png,recipe,UPDATE,2014-11-21 10:20:13,recipe007,Description recipe 007,,7
28,user002,User 002,assets/images/icon-profile.png,recipe,UPDATE,2014-11-22 10:20:13,recipe008,Description recipe 008,,8
29,user002,User 002,assets/images/icon-profile.png,recipe,UPDATE,2014-11-23 10:20:13,recipe009,Description recipe 009,,9
30,user002,User 002,assets/images/icon-profile.png,recipe,UPDATE,2014-11-24 10:20:13,recipe010,Description recipe 010,,10
31,user002,User 002,assets/images/icon-profile.png,recipe,UPDATE,2014-11-25 10:20:13,recipe011,Description recipe 011,,11
32,user002,User 002,assets/images/icon-profile.png,recipe,UPDATE,2014-11-26 10:20:13,recipe012,Description recipe 012,,12
33,user002,User 002,assets/images/icon-profile.png,recipe,UPDATE,2014-11-27 10:20:13,recipe013,Description recipe 013,,13
34,user003,User 003,assets/images/icon-profile.png,recipe,UPDATE,2014-11-28 10:20:13,recipe014,Description recipe 014,,14
35,user003,User 003,assets/images/icon-profile.png,recipe,UPDATE,2014-11-29 10:20:13,recipe015,Description recipe 015,,15
36,user003,User 003,assets/images/icon-profile.png,recipe,UPDATE,2014-11-30 10:20:13,recipe016,Description recipe 016,,16
37,user003,User 003,assets/images/icon-profile.png,recipe,UPDATE,2014-12-01 10:20:13,recipe017,Description recipe 017,,17
38,user003,User 003,assets/images/icon-profile.png,recipe,UPDATE,2014-12-02 10:20:13,recipe018,Description recipe 018,,18
39,user003,User 003,assets/images/icon-profile.png,recipe,UPDATE,2014-12-03 10:20:13,recipe019,Description recipe 019,,19
40,user004,User 004,assets/images/icon-profile.png,recipe,UPDATE,2014-12-04 10:20:13,recipe020,Description recipe 020,,20
