col0,col1,col2,col3,col4,col5,col6,col7,col8,col9,col10,col11,col12,col13,col14,col15,col16,col17,col18,col19,col20,col21,col22,col23,col24,col25,col26,col27,col28,col29,col30,col31
rs12525643,G,A,G,A,-0.00289459,0.0071,0.281623,0.282306,False,False,False,ebi-a-GCST002245,6,138011151,0.0171,54162,0.6801,Alzheimer's disease (late onset),True,6,138011151,1.79999e-09,462933,0.000480887,ukb-b-15096,Operation code: tonsillectomy / tonsil surgery || id:ukb-b-15096,True,reported,igd,2,True
rs2189234,G,T,G,T,0.00295534,-0.0292,0.617859,0.630219,False,False,False,ebi-a-GCST002245,4,106075498,0.0166,54162,0.07802,Alzheimer's disease (late onset),True,4,106075498,2.60016e-11,462933,0.000443232,ukb-b-15096,Operation code: tonsillectomy / tonsil surgery || id:ukb-b-15096,True,reported,igd,2,True
rs2364480,A,C,A,C,-0.00293322,-0.0121,0.741193,0.734592,False,False,False,ebi-a-GCST002245,12,6495275,0.0191,54162,0.5246,Alzheimer's disease (late onset),True,12,6495275,3.40001e-09,462933,0.000496138,ukb-b-15096,Operation code: tonsillectomy / tonsil surgery || id:ukb-b-15096,True,reported,igd,2,True
rs3764735,G,A,G,A,-0.003683,-0.0194,0.118054,0.105368,False,False,False,ebi-a-GCST002245,20,62668732,0.0259,54162,0.4531,Alzheimer's disease (late onset),True,20,62668732,3.59998e-08,462933,0.000668358,ukb-b-15096,Operation code: tonsillectomy / tonsil surgery || id:ukb-b-15096,True,reported,igd,2,True
rs61198215,A,G,A,G,-0.00283122,0.0261,0.374838,0.38171,False,False,False,ebi-a-GCST002245,7,50329697,0.0172,54162,0.1292,Alzheimer's disease (late onset),True,7,50329697,3.2e-10,462933,0.000450172,ukb-b-15096,Operation code: tonsillectomy / tonsil surgery || id:ukb-b-15096,True,reported,igd,2,True
rs7565213,A,G,A,G,-0.00252431,-0.0097,0.474342,0.489066,False,False,False,ebi-a-GCST002245,2,204743409,0.0156,54162,0.5311,Alzheimer's disease (late onset),True,2,204743409,5e-09,462933,0.000431791,ukb-b-15096,Operation code: tonsillectomy / tonsil surgery || id:ukb-b-15096,True,reported,igd,2,True
rs9542155,C,T,C,T,-0.00280226,0.0096,0.695299,0.676938,False,False,False,ebi-a-GCST002245,13,70579527,0.0167,54162,0.5643,Alzheimer's disease (late onset),True,13,70579527,2.69998e-09,462933,0.000470963,ukb-b-15096,Operation code: tonsillectomy / tonsil surgery || id:ukb-b-15096,True,reported,igd,2,True
rs9608847,G,T,G,T,0.0048047,-0.0107,0.159415,0.146123,False,False,False,ebi-a-GCST002245,22,30536056,0.0211,54162,0.6122,Alzheimer's disease (late onset),True,22,30536056,2.99985e-16,462933,0.000587894,ukb-b-15096,Operation code: tonsillectomy / tonsil surgery || id:ukb-b-15096,True,reported,igd,2,True
