col0,col1,col2,col3,col4,col5
1,Norma Fisher,Norma Fisher,"Unit 1113 Box 3060
DPO AE 52118",Russia,"94102 Sims Port Suite 187
Florestown, NE 80082"
2,Jorge Sullivan,Jorge Sullivan,"7936 Micheal Green Apt. 635
North Lynntown, NC 59694",Uganda,"01630 Baker Crescent
Kellyborough, ND 71531"
3,Elizabeth Woods,Elizabeth Woods,"76430 Cindy Cove
South Nicholas, FL 14230",China,"70452 Forbes Courts
Mosesland, OK 14157"
4,Susan Wagner,Susan Wagner,"Unit 7296 Box 6875
DPO AA 65859",China,"0835 Angela Station
East Heather, MO 26899"
5,Peter Montgomery,Peter Montgomery,"930 Thornton Summit
Lisaton, FL 34171",Sweden,"2458 Jason Village Suite 248
North Donnamouth, VT 42872"
6,Theodore Mcgrath,Theodore Mcgrath,"9471 Zachary Canyon
East Davidport, WV 59298",Poland,"1243 Grimes Corners
Shawchester, CO 78301"
7,Stephanie Collins,Stephanie Collins,"75868 Audrey Springs
Lake Ronaldborough, ND 78962",Argentina,"Unit 5243 Box 6400
DPO AE 84181"
8,Stephanie Sutton,Stephanie Sutton,"9930 Joy Hollow Suite 517
Sherriport, MT 50853",Ukraine,"558 Williams Station
Port Pamela, DC 34523"
9,Brian Hamilton,Brian Hamilton,"23450 Timothy Divide
Wuland, UT 20341",Philippines,"4934 Lozano Place Suite 716
Gavinton, VT 63064"
10,Susan Levy,Susan Levy,"0976 Williams Mountains Apt. 009
Lake Mario, OH 85565",China,"41227 Patricia Lake
Martinezbury, LA 35700"
11,Sean Green,Sean Green,"1097 Santos Springs Suite 264
New Michelleborough, WY 51884",China,"028 Harris Drive Apt. 422
Amyburgh, VA 55206"
12,Kimberly Smith,Kimberly Smith,"5100 Scott Burg
East Clayton, SC 66353",China,"PSC 2382, Box 9238
APO AA 93417"
13,Jennifer Summers,Jennifer Summers,"412 Snow Manors Apt. 161
South Kimtown, NV 57004",Moldova,"06268 Lewis Place Suite 121
Port Patriciatown, IA 98240"
14,April Snyder,April Snyder,"5415 David Square
West Michaeltown, IN 48447",Ukraine,"5641 Brenda Streets Apt. 008
Lake Seanmouth, WI 87205"
15,Dana Nguyen,Dana Nguyen,"03104 Norris Rapids
Port Donald, DE 62982",China,"92555 Shaw Spurs Suite 207
New Randy, ME 58221"
16,Cheryl Bradley,Cheryl Bradley,"03557 Phillips Wells Suite 291
New Beverlyburgh, FL 16915",Morocco,"559 Foster Locks Suite 933
Robinsonhaven, NY 18885"
17,Walter Pratt,Walter Pratt,"332 Watson Shore Apt. 290
Millerland, MT 39742",Morocco,"4647 Kristine Fields Suite 710
New Dakota, WY 00638"
18,Bobby Flores,Bobby Flores,"645 John Roads
Danahaven, MS 54060",China,"92594 Emily Shoals
North Cathyburgh, ME 31451"
19,Tasha Rodriguez,Tasha Rodriguez,"3547 Stephanie Underpass Apt. 418
Port Jacqueline, HI 55774",Iraq,"551 Casey Squares Apt. 209
Michaelborough, MS 26297"
20,Michelle Kelley,Michelle Kelley,"5825 Welch Corners
Fischerport, UT 59363",Argentina,"2998 Willis Wall
North Brian, PA 04610"
21,Kimberly Maynard,Kimberly Maynard,"41489 Roger Terrace
Davisfort, IN 71770",United States,"164 Schultz Road
Lake Bryan, MD 86618"
22,Laurie Wallace,Laurie Wallace,"014 Aaron Locks Suite 714
Justinborough, CO 05147",United States,"9541 Brock Estate Apt. 848
Franklinchester, GA 80124"
23,Janice Johnston,Janice Johnston,"8518 Pamela Track Apt. 164
Aprilshire, SC 28062",Brazil,"PSC 2191, Box 2741
APO AP 56307"
24,Collin Lopez,Collin Lopez,"864 Ramos Port Apt. 211
Moralesmouth, OH 88090",China,"588 Alan Rest
Port Stephanieville, MS 63590"
25,Mary Alvarez,Mary Alvarez,"637 Neal Island Suite 074
Lake Tyler, RI 28775",China,"216 Brandon Loop Apt. 096
New Jessica, MT 53548"
26,Peter Mcdowell,Peter Mcdowell,"0811 Smith Canyon Apt. 904
Jessicabury, WV 75585",Indonesia,"782 Dawn Radial
Port Christopher, LA 35611"
27,Sarah Villanueva,Sarah Villanueva,"7562 Fisher Spur
Hernandezberg, MD 17438",China,"008 Nancy Route Suite 228
North Stephanie, WA 42879"
28,Kimberly Myers,Kimberly Myers,"5667 Blair Underpass
South Shelby, VT 07027",Guatemala,"115 Jon Isle Suite 788
North Lesliefurt, MO 71569"
29,Desiree Cain,Desiree Cain,"PSC 0312, Box 5023
APO AP 39498",Vietnam,"132 Poole Pass Suite 212
North Patrick, DE 87566"
30,Stephanie Lawrence,Stephanie Lawrence,"6708 Carpenter Overpass Suite 735
Bobbyton, MI 01008",Ukraine,"457 Vargas Island Suite 853
Lake Patrickstad, WY 67652"
31,Lauren Hayes,Lauren Hayes,"16396 Shawn Junction
New Nicolemouth, ND 60236",North Korea,"1569 Amy Path
North Ashleyton, HI 45184"
32,Whitney Stark,Whitney Stark,"PSC 4080, Box 3513
APO AP 45818",Israel,"0375 Sandra Trace Suite 826
Gailshire, IL 04078"
33,Angela Salazar,Angela Salazar,"4486 Olson Well
North Kevin, CA 01707",Sierra Leone,"759 Good Port
New Russell, MN 50437"
34,Mr. Ryan Sanchez,Mr. Ryan Sanchez,"67771 Christopher Courts Apt. 637
Port Ronaldfurt, HI 33233",Marshall Islands,"3895 Allen Junction
West John, WV 34147"
35,Autumn Robinson,Autumn Robinson,"5561 Bishop Turnpike
Lake Kenneth, NY 79756",Belarus,"7329 Jacobs Station
New Tylerborough, MS 36340"
36,Faith Cabrera,Faith Cabrera,"3019 Gerald Mall Apt. 340
Trevinoville, SD 36216",Iran,"5003 Cassandra Estates Suite 148
Haleychester, MD 88806"
37,Charles Wolfe,Charles Wolfe,"84331 Leonard Fort Suite 749
East Lisa, NY 43477",Dominican Republic,"10524 Parker Mall Suite 531
Port Courtneyhaven, TN 76853"
38,Kenneth Kent,Kenneth Kent,"62281 Kathy Tunnel
Hudsonborough, VA 17819",Brazil,"300 Madison Stream
Christophershire, MO 93533"
39,Melanie Johnson,Melanie Johnson,"9927 Christina Burg Suite 774
East Angelaburgh, NM 97149",China,"4229 Derrick Wells
West Tyler, FL 96763"
40,Lisa Johnston,Lisa Johnston,"142 Warner View Suite 460
North Leslie, IA 45480",China,"26239 Michael Shoals
Gregoryview, VA 92174"
41,Jacob Hooper,Jacob Hooper,"5240 Berry Centers
West Andrew, AR 03720",Uzbekistan,"302 Joy Spring Apt. 622
Ryanhaven, IN 88294"
42,Alex Woodward,Alex Woodward,"51056 Patricia Forge
Grahamstad, HI 85576",Venezuela,"734 Craig Overpass Suite 589
Jefferyside, CA 23464"
43,Caleb Clark,Caleb Clark,"0648 Malone Port Apt. 662
New Devonhaven, VA 92199",Peru,"272 Green Street
Port Lacey, CA 35243"
44,Taylor Johnson,Taylor Johnson,"23028 Jennifer Meadow Apt. 972
West Matthewfurt, SC 05261",Canada,"8056 Dunn Trail Apt. 049
Blackshire, IL 61935"
45,Brian Green,Brian Green,"2738 Martin Terrace Suite 547
Smithhaven, LA 72649",China,"86187 Antonio Fort
North Carmen, CA 72324"
46,Matthew Bell,Matthew Bell,"984 Stephen Stravenue
South Michaelton, KY 97488",Japan,"71318 Cassandra Plaza
Burkeview, NJ 84393"
47,Jonathan Williams,Jonathan Williams,"Unit 4943 Box 8856
DPO AA 27891",China,"5303 Lewis Springs
Port Adrian, NH 62346"
48,William Gonzalez,William Gonzalez,"98522 Mathis Viaduct Apt. 909
West Michael, LA 42837",Portugal,"465 Wiley Corners Apt. 759
East Michellechester, IA 02837"
49,Nicholas Massey,Nicholas Massey,"620 Ashley Mills Apt. 507
Julieborough, OH 56059",Brazil,"521 Flores Stream
West Rebeccaborough, LA 68847"
50,Caroline Chambers,Caroline Chambers,"212 Shelly Roads
Fischerview, LA 02288",Philippines,"0271 Soto Drives Apt. 975
New Edgar, NE 35218"
51,Amy Lowe,Amy Lowe,"8885 Lee Tunnel Suite 208
Port Donna, OK 50851",Philippines,"27862 Kent Mountains
Lake Michaelville, NM 32697"
52,Gloria King,Gloria King,"693 Michael Estate
Lake Michael, NM 03009",Sri Lanka,"917 Mclaughlin Glens
Martinville, OR 95889"
53,Jessica Thompson,Jessica Thompson,"342 Miller Mission
Lake Jennifer, NY 92905",Tanzania,"3032 Michelle Drives
North Daniel, KY 82153"
54,Jason Carroll,Jason Carroll,"71664 Kim Throughway
Chelsealand, AK 65056",Thailand,"601 Maria Mission Apt. 554
Myerstown, SD 32202"
55,Emily Howard,Emily Howard,"66660 Gomez Port Apt. 945
South Thomashaven, AZ 11181",Poland,"238 Shawn Well
Port Johnshire, OH 17431"
56,Danielle Castro,Danielle Castro,"0131 Williams Ville Apt. 562
Richardberg, FL 53480",Russia,"41743 Berger Inlet Apt. 527
South Tammymouth, SC 37901"
57,Patrick Rogers,Patrick Rogers,"22708 Madison Spurs
Herringstad, OR 11353",Philippines,"9983 Mary Grove Apt. 643
Beardview, MO 17895"
58,Douglas Allen,Douglas Allen,"3454 Holmes Motorway
Port Rachel, FL 05560",Spain,"03541 Ryan Islands Apt. 562
East Michaelfort, HI 90576"
59,Heather Roberts,Heather Roberts,"805 James Turnpike
Carrmouth, GA 93500",Ukraine,"6591 Angela Mission Apt. 108
Penabury, SC 94980"
60,Travis Schultz,Travis Schultz,"8081 Smith Trail
North Ronaldstad, NV 44515",Chile,"492 Ramirez Crossing
Aaronberg, CO 44974"
61,Michelle Hughes,Michelle Hughes,"125 Ian Crossroad Apt. 593
South Deannaport, MS 07347",Indonesia,"35974 Sharon Locks Apt. 101
Jennyport, DE 66170"
62,Matthew Smith,Matthew Smith,"1607 Munoz River
Emilyshire, NH 54532",Portugal,"89403 Gabriella Mills
East Steven, UT 22495"
63,George Allen,George Allen,"3615 David Keys Apt. 269
West Stephenside, UT 65516",Indonesia,"601 Kyle Roads
Clarkfurt, NH 85059"
64,Jamie Hutchinson,Jamie Hutchinson,"640 Mary Common
Michaelville, AZ 20721",Russia,"60969 Justin Passage Suite 774
Joshuaburgh, IN 61092"
65,Jennifer Morales,Jennifer Morales,"PSC 4006, Box 5282
APO AE 23388",Vietnam,"7943 Tina Mount
East Lisa, PA 43986"
66,Jennifer Bates,Jennifer Bates,"395 Timothy Road
Williamsbury, LA 43567",Poland,"6775 James Ford
South Victorialand, NC 91397"
67,Jeremy Green,Jeremy Green,"3267 Walter Dam
Cunninghamtown, OR 01239",Russia,"431 Johnson Neck Suite 039
Mariechester, VT 67849"
68,Joseph Freeman,Joseph Freeman,"00580 Brandon Creek
Port Eric, MS 03966",Iran,"15666 Justin Locks
Lake Ryanport, NM 20687"
69,Nicole Henson,Nicole Henson,"325 Amanda Cliffs Apt. 695
South Paulabury, MS 29996",Japan,"9947 Torres Viaduct Apt. 506
Benjaminport, TX 30222"
70,Eric Owens PhD,Eric Owens PhD,"PSC 3769, Box 1448
APO AA 71586",Philippines,"Unit 3609 Box 5227
DPO AE 13554"
71,Robin Lopez,Robin Lopez,"40956 Amanda Walk Apt. 260
Simonfurt, CT 93980",Afghanistan,"20866 Keith Mill
Susanton, NJ 21190"
72,Miss Angela Swanson DVM,Miss Angela Swanson DVM,"25762 Gill Creek Suite 525
Mccoyton, KS 23687",Indonesia,"PSC 1174, Box 4460
APO AP 35523"
73,Michael Stewart,Michael Stewart,"6048 Johnson Loop Suite 635
East Daniel, GA 04593",France,"04374 Nicholas Cliff Suite 001
Adrianport, AL 04838"
74,Mitchell Smith,Mitchell Smith,"1168 Gary Fords Apt. 308
Port Trevor, RI 96954",Russia,"271 Andrew Summit
Port Craig, CA 80130"
75,Kelsey Davis,Kelsey Davis,"164 Matthew Parkway Suite 826
Jimmyfurt, MS 62271",Belarus,"17611 Robbins Mission
New Curtis, MN 96166"
76,Matthew Russo,Matthew Russo,"1220 Heidi Rue Apt. 998
West Haleyburgh, CO 05222",Poland,"80831 Kemp Pines
Annashire, MO 40702"
77,William Garcia,William Garcia,"751 Wood Square Suite 732
Port Melissaburgh, SD 22365",Ukraine,"96545 Smith Alley
West Joy, IL 86023"
78,Jennifer Miller,Jennifer Miller,"376 Smith Dale Suite 279
South Sarahland, OR 53609",Indonesia,"PSC 2177, Box 2442
APO AE 23070"
79,Jesse Sparks,Jesse Sparks,"79148 Pierce Lock Suite 423
Erikberg, CA 09478",Indonesia,"PSC 5531, Box 8724
APO AA 25341"
80,Brandi Meyer,Brandi Meyer,"147 Lisa Hill Apt. 512
Port Elizabethshire, ID 01425",Russia,"6146 Johnson Isle
South Arthur, MT 70897"
81,Hannah Wiggins,Hannah Wiggins,"971 Hansen Well Suite 103
South Mary, KY 29941",Nigeria,"0415 Smith Springs
Jeremyburgh, MN 69154"
82,Albert Williams,Albert Williams,"511 Berry Fork Suite 623
Sharonfort, WY 47577",Poland,"3999 Ricky Via
West Adamburgh, HI 53524"
83,Kristin Potts,Kristin Potts,"65873 Chen Knolls
Ramirezfurt, WI 94134",Colombia,"83787 Stuart Key
Davetown, MN 24886"
84,Susan Williams,Susan Williams,"Unit 1741 Box 7253
DPO AP 25003",Greece,"690 Christina Park
Toddburgh, TX 56713"
85,Meredith Rios,Meredith Rios,"USNV Porter
FPO AE 89774",China,"341 Rebekah Alley Suite 212
Gregoryview, SD 55705"
86,Stephanie Bowman,Stephanie Bowman,"8799 Emma Parkway Suite 735
North Thomasfurt, IN 57039",Russia,"7149 Scott Stravenue Suite 698
South Sharonhaven, ID 55797"
87,Joshua Clark,Joshua Clark,"Unit 9061 Box 4352
DPO AE 24201",Sweden,"006 Stephanie Harbors Apt. 076
Andreahaven, OH 98030"
88,Alexa Hernandez,Alexa Hernandez,"30068 David View Apt. 173
New Peggychester, ND 23718",China,"290 Clark Meadows Apt. 312
Fullerfort, NV 91571"
89,Richard Higgins,Richard Higgins,"PSC 3667, Box 0636
APO AE 81210",Poland,"Unit 7475 Box 8305
DPO AP 35078"
90,Marc Williams,Marc Williams,"USS Aguilar
FPO AP 48665",Japan,"2822 Sarah Fields
North Tracyland, NC 07125"
91,William Roberts,William Roberts,"298 Johnathan Cove Apt. 402
South Jamie, MD 26932",Thailand,"294 Kevin Curve Suite 505
North Claudiaville, TN 40916"
92,Joshua Carter,Joshua Carter,"171 Harrison Motorway
Davidview, CO 74554",China,"Unit 5207 Box 6631
DPO AA 35472"
93,David Williams,David Williams,"3576 Sergio Avenue
Benjaminmouth, NE 32097",Ireland,"USCGC Caldwell
FPO AA 19562"
94,Joseph Jones,Joseph Jones,"37457 Tanya Pike Apt. 348
North Ericton, RI 21519",Portugal,"3412 Morris Highway
Cooperburgh, DC 92892"
95,Gary Perry,Gary Perry,"3673 Peter Turnpike Suite 835
New Sandra, PA 76875",France,"2189 Daniel Extensions
Lake Leslieview, TN 93999"
96,Terry Wells,Terry Wells,"939 Johnson Oval Suite 830
North Dennismouth, TX 80451",Portugal,"Unit 1655 Box 4503
DPO AP 85643"
97,Vanessa Cooper,Vanessa Cooper,"645 Jennings Estates
Angelastad, NV 51726",China,"82731 Mosley Coves
South Juliefurt, NM 87425"
98,Michael Simmons,Michael Simmons,"1231 Stephanie Lock Suite 835
North Richardland, MT 77240",Ecuador,"12169 Juan Ports
East Melissaport, MO 23058"
99,Nicholas Kline,Nicholas Kline,"302 Parker Plains Apt. 197
East Robertstad, CO 98152",Czech Republic,"2642 Mallory Corner Apt. 857
West Zacharyport, AR 18854"
100,Lori Bennett,Lori Bennett,"098 Hernandez Green
New Sergiobury, MS 98277",Brazil,"31276 Michael Fork Apt. 523
New Amy, NM 45520"
