col0,col1,col2,col3,col4,col5,col6,col7,col8,col9,col10,col11,col12,col13,col14,col15,col16,col17,col18,col19,col20,col21,col22
"Lab-based schema for identifying each subject, should match folder names",If data is collected on multiple subjects at the same time include the identifier of the pool where the data file will be found. If this is included it should be the name of the top level folder inside primary.,Experimental group subject is assigned to in research project,"Age of the subject  (e.g., hours, days, weeks, years old) or if unknown fill in with “unknown”","Sex of the subject, or if unknown fill in with “Unknown” ",Subject species,Organism strain of the subject,Research Resource Identifier Identification (RRID) for the strain For this field,,description of age category from derived from UBERON life cycle stage,The minimal age (youngest) of the research subjects. The format for this field: numerical value + space + unit (spelled out) ,The maximal age (oldest) of the research subjects. The format for this field: numerical value + space + unit (spelled out) ,"Preference of the subject to use the right or left hand, if applicable ","Ignore if RRID is filled in, Genetic makeup of genetically modified alleles in transgenic animals belonging to the same subject group",The reference atlas and organ,"Once the research protocol is uploaded to Protocols.io, the title of the protocol within Protocols.io must be noted in this field.","The Protocol.io URL for the protocol. Once the protocol is uploaded to Protocols.io, the protocol must be shared with the SPARC group and the Protocol.io URL is noted in this field. Please share with the SPARC group.","A file containing experimental records for each sample.
",,,,,
sub-1,pool-1,Control,4 weeks,Female,Rattus norvegicus,Sprague-Dawley,RRID:RGD_10395233,,prime adult stage,10 days,20 days,right,MGI:3851780,Paxinos Rat V3,Spinal Cord extraction,https://www.protocols.io/view/corchea-paper-based-microfluidic-device-vtwe6pe,,,,,,
eng-1,,Human,19 years,Male,Homo Sapiens Sapiens,,,,,,,,,,,,,uknown,4.2,Mg,,
bb-1,,BlackBird,5 years,,Turdus merula,,,,,,,,,,,,,,,,10.0,mg
bb-2,,BlackBird,5 years,,Turdus merula,,,,,,,,,,,,,,,,,
bb-3,,BlackBird,5 years,,Turdus merula,,,,,,,,,,,,,unknown,,,,
bb-4,,BlackBird,5 years,,Turdus merula,,,,,,,,,,,,,,,,,
bb-5,,BlackBird,5 years,,Turdus merula,,,,,,,,,,,,,,,,,
bb-6,,BlackBird,5 years,,Turdus merula,,,,,,,,,,,,,,,,,
bb-7,,BlackBird,5 years,,Turdus merula,,,,,,,,,,,,,,,,,
bb-8,,BlackBird,5 years,,Turdus merula,,,,,,,,,,,,,,,,,
bb-9,,BlackBird,5 years,,Turdus merula,,,,,,,,,,,,,,,,,
bb-10,,BlackBird,5 years,,Turdus merula,,,,,,,,,,,,,,,,,
bb-11,,BlackBird,5 years,,Turdus merula,,,,,,,,,,,,,,,,,
bb-12,,BlackBird,5 years,,Turdus merula,,,,,,,,,,,,,,,,,
scary-ghost,,Specter,unknown,,Natantis vestimentum,see through,,,,,,,,,,,,,,,,
