col0,col1,col2,col3,col4,col5,col6,col7,col8,col9,col10,col11,col12,col13,col14
0,,False,,W,bau,False,,DMO_BAU,DMO_BAU,TIDNULL,EA305,,20,0.06
1,,False,,W,bau,False,,DMO_TOU,DMO_TOU,TIDNULL,EA305,,20,0.06
2,W_max_pv_1kW.csv,True,75.0,W,en_pv,True,W_75_50,TIDNULL,TIDNULL,PARENT_305_1,EA305,capex_low,20,0.06
3,W_max_pv_1kW.csv,True,75.0,W,en_pv,True,W_75_50,DMO_EN_FLAT_20,DMO_EN_FLAT_20,PARENT_305_1,EA305,capex_low,20,0.06
4,W_max_pv_1kW.csv,True,75.0,W,en_pv,True,W_75_50,DMO_EN_TOU_20,DMO_EN_TOU_20,PARENT_305_1,EA305,capex_low,20,0.06
5,W_max_pv_1kW.csv,True,75.0,W,en_pv,True,W_75_50,DMO_EN_STC_20,DMO_EN_STC_20,PARENT_305_1,EA305,capex_low,20,0.06
6,W_max_pv_1kW.csv,True,75.0,W,en_pv,True,W_75_50,DMO_EN_FLAT_25,DMO_EN_FLAT_25,PARENT_305_1,EA305,capex_low,20,0.06
7,W_max_pv_1kW.csv,True,75.0,W,en_pv,True,W_75_50,DMO_EN_TOU_25,DMO_EN_TOU_25,PARENT_305_1,EA305,capex_low,20,0.06
8,W_max_pv_1kW.csv,True,75.0,W,en_pv,True,W_75_50,DMO_EN_STC_25,DMO_EN_STC_25,PARENT_305_1,EA305,capex_low,20,0.06
9,W_max_pv_1kW.csv,True,145.0,W,en_pv,True,W_145_50,TIDNULL,TIDNULL,PARENT_305_1,EA305,capex_low,20,0.06
10,W_max_pv_1kW.csv,True,145.0,W,en_pv,True,W_145_50,DMO_EN_FLAT_20,DMO_EN_FLAT_20,PARENT_305_1,EA305,capex_low,20,0.06
11,W_max_pv_1kW.csv,True,145.0,W,en_pv,True,W_145_50,DMO_EN_TOU_20,DMO_EN_TOU_20,PARENT_305_1,EA305,capex_low,20,0.06
12,W_max_pv_1kW.csv,True,145.0,W,en_pv,True,W_145_50,DMO_EN_STC_20,DMO_EN_STC_20,PARENT_305_1,EA305,capex_low,20,0.06
13,W_max_pv_1kW.csv,True,145.0,W,en_pv,True,W_145_50,DMO_EN_FLAT_25,DMO_EN_FLAT_25,PARENT_305_1,EA305,capex_low,20,0.06
14,W_max_pv_1kW.csv,True,145.0,W,en_pv,True,W_145_50,DMO_EN_TOU_25,DMO_EN_TOU_25,PARENT_305_1,EA305,capex_low,20,0.06
15,W_max_pv_1kW.csv,True,145.0,W,en_pv,True,W_145_50,DMO_EN_STC_25,DMO_EN_STC_25,PARENT_305_1,EA305,capex_low,20,0.06
16,W_max_pv_1kW.csv,True,75.0,W,en_pv,True,W_75_50,TIDNULL,TIDNULL,PARENT_305_1,EA305,capex_med,20,0.06
17,W_max_pv_1kW.csv,True,75.0,W,en_pv,True,W_75_50,DMO_EN_FLAT_20,DMO_EN_FLAT_20,PARENT_305_1,EA305,capex_med,20,0.06
18,W_max_pv_1kW.csv,True,75.0,W,en_pv,True,W_75_50,DMO_EN_TOU_20,DMO_EN_TOU_20,PARENT_305_1,EA305,capex_med,20,0.06
19,W_max_pv_1kW.csv,True,75.0,W,en_pv,True,W_75_50,DMO_EN_STC_20,DMO_EN_STC_20,PARENT_305_1,EA305,capex_med,20,0.06
20,W_max_pv_1kW.csv,True,75.0,W,en_pv,True,W_75_50,DMO_EN_FLAT_25,DMO_EN_FLAT_25,PARENT_305_1,EA305,capex_med,20,0.06
21,W_max_pv_1kW.csv,True,75.0,W,en_pv,True,W_75_50,DMO_EN_TOU_25,DMO_EN_TOU_25,PARENT_305_1,EA305,capex_med,20,0.06
22,W_max_pv_1kW.csv,True,75.0,W,en_pv,True,W_75_50,DMO_EN_STC_25,DMO_EN_STC_25,PARENT_305_1,EA305,capex_med,20,0.06
23,W_max_pv_1kW.csv,True,145.0,W,en_pv,True,W_145_50,TIDNULL,TIDNULL,PARENT_305_1,EA305,capex_med,20,0.06
24,W_max_pv_1kW.csv,True,145.0,W,en_pv,True,W_145_50,DMO_EN_FLAT_20,DMO_EN_FLAT_20,PARENT_305_1,EA305,capex_med,20,0.06
25,W_max_pv_1kW.csv,True,145.0,W,en_pv,True,W_145_50,DMO_EN_TOU_20,DMO_EN_TOU_20,PARENT_305_1,EA305,capex_med,20,0.06
26,W_max_pv_1kW.csv,True,145.0,W,en_pv,True,W_145_50,DMO_EN_STC_20,DMO_EN_STC_20,PARENT_305_1,EA305,capex_med,20,0.06
27,W_max_pv_1kW.csv,True,145.0,W,en_pv,True,W_145_50,DMO_EN_FLAT_25,DMO_EN_FLAT_25,PARENT_305_1,EA305,capex_med,20,0.06
28,W_max_pv_1kW.csv,True,145.0,W,en_pv,True,W_145_50,DMO_EN_TOU_25,DMO_EN_TOU_25,PARENT_305_1,EA305,capex_med,20,0.06
29,W_max_pv_1kW.csv,True,145.0,W,en_pv,True,W_145_50,DMO_EN_STC_25,DMO_EN_STC_25,PARENT_305_1,EA305,capex_med,20,0.06
30,W_max_pv_1kW.csv,True,75.0,W,en_pv,True,W_75_50,TIDNULL,TIDNULL,PARENT_305_1,EA305,capex_high,20,0.06
31,W_max_pv_1kW.csv,True,75.0,W,en_pv,True,W_75_50,DMO_EN_FLAT_20,DMO_EN_FLAT_20,PARENT_305_1,EA305,capex_high,20,0.06
32,W_max_pv_1kW.csv,True,75.0,W,en_pv,True,W_75_50,DMO_EN_TOU_20,DMO_EN_TOU_20,PARENT_305_1,EA305,capex_high,20,0.06
33,W_max_pv_1kW.csv,True,75.0,W,en_pv,True,W_75_50,DMO_EN_STC_20,DMO_EN_STC_20,PARENT_305_1,EA305,capex_high,20,0.06
34,W_max_pv_1kW.csv,True,75.0,W,en_pv,True,W_75_50,DMO_EN_FLAT_25,DMO_EN_FLAT_25,PARENT_305_1,EA305,capex_high,20,0.06
35,W_max_pv_1kW.csv,True,75.0,W,en_pv,True,W_75_50,DMO_EN_TOU_25,DMO_EN_TOU_25,PARENT_305_1,EA305,capex_high,20,0.06
36,W_max_pv_1kW.csv,True,75.0,W,en_pv,True,W_75_50,DMO_EN_STC_25,DMO_EN_STC_25,PARENT_305_1,EA305,capex_high,20,0.06
37,W_max_pv_1kW.csv,True,145.0,W,en_pv,True,W_145_50,TIDNULL,TIDNULL,PARENT_305_1,EA305,capex_high,20,0.06
38,W_max_pv_1kW.csv,True,145.0,W,en_pv,True,W_145_50,DMO_EN_FLAT_20,DMO_EN_FLAT_20,PARENT_305_1,EA305,capex_high,20,0.06
39,W_max_pv_1kW.csv,True,145.0,W,en_pv,True,W_145_50,DMO_EN_TOU_20,DMO_EN_TOU_20,PARENT_305_1,EA305,capex_high,20,0.06
40,W_max_pv_1kW.csv,True,145.0,W,en_pv,True,W_145_50,DMO_EN_STC_20,DMO_EN_STC_20,PARENT_305_1,EA305,capex_high,20,0.06
41,W_max_pv_1kW.csv,True,145.0,W,en_pv,True,W_145_50,DMO_EN_FLAT_25,DMO_EN_FLAT_25,PARENT_305_1,EA305,capex_high,20,0.06
42,W_max_pv_1kW.csv,True,145.0,W,en_pv,True,W_145_50,DMO_EN_TOU_25,DMO_EN_TOU_25,PARENT_305_1,EA305,capex_high,20,0.06
43,W_max_pv_1kW.csv,True,145.0,W,en_pv,True,W_145_50,DMO_EN_STC_25,DMO_EN_STC_25,PARENT_305_1,EA305,capex_high,20,0.06
