col0,col1,col2
370000,Henry Corbould,Individual
370001,Lucille Corcos,Individual
370002,Jean Louis de Cordemoy,Individual
370003,Christopher Cordes,Individual
370004,Robert Cordier,Individual
370005,Lovis Corinth,Individual
370006,Bartolomeo Coriolano,Individual
370007,rmano ,Individual
370008,rneille ,Individual
370009,Claude Corneille,Individual
370010,Cornelis van Beverloo Corneille,Individual
370011,Michel Corneille,Individual
370012,Michel Ange Corneille,Individual
370013,rneille de la Haye ,Individual
370014,rneille de Lyon ,Individual
370015,Cornelis Cornelisz van Haarlem,Individual
370016,Jacob Cornelisz van Oostsanen,Individual
370017,Peter von Cornelius,Individual
370018,Joseph Cornell,Individual
370019,Thomas Browne Cornell,Individual
370020,Susan Cornish,Individual
370021,Bartolomeo di Giovanni Corradini,Individual
370022,Lodovico Corradini,Individual
370023,rreggio ,Individual
370024,Richard Correll,Individual
370025,Gilles Corrozet,Individual
370026,Mary Ann Corse,Individual
370027,Marcantonio Corsi,Individual
370028,Cliff Corson,Individual
370029,Cornelis Cort,Individual
370030,Hendrik Frans de Cort,Individual
370031,Josse de Cort,Individual
370032,Guglielmo Cortese,Individual
370033,Pietro Berrettini da Cortona,Individual
370034,Eldzier Cortor,Individual
370035,Charles Abel Corwin,Individual
370036,sci ,Individual
370037,Alice Cosgrove,Individual
370038,Francesco del Cossa,Individual
370039,Jan Cossiers,Individual
370040,Giovanni Francesco Costa,Individual
370041,Lorenzo Costa,Individual
370042,Olga Costa,Individual
370043,Giovanni Battista Costaguti,Individual
370044,stanzo da Ferrara ,Individual
370045,David Coster,Individual
370046,Germaine Marguerite de Coster,Individual
370047,Lorenzo Costa,Individual
370048,Olga Costa,Individual
370049,Giovanni Battista Costaguti,Individual
370050,stanzo da Ferrara ,Individual
370051,David Coster,Individual
370052,Germaine Marguerite de Coster,Individual
370053,John Edward Costigan,Individual
370054,Maria Cosway,Individual
370055,Maria Louisa Catherine Cecilia Cosway,Individual
370056,Richard Cosway,Individual
370057,Francis Cotes,Individual
370058,John Sell Cotman,Individual
370059,Pierre Cottart,Individual
370060,Charles Cottet,Individual
370061,Robert Cottingham,Individual
370062,Marsha Cottrell,Individual
370063,Mildred Marion Coughlin,Individual
370064,Emile Coulon,Individual
370065,Jean de Courbes,Individual
370066,Gustave Courbet,Individual
370067,Jean de Court,Individual
370068,Georges Courteline,Individual
370069,Martial Courteys,Individual
370070,Pierre Courtin,Individual
370071,Jean Courtonne,Individual
370072,Charles Courtry,Individual
370073,Jean the Elder Cousin,Individual
370074,Jean the Younger Cousin,Individual
370075,Jean Cousin the Elder,Individual
370076,Jean Cousin the Younger,Individual
370077,Samuel Cousins,Individual
370078,Guillaume Martin Couture,Individual
370079,Thomas Couture,Individual
370080,Edouard Couturier,Individual
370081,Stephane Couturier,Individual
370082,Jean Couvay,Individual
370083,Philip van Couwenbergh,Individual
370084,Miguel Covarrubias,Individual
370085,Harrison Covington,Individual
370086,Harrison Wall Covington,Individual
370087,Maude Alice Cowles,Individual
370088,David Cox,Individual
370089,Douglas Cox,Individual
370090,Gardner Cox,Individual
370091,John Rogers Cox,Individual
370092,Kenyon Cox,Individual
370093,Palmer Cox,Individual
370094,Sharon Cox,Individual
370095,Reginald Cleveland Coxe,Individual
370096,John Coy,Individual
370097,Joseph Coyle,Individual
370098,Petah Coyne,Individual
370099,Antoine Coypel,Individual
370100,Social Health Insights,Company
370101,SocialEffort Inc,Company
370102,Socrata,Company
370103,Solar Census,Company
370104,SolarList,Company
370105,Sophic Systems Alliance,Company
370106,S&P Capital IQ,Company
370107,SpaceCurve,Company
370108,SpeSo Health,Company
370109,Spikes Cavell Analytic Inc,Company
370110,Splunk,Company
370111,Spokeo,Company
370112,SpotCrime,Company
370113,SpotHero.com,Company
370114,Stamen Design,Company
370115,Standard and Poor's,Company
370116,State Farm Insurance,Company
370117,Sterling Infosystems,Company
370118,Stevens Worldwide Van Lines,Company
370119,STILLWATER SUPERCOMPUTING INC,Company
370120,StockSmart,Company
370121,Stormpulse,Company
370122,StreamLink Software,Company
370123,"StreetCred Software, Inc",Company
370124,StreetEasy,Company
370125,Suddath,Company
370126,Symcat,Company
370127,Synthicity,Company
370128,T. Rowe Price,Company
370129,Tableau Software,Company
370130,TagniFi,Company
370131,Telenav,Company
370132,Tendril,Company
370133,Teradata,Company
370134,The Advisory Board Company,Company
370135,The Bridgespan Group,Company
370136,The DocGraph Journal,Company
370137,The Govtech Fund,Company
370138,The Schork Report,Company
370139,The Vanguard Group,Company
370140,Think Computer Corporation,Company
370141,Thinknum,Company
370142,Thomson Reuters,Company
370143,TopCoder,Company
370144,TowerData,Company
370145,TransparaGov,Company
370146,TransUnion,Company
370147,TrialTrove,Company
370148,TrialX,Company
370149,Trintech,Company
370150,TrueCar,Company
370151,Trulia,Company
370152,TrustedID,Company
370153,TuvaLabs,Company
370154,Uber,Company
370155,Unigo LLC,Company
370156,United Mayflower,Company
370157,Urban Airship,Company
370158,"Urban Mapping, Inc",Company
370159,US Green Data,Company
370160,U.S. News Schools,Company
370161,USAA Group,Company
370162,USSearch,Company
370163,Verdafero,Company
370164,Vimo,Company
370165,"VisualDoD, LLC",Company
370166,Vital Axiom | Niinja,Company
370167,VitalChek,Company
370168,Vitals,Company
370169,Vizzuality,Company
370170,Votizen,Company
370171,Walk Score,Company
370172,WaterSmart Software,Company
370173,WattzOn,Company
370174,Way Better Patents,Company
370175,Weather Channel,Company
370176,Weather Decision Technologies,Company
370177,Weather Underground,Company
370178,WebFilings,Company
370179,Webitects,Company
370180,WebMD,Company
370181,Weight Watchers,Company
370182,WeMakeItSafer,Company
370183,Wheaton World Wide Moving,Company
370184,Whitby Group,Company
370185,Wolfram Research,Company
370186,Wolters Kluwer,Company
370187,Workhands,Company
370188,Xatori,Company
370189,Xcential,Company
370190,xDayta,Company
370191,Xignite,Company
370192,Yahoo,Company
370193,Zebu Compliance Solutions,Company
370194,Yelp,Company
370195,YourMapper,Company
370196,Zillow,Company
370197,ZocDoc,Company
370198,Zonability,Company
370199,Zoner,Company
