col0,col1,col2,col3,col4
http://t.co/ai0bONTn65,http://www.nueveconocho.com,nueveconocho.com,root.statuses.user.entities.url.urls_f4a3efe2e9f309c2f3974797e380ec2b,root.statuses.user.entities.url_ddbc220a0d8035dd3858fed2a741d289
http://t.co/K26riU45AQ,http://iamspecialized.com/gravity/rider/troy-brosnan,iamspecialized.com/gravity/rider/…,root.statuses.user.entities.url.urls_50b8e6201e1cc640ac79dfd30d1b7162,root.statuses.user.entities.url_77305d0ed610a14da58eead9c558a238
http://t.co/ENQ2xIdZsh,http://instagram.com/edwinpulgarin,instagram.com/edwinpulgarin,root.statuses.user.entities.url.urls_be472aa57543b29526b8e491a1caf2c5,root.statuses.user.entities.url_f9cafc8df2b0aebb1695b54a65e26c48
http://t.co/tcadkuWxvc,http://www.homegrown-music.com,homegrown-music.com,root.statuses.user.entities.url.urls_882ea01e15c007250d40c9216f970821,root.statuses.user.entities.url_b19227b7e7251bcabb81b4256289049f
http://t.co/qBSwA4qC5p,http://missionworkshop.com/,missionworkshop.com,root.statuses.user.entities.url.urls_78b6a64ad7b7618ac5ac5dba16c1cef4,root.statuses.user.entities.url_41edaf32d2a297feb875a8cc5c6ce2fc
http://t.co/j6NrewCKCR,http://www.gnarbikepark.co.uk,gnarbikepark.co.uk,root.statuses.user.entities.url.urls_03996f54b2945137151df589de5be5be,root.statuses.user.entities.url_f6950db74d49fa409fe80c2b3f3749ec
