col0,col1,col2,col3,col4,col5,col6,col7,col8,col9,col10,col11,col12,col13,col14,col15,col16,col17,col18,col19,col20,col21,col22,col23
120,100bao,"100bao (literally translated as 100 treasures) is a free Chinese P2P file-sharing program that supports Windows 98, 2000, and XP operating systems.","<a href=""http://www.100bao.com/"" target=""_blank"">www.100bao.com</a><a href=""http://www.google.com/search?q=100bao"" target=""_blank"">Google</a><a href=""http://search.yahoo.com/search?q=100bao"" target=""_blank"">Yahoo!</a>",,general-internet,yes,file-sharing,yes,5.0,yes,"tcp/3468,6346,11300",yes,peer-to-peer,yes,no,yes,yes,no,,,,,
1788,1c-enterprise,"1C Enterprise is a comprehensive business software suite that includes Accounting, Contact Management, Inventory Management, Document Management, Web Client, and more. The suite is used by tens of thousands of Russian corporations.","<a href=""http://www.1c.ru/"" target=""_blank"">1C</a><a href=""https://en.wikipedia.org/wiki/1C_Company"" target=""_blank""> Wikipedia</a><a href=""http://www.google.com/search?q=1c-enterprise"" target=""_blank"">Google</a><a href=""http://search.yahoo.com/search?q=1c-enterprise"" target=""_blank"">Yahoo!</a>",,business-systems,no,erp-crm,no,1.0,no,"tcp/1541,1560-1591",no,client-server,no,no,no,yes,no,,,,,
1402,1und1-mail,"A web-based e-mail service from 1und1 Internet, a web hosting company owned by United Internet, a German Internet company.","<a href=""https://webmailcluster.1und1.de"" target=""_blank"">1und1 Webmail</a><a href=""http://en.wikipedia.org/wiki/1%261_Internet"" target=""_blank""> wikipedia</a><a href=""http://www.google.com/search?q=1und1-mail"" target=""_blank"">Google</a><a href=""http://search.yahoo.com/search?q=1und1-mail"" target=""_blank"">Yahoo!</a>",,collaboration,no,email,no,3.0,no,"tcp/80,443",yes,browser-based,no,no,yes,yes,yes,,,,,
2514,24sevenoffice,"24SevenOffice is a web-based ERP system. It includes modules for CRM, accounting, invoicing , e-mail, file/document management and project management.","<a href=""https://en.wikipedia.org/wiki/24SevenOffice"" target=""_blank"">Wikipedia</a><a href=""http://www.google.com/search?q=24sevenoffice"" target=""_blank"">Google</a><a href=""http://search.yahoo.com/search?q=24sevenoffice"" target=""_blank"">Yahoo!</a>",,business-systems,no,erp-crm,no,2.0,no,"tcp/80,443",yes,browser-based,no,no,yes,no,yes,,,,,
165,2ch,"2channel is a Japanese Internet forum, thought to be the largest Internet forum in the world. Launched in 1999, it has gained significant influence in Japanese society, comparable to that of traditional mass media such as television, radio, and magazines. ","<a href=""http://www.google.com/search?q=2ch"" target=""_blank"">Google</a><a href=""http://search.yahoo.com/search?q=2ch"" target=""_blank"">Yahoo!</a>",,,,,,,,,,,,,,,,,,,,
781,2ch-base,"2channel is a Japanese Internet forum, thought to be the largest Internet forum in the world. Launched in 1999, it has gained significant influence in Japanese society, comparable to that of traditional mass media such as television, radio, and magazines.","<a href=""http://ja.wikipedia.org/wiki/2%E3%81%A1%E3%82%83%E3%82%93%E3%81%AD%E3%82%8B"" target=""_blank"">Japanese wikipedia</a><a href=""http://en.wikipedia.org/wiki/2ch"" target=""_blank""> wikipedia</a><a href=""http://www.google.com/search?q=2ch-base"" target=""_blank"">Google</a><a href=""http://search.yahoo.com/search?q=2ch-base"" target=""_blank"">Yahoo!</a>",,collaboration,no,social-networking,no,2.0,no,"tcp/80,443",no,browser-based,no,no,yes,yes,no,,,,,
783,2ch-posting,"This App-ID allows visibility and control of the posting activity on 2channel. 2channel is a Japanese Internet forum, thought to be the largest Internet forum in the world. Launched in 1999, it has gained significant influence in Japanese society, comparable to that of traditional mass media such as television, radio, and magazines.","<a href=""http://ja.wikipedia.org/wiki/2%E3%81%A1%E3%82%83%E3%82%93%E3%81%AD%E3%82%8B"" target=""_blank"">Japanese wikipedia</a><a href=""http://en.wikipedia.org/wiki/2ch"" target=""_blank""> wikipedia</a><a href=""http://www.google.com/search?q=2ch-posting"" target=""_blank"">Google</a><a href=""http://search.yahoo.com/search?q=2ch-posting"" target=""_blank"">Yahoo!</a>",,collaboration,no,web-posting,no,2.0,no,"tcp/80,443",no,browser-based,no,no,yes,yes,no,,,,,
685,360-safeguard-update,"360-Safeguard is a mainland China company that creates a range of computer security software for Chinese users the Windows operating system. 360 Safeguard's main focus is on stopping computer viruses, malware, trojan horses, and security patching software for Windows.  ","<a href=""http://en.wikipedia.org/wiki/360_Safeguard"" target=""_blank"">Wikipedia</a><a href=""http://www.google.com/search?q=360-safeguard-update"" target=""_blank"">Google</a><a href=""http://search.yahoo.com/search?q=360-safeguard-update"" target=""_blank"">Yahoo!</a>",,business-systems,yes,software-update,no,2.0,no,"tcp/80,8090, udp/dynamic",no,client-server,no,no,yes,no,no,,,,,
350,3pc,    Third Party Connect Protocol    ,"<a href=""http://www.iana.org/assignments/protocol-numbers"" target=""_blank"">IANA Port Definitions</a><a href=""http://www.google.com/search?q=3pc"" target=""_blank"">Google</a><a href=""http://search.yahoo.com/search?q=3pc"" target=""_blank"">Yahoo!</a>",,networking,no,ip-protocol,no,1.0,no,,no,network-protocol,no,no,no,no,no,,,,,
