col0,col1,col2,col3,col4,col5,col6,col7,col8,col9,col10,col11,col12,col13,col14,col15,col16,col17,col18,col19,col20,col21,col22,col23,col24,col25,col26,col27,col28,col29,col30,col31
rs12609681,A,C,A,C,0.000834925,-0.0292,0.27312,0.27833,False,False,False,ebi-a-GCST002245,19,57675218,0.023,54162,0.2046,Alzheimer's disease (late onset),True,19,0.000129872,57675218,1.29999e-10,463010,ukb-b-13517,Diagnoses - main ICD10: M72.0 Palmar fascial fibromatosis [Dupuytren] || id:ukb-b-13517,True,reported,igd,2,True
rs2336938,C,A,C,A,-0.000624182,0.0051,0.522987,0.533797,False,False,False,ebi-a-GCST002245,1,206618799,0.0155,54162,0.7424,Alzheimer's disease (late onset),True,1,0.00011273,206618799,3.09999e-08,463010,ukb-b-13517,Diagnoses - main ICD10: M72.0 Palmar fascial fibromatosis [Dupuytren] || id:ukb-b-13517,True,reported,igd,2,True
rs2598108,C,A,C,A,0.00131711,-0.0058,0.354886,0.348907,False,False,False,ebi-a-GCST002245,7,37972827,0.0163,54162,0.7234,Alzheimer's disease (late onset),True,7,0.000117804,37972827,5.10035e-29,463010,ukb-b-13517,Diagnoses - main ICD10: M72.0 Palmar fascial fibromatosis [Dupuytren] || id:ukb-b-13517,True,reported,igd,2,True
rs381742,T,G,T,G,-0.00088032,0.0325,0.460579,0.482107,False,False,False,ebi-a-GCST002245,8,109142079,0.0156,54162,0.03717,Alzheimer's disease (late onset),True,8,0.000113104,109142079,7.10068e-15,463010,ukb-b-13517,Diagnoses - main ICD10: M72.0 Palmar fascial fibromatosis [Dupuytren] || id:ukb-b-13517,True,reported,igd,2,True
rs59561587,A,G,A,G,0.00104099,0.0158,0.256701,0.224652,False,False,False,ebi-a-GCST002245,9,1202545,0.0186,54162,0.3943,Alzheimer's disease (late onset),True,9,0.000129317,1202545,8.30042e-16,463010,ukb-b-13517,Diagnoses - main ICD10: M72.0 Palmar fascial fibromatosis [Dupuytren] || id:ukb-b-13517,True,reported,igd,2,True
rs659430,A,G,A,G,0.00112339,0.024,0.326326,0.315109,False,False,False,ebi-a-GCST002245,8,70009988,0.0164,54162,0.1451,Alzheimer's disease (late onset),True,8,0.000120539,70009988,1.20005e-20,463010,ukb-b-13517,Diagnoses - main ICD10: M72.0 Palmar fascial fibromatosis [Dupuytren] || id:ukb-b-13517,True,reported,igd,2,True
rs901177,T,A,T,A,0.000692679,-0.0031,0.298805,0.27336,False,True,False,ebi-a-GCST002245,8,25867383,0.0178,54162,0.8614,Alzheimer's disease (late onset),True,8,0.000123292,25867383,1.89998e-08,463010,ukb-b-13517,Diagnoses - main ICD10: M72.0 Palmar fascial fibromatosis [Dupuytren] || id:ukb-b-13517,True,reported,igd,2,True
