col0,col1,col2,col3,col4,col5,col6,col7,col8
aAAAAAAAAFGBBAAA | Howard | Major| Y | BOUVET ISLAND| ,,,Norma Fisher,,,1992-09-08,,
AAAAAAAAAMGDAAAA | Kenneth| Harlan| Y | POLAND| ,,,Jorge Sullivan,,,1992-12-19,,
AAAAAAAAAOPFBAAA | Jerry| Fields| Y | SIERRA LEONE| ,,,Elizabeth Woods,,,1994-12-27,,
AAAAAAAABLEIBAAA | Paula| Wakefield | Y | SAN MARINO| ,,,Susan Wagner,,,2018-11-23,,
AAAAAAAABNBBAAAA | Irma| Smith| Y | SERBIA| ,,,Peter Montgomery,,,1976-05-18,,
AAAAAAAACADPAAAA | Cristobal| Thomas| Y | GRENADA| ,,,Theodore Mcgrath,,,1993-01-07,,
AAAAAAAACFENAAAA | Christopher| Dawson|  DENMARK| ,,,Stephanie Collins,,,2012-03-24,,
AAAAAAAACIJMAAAA | Elizabeth| Thomas| Y | BHUTAN| ,,,Stephanie Sutton,,,1972-06-05,,
AAAAAAAACJDIAAAA | James| Kerr| N | PITCAIRN | ,,,Brian Hamilton,,,1972-10-21,,
AAAAAAAACNAGBAAA | Virginia| May| N | NORFOLK ISLAND| ,,,Susan Levy,,,1988-05-07,,
AAAAAAAADBEFBAAA | Bennie | Bowers| N | MALI| ,,,Sean Green,,,1981-02-24,,
AAAAAAAADCKOAAAA | Robert | Gonzalez| N | AUSTRIA| ,,,Kimberly Smith,,,1980-03-02,,
AAAAAAAADFKABAAA | Latoya | Craft| N | MALTA| ,,,Jennifer Summers,,,2009-09-14,,
AAAAAAAADIIOAAAA | David| Carroll| Y | GIBRALTAR| ,,,April Snyder,,,1989-09-14,,
AAAAAAAADIJGBAAA | Ruth| Sanders| N | BRUNEI DARUSSALAM ,,,Dana Nguyen,,,1994-07-24,,
AAAAAAAADLHBBAAA | Henry| Bertrand| N | PORTUGAL | ,,,Cheryl Bradley,,,1996-11-12,,
AAAAAAAAEADJAAAA | Ruth| Carroll| N | CUBA| ,,,Walter Pratt,,,2007-04-29,,
AAAAAAAAEJDLAAAA | Alice| Wright| N | NIGER| ,,,Bobby Flores,,,1978-10-28,,
AAAAAAAAEKFPAAAA | Annika | Chin| N | UNITED KINGDOM| ,,,Tasha Rodriguez,,,1989-12-19,,
AAAAAAAAEKJLAAAA | Aisha| Carlson| Y | CZECH REPUBLIC| ,,,Michelle Kelley,,,1977-10-26,,
AAAAAAAAEPOGAAAA | Felisha| Mendes| Y | BELIZE| ,,,Kimberly Maynard,,,2002-07-14,,
AAAAAAAAFACEAAAA | Priscilla| Miller| N | PERU| ,,,Laurie Wallace,,,2019-09-18,,
AAAAAAAAFBAHAAAA | Michael| Williams| N | UKRAINE| ,,,Janice Johnston,,,1986-04-24,,
AAAAAAAAFGIGAAAA | Eduardo| Miller| Y | NEPAL| ,,,Collin Lopez,,,1973-04-14,,
AAAAAAAAFGPGAAAA | Albert | Wadsworth | Y | SPAIN| ,,,Mary Alvarez,,,1990-12-14,,
AAAAAAAAFMHIAAAA | Emilio | Darling| Y | VIET NAM | ,,,Peter Mcdowell,,,1982-03-22,,
AAAAAAAAFOGIAAAA | Michelle| Greene| N | UNITED ARAB EMIRATES ,,,Sarah Villanueva,,,2005-08-05,,
AAAAAAAAFOJAAAAA | Don| Castillo| Y | ROMANIA| ,,,Kimberly Myers,,,2019-08-02,,
AAAAAAAAGEHIAAAA | Tyler| Miller| N | KIRIBATI | ,,,Desiree Cain,,,1974-10-28,,
AAAAAAAAGHPBBAAA | Nick| Mendez| Y | CANADA| ,,,Stephanie Lawrence,,,1990-08-06,,
AAAAAAAAGNDAAAAA | Terry| Mcdowell| N | TONGA| ,,,Lauren Hayes,,,1997-06-08,,
AAAAAAAAHGOABAAA | Sonia| White| N | AMERICAN SAMOA| ,,,Whitney Stark,,,1992-05-10,,
AAAAAAAAHHCABAAA | William| Stewart| Y | PUERTO RICO| ,,,Angela Salazar,,,1990-05-13,,
AAAAAAAAHJLAAAAA | Audrey | Beltran| Y | SOMALIA| ,,,Mr. Ryan Sanchez,,,1998-03-22,,
AAAAAAAAHMJNAAAA | Ryan| Baptiste| Y | DENMARK| ,,,Autumn Robinson,,,1977-05-24,,
AAAAAAAAHMOIAAAA | Grace| Henderson | N | LEBANON| ,,,Faith Cabrera,,,1976-10-06,,
AAAAAAAAIADEBAAA | Diane| Aldridge| N | NIGERIA| ,,,Charles Wolfe,,,2008-03-01,,
AAAAAAAAIBAEBAAA | Sandra | Wilson| N | BOUVET ISLAND| ,,,Kenneth Kent,,,2002-09-29,,
AAAAAAAAIBFCBAAA | Ruth| Grantham| N | CAPE VERDE| ,,,Melanie Johnson,,,2002-04-04,,
AAAAAAAAIBHHAAAA | Jennifer| Ballard| Y | CANADA| ,,,Lisa Johnston,,,1992-12-09,,
"AAAAAAAAICHFAAAA | Linda| Mccoy| N | MOLDOVA, REPUBLIC OF ",,,Jacob Hooper,,,1993-05-21,,
AAAAAAAAIDKFAAAA | Michael| Mack| N | CHRISTMAS ISLAND ,,,Alex Woodward,,,1978-06-18,,
AAAAAAAAIJEMAAAA | Charlie| Cummings| Y | GEORGIA| ,,,Caleb Clark,,,2002-08-08,,
AAAAAAAAIMHBAAAA | Kathy| Knowles| N | ARMENIA| ,,,Taylor Johnson,,,1977-11-23,,
AAAAAAAAIMHHBAAA | Lillian| Davidson| Y | CROATIA| ,,,Brian Green,,,2017-08-10,,
AAAAAAAAJDBLAAAA | Melvin | Taylor| Y | NEW ZEALAND| ,,,Matthew Bell,,,2003-11-15,,
AAAAAAAAJEKFBAAA | Norma| Burkholder| N | ANGOLA| ,,,Jonathan Williams,,,1999-01-10,,
AAAAAAAAJGMMAAAA | Richard| Larson| Y | TOKELAU| ,,,William Gonzalez,,,1972-07-29,,
AAAAAAAAJIALAAAA | Santos | Gutierrez | N | PALAU| ,,,Nicholas Massey,,,1990-07-18,,
AAAAAAAAJKBNAAAA | Julie| Kern| N | BOTSWANA | ,,,Caroline Chambers,,,1992-10-20,,
AAAAAAAAJMHLAAAA | Wanda| Ryan| Y | MAURITANIA| ,,,Amy Lowe,,,2020-01-01,,
AAAAAAAAJONHBAAA | Warren | Orozco| N | GUINEA-BISSAU| ,,,Gloria King,,,2016-10-04,,
AAAAAAAAJPINAAAA | Rose| Waite| Y | BRUNEI DARUSSALAM ,,,Jessica Thompson,,,1980-08-05,,
AAAAAAAAKAECAAAA | Milton | Mackey| N | RUSSIAN FEDERATION ,,,Jason Carroll,,,1981-05-02,,
AAAAAAAAKAPPAAAA | Karen| Parker| Y | TUNISIA| ,,,Emily Howard,,,2012-08-25,,
AAAAAAAAKJBKAAAA | Georgia| Scott| N | CHRISTMAS ISLAND ,,,Danielle Castro,,,2008-05-31,,
AAAAAAAAKJBLAAAA | Kerry| Davis| Y | AFGHANISTAN| ,,,Patrick Rogers,,,1995-07-23,,
AAAAAAAAKKGEAAAA | Katie| Dunbar| N | NETHERLANDS| ,,,Douglas Allen,,,2013-06-23,,
AAAAAAAAKLHHBAAA | Manuel | Castaneda | N | SAMOA| ,,,Heather Roberts,,,1975-12-01,,
AAAAAAAAKNAKAAAA | Gladys | Banks| N | WESTERN SAHARA| ,,,Travis Schultz,,,1974-06-25,,
AAAAAAAALFKKAAAA | Ignacio| Miller| Y | UNITED KINGDOM| ,,,Michelle Hughes,,,1975-10-06,,
AAAAAAAALHMCAAAA | Brooke | Nelson| Y | SPAIN| ,,,Matthew Smith,,,1983-06-24,,
AAAAAAAALIOPAAAA | Derek| Allen| Y | NICARAGUA| ,,,George Allen,,,2021-01-11,,
AAAAAAAALJNCBAAA | George | Gamez| Y | AZERBAIJAN| ,,,Jamie Hutchinson,,,1985-01-16,,
AAAAAAAAMDCAAAAA | Louann | Hamel| Y | TIMOR-LESTE| ,,,Jennifer Morales,,,1974-03-01,,
AAAAAAAAMFFLAAAA | Margret| Gray| Y | NEW ZEALAND| ,,,Jennifer Bates,,,1996-03-09,,
AAAAAAAAMMOBBAAA | Margaret| Smith| N | JAPAN| ,,,Jeremy Green,,,1970-07-15,,
AAAAAAAANFBDBAAA | Vernice| Fernandez | Y | SWEDEN| ,,,Joseph Freeman,,,1976-09-03,,
AAAAAAAANGDBBAAA | Carlos | Jewell| N | ISLE OF MAN| ,,,Nicole Henson,,,1996-10-19,,
AAAAAAAANIPLAAAA | Eric| Lawrence| Y | HONDURAS | ,,,Eric Owens PhD,,,2007-11-14,,
AAAAAAAANJAGAAAA | Allen| Hood| Y | TOGO| ,,,Robin Lopez,,,2005-04-26,,
AAAAAAAANJHCBAAA | Christopher| Schreiber | N | UZBEKISTAN| ,,,Miss Angela Swanson DVM,,,1989-09-21,,
AAAAAAAANJOLAAAA | Debra| Underwood | Y | BOTSWANA | ,,,Michael Stewart,,,2000-07-10,,
AAAAAAAAOBADBAAA | Elizabeth| Burnham| N | HONDURAS | ,,,Mitchell Smith,,,2003-04-02,,
AAAAAAAAOCAJAAAA | Jenna| Staton| N | GIBRALTAR| ,,,Kelsey Davis,,,2009-10-20,,
AAAAAAAAOCLBBAAA | |  |  | ,,,Matthew Russo,,,2018-08-13,,
AAAAAAAAODMMAAAA | Gayla| Cline| N | ETHIOPIA | ,,,William Garcia,,,2016-03-24,,
AAAAAAAAOFLCAAAA | James| Taylor| N | BANGLADESH| ,,,Jennifer Miller,,,1984-10-13,,
AAAAAAAAOPDLAAAA | Ann| Pence| N | JAMAICA| ,,,Jesse Sparks,,,1998-10-15,,
AAAAAAAAPDFBAAAA | Terrance| Banks| Y | SLOVENIA | ,,,Brandi Meyer,,,1975-09-11,,
AAAAAAAAPEHEBAAA | Edith| Molina| Y | GREENLAND| ,,,Hannah Wiggins,,,1995-01-24,,
AAAAAAAAPFCLAAAA | Felicia| Neville| N | NEPAL| ,,,Albert Williams,,,1984-12-24,,
AAAAAAAAPICEAAAA | Jennifer| Cortez| Y | NEW CALEDONIA| ,,,Kristin Potts,,,1987-10-04,,
AAAAAAAAPJENAAAA | Ashley | Norton| Y | IRAQ| ,,,Susan Williams,,,2009-10-28,,
AAAAAAAAPKBCBAAA | Andrea | White| N | SAMOA| ,,,Meredith Rios,,,1981-05-03,,
AAAAAAAAPKIKAAAA | Wendy| Horvath| Y | MADAGASCAR| ,,,Stephanie Bowman,,,1999-05-07,,
AAAAAAAAPMMBBAAA | Paul| Jordan| N | JORDAN| ,,,Joshua Clark,,,1983-01-23,,
AAAAAAAAPPIBBAAA | Candice| Lee| Y | SWEDEN| ,,,Alexa Hernandez,,,1994-05-26,,
