col0,col1,col2,col3,col4,col5,col6
0,75,131979,BBQ-001026-TN-B,ELECTRIC BBQ,"87091 Gonzalez Knolls
Masseyshire, UT 88665",
0,75,321763,BBQ-001026-TN-F,ELECTRIC BBQ,"225 Wilson Mills
North Thomas, OK 67164",2010-02-01Z
0,75,132041,BBQ-800846-OS-C,ELECTRIC BBQ,"PSC 5642, Box 8071
APO AA 97365",2013-02-01Z
0,75,298966,BBQ-800846-OS-D,ELECTRIC BBQ,"37594 Garza Roads Apt. 466
North Brookemouth, IA 29742",2009-06-01Z
0,75,361370,BBQ-800846-OS-F,ELECTRIC BBQ,"960 Savage Port Suite 027
West Jacquelinemouth, NM 74085",2012-03-01Z
0,75,377794,BBQ-800018,BBQ ROSEWALL CONN PARK,"75470 Lopez Roads
Port Jessicatown, TX 55221",2012-11-01Z
0,75,274821,BBQ-800106,BBQ FRANK MANN RESERVE,"08913 Charlene Flat
Joshuaburgh, NJ 52496",2007-10-01Z
0,75,131985,BBQ-800212-TC,ELECTRIC BBQ,"7142 Wilson Drives
Melissaton, IL 89760",2003-07-01Z
0,75,131986,BBQ-800242A-OSA,ELECTRIC BBQ,"9097 Bowman Landing Apt. 369
Alanberg, MA 44739",2002-06-30Z
0,75,131987,BBQ-800242A-OSB,ELECTRIC BBQ,"9004 Edward Prairie
Michaelside, LA 15560",2000-06-30Z
0,75,263176,BBQ-800242A-OSC,3 BBQ ELECTRIC,"42814 Houston Hills
Rodriguezside, NJ 62629",2006-06-15Z
0,75,131988,BBQ-800248A-OS,ELECTRIC BBQ,"71760 Rogers Spur Apt. 296
North Lindseyborough, IN 08516",2000-06-30Z
0,75,131989,BBQ-800269-OS-A,ELECTRIC BBQ,"8847 Kramer Station
South Christopher, KS 77208",2002-06-30Z
0,75,131990,BBQ-800269-OS-B,ELECTRIC BBQ,"51108 Goodwin Flats Apt. 764
Lake Bobby, IL 82213",2002-06-30Z
0,75,131992,BBQ-800305-OS,ELECTRIC BBQ,"6582 Vanessa Oval
New Richard, NE 68819",2000-06-30Z
0,75,364054,BBQ-800348-01,ELECTRIC BBQ,"7389 Alec Squares Suite 508
Port Jonathan, FL 50177",2012-05-01Z
0,75,132000,BBQ-800361-OS-A,ELECTRIC BBQ,"18013 Billy Bridge Suite 522
Schmitthaven, NC 66355",1993-07-01Z
0,75,132001,BBQ-800361-OS-B,ELECTRIC BBQ,"891 Bullock Ford
Amandachester, NJ 51431",
0,75,381555,BBQ-800465-OS-A,ELECTRIC BBQ,"02489 Cook Park
Sherriport, MT 50853",2013-02-01Z
0,75,132003,BBQ-800472-BG-A,ELECTRIC BBQ,"23450 Timothy Divide
Wuland, UT 20341",2000-06-30Z
0,75,132004,BBQ-800472-BG-B,ELECTRIC BBQ,"0976 Williams Mountains Apt. 009
Lake Mario, OH 85565",2000-06-30Z
0,75,132005,BBQ-800492-CN-A,ELECTRIC BBQ,"1097 Santos Springs Suite 264
New Michelleborough, WY 51884",2000-06-30Z
0,75,132006,BBQ-800492-CN-B,ELECTRIC BBQ,"5100 Scott Burg
East Clayton, SC 66353",2000-06-30Z
0,75,132007,BBQ-800492-CN-C,ELECTRIC BBQ,"412 Snow Manors Apt. 161
South Kimtown, NV 57004",2000-06-30Z
0,75,132008,BBQ-800492-CN-D,ELECTRIC BBQ,"5415 David Square
West Michaeltown, IN 48447",2000-06-30Z
0,75,132009,BBQ-800542-TC,ELECTRIC BBQ,"03104 Norris Rapids
Port Donald, DE 62982",2000-06-30Z
0,75,346855,BBQ-800564-HA,BBQ MT DUNEED RESERVE HALL,"03557 Phillips Wells Suite 291
New Beverlyburgh, FL 16915",2008-06-01Z
0,75,381556,BBQ-800607-OS-A,ELECTRIC BBQ,"332 Watson Shore Apt. 290
Millerland, MT 39742",2013-02-01Z
0,75,132011,BBQ-800607-OS-B,ELECTRIC BBQ,"645 John Roads
Danahaven, MS 54060",2010-02-01Z
0,75,132013,BBQ-800607-OS-D,ELECTRIC BBQ,"3547 Stephanie Underpass Apt. 418
Port Jacqueline, HI 55774",2013-02-01Z
0,75,132014,BBQ-800641-O1,ELECTRIC BBQ,"5825 Welch Corners
Fischerport, UT 59363",2000-06-30Z
0,75,283622,BBQ-800644-01,BBQ ELECTRIC EVANS RESERVE,"41489 Roger Terrace
Davisfort, IN 71770",2008-05-01Z
0,75,132017,BBQ-800665-CN,ELECTRIC BBQ,"014 Aaron Locks Suite 714
Justinborough, CO 05147",2000-06-30Z
0,75,132018,BBQ-800672-OS-A,ELECTRIC BBQ,"8518 Pamela Track Apt. 164
Aprilshire, SC 28062",2000-06-30Z
0,75,132020,BBQ-800759-OS,ELECTRIC BBQ,"864 Ramos Port Apt. 211
Moralesmouth, OH 88090",1997-06-30Z
0,75,298969,BBQ-800759-OS-A,ELECTRIC BBQ,"637 Neal Island Suite 074
Lake Tyler, RI 28775",2009-06-01Z
0,75,132021,BBQ-800761-OS-A,ELECTRIC BBQ,"0811 Smith Canyon Apt. 904
Jessicabury, WV 75585",2003-07-01Z
0,75,132026,BBQ-800789B-OS-D,ELECTRIC BBQ,"7562 Fisher Spur
Hernandezberg, MD 17438",2000-06-30Z
0,75,132034,BBQ-800822-OS-B,ELECTRIC BBQ - DOUBLE,"5667 Blair Underpass
South Shelby, VT 07027",2010-02-01Z
0,75,298971,BBQ-800896-OS-C,ELECTRIC BBQ,"PSC 0312, Box 5023
APO AP 39498",2009-06-01Z
0,75,132043,BBQ-800896-OS-B,ELECTRIC BBQ,"6708 Carpenter Overpass Suite 735
Bobbyton, MI 01008",1999-07-01Z
0,75,349605,BBQ-800896-OS-D,ELECTRIC BBQ,"16396 Shawn Junction
New Nicolemouth, ND 60236",2011-08-01Z
0,75,132042,BBQ-800896-OS-A,ELECTRIC BBQ,"PSC 4080, Box 3513
APO AP 45818",1999-07-01Z
0,75,322623,BBQ-800917-OS-A,BBQ,"4486 Olson Well
North Kevin, CA 01707",2010-03-01Z
0,75,132015,BBQ-800663A-FS-A,ELECTRIC BBQ,"67771 Christopher Courts Apt. 637
Port Ronaldfurt, HI 33233",2000-06-30Z
0,75,132016,BBQ-800663A-FS-B,ELECTRIC BBQ,"5561 Bishop Turnpike
Lake Kenneth, NY 79756",2000-06-30Z
0,75,399211,BBQ-800050-OS-A,BBQ ELECT,"3019 Gerald Mall Apt. 340
Trevinoville, SD 36216",2013-06-01Z
0,75,131983,BBQ-800108-OS-A,ELECTRIC BBQ,"84331 Leonard Fort Suite 749
East Lisa, NY 43477",2003-07-01Z
0,75,132035,BBQ-800838A-FS-A,ELECTRIC BBQ,"62281 Kathy Tunnel
Hudsonborough, VA 17819",2003-07-01Z
0,75,132038,BBQ-800838A-FS-D,ELECTRIC BBQ,"9927 Christina Burg Suite 774
East Angelaburgh, NM 97149",2000-06-30Z
0,75,273837,BBQ-800191,BBQ,"142 Warner View Suite 460
North Leslie, IA 45480",2007-06-01Z
0,75,346853,BBQ-800853-OS-A,ELECTRIC BBQ,"5240 Berry Centers
West Andrew, AR 03720",2007-07-01Z
0,75,131991,BBQ-800281-OS,ELECTRIC BBQ,"51056 Patricia Forge
Grahamstad, HI 85576",2000-06-30Z
0,75,432011,BBQ800238-OS,BBQ DRYSDALE STATION PICNIC AREA,"0648 Malone Port Apt. 662
New Devonhaven, VA 92199",
0,75,132030,BBQ-800818A-FS-B,ELECTRIC BBQ,"23028 Jennifer Meadow Apt. 972
West Matthewfurt, SC 05261",2000-06-30Z
0,75,132031,BBQ-800818A-FS-C,ELECTRIC BBQ,"2738 Martin Terrace Suite 547
Smithhaven, LA 72649",
0,75,432012,BBQ805180-OS,BBQ GRAND LAKES,"984 Stephen Stravenue
South Michaelton, KY 97488",
0,75,395883,BBQ-800187-OS 1,BBQ,"Unit 4943 Box 8856
DPO AA 27891",2013-06-01Z
0,75,263078,BBQ-000013,BBQ VILLAGE PARK BARWON HEADS,"98522 Mathis Viaduct Apt. 909
West Michael, LA 42837",2006-06-15Z
0,75,346851,BBQ-8000018-OS-A,ELECTRIC BBQ,"620 Ashley Mills Apt. 507
Julieborough, OH 56059",2009-07-01Z
0,75,395884,BBQ-800187-OS 2,BBQ,"212 Shelly Roads
Fischerview, LA 02288",2013-06-01Z
0,75,395885,BBQ-800187-OS 3,BBQ,"8885 Lee Tunnel Suite 208
Port Donna, OK 50851",2013-06-01Z
0,75,395886,BBQ-800187-OS 4,BBQ,"693 Michael Estate
Lake Michael, NM 03009",2013-06-01Z
0,75,274927,BBQ-000013-1,BBQ VILLAGE PARK BARWON HEADS,"342 Miller Mission
Lake Jennifer, NY 92905",2007-11-01Z
0,75,131996,BBQ-800359-FS-A,GAS BBQ,"71664 Kim Throughway
Chelsealand, AK 65056",2001-06-30Z
0,75,131997,BBQ-800359-FS-B,GAS BBQ,"66660 Gomez Port Apt. 945
South Thomashaven, AZ 11181",2000-06-30Z
0,75,273789,BBQ-009027,BBQ BREAMLEA PARK,"0131 Williams Ville Apt. 562
Richardberg, FL 53480",2007-06-01Z
0,75,273878,BBQ-009027-A,BBQ BREAMLEA PARK,"22708 Madison Spurs
Herringstad, OR 11353",2007-06-01Z
