col0,col1,col2,col3,col4,col5,col6,col7,col8,col9,col10,col11,col12,col13,col14,col15,col16,col17,col18,col19,col20,col21,col22,col23,col24,col25,col26,col27,col28,col29,col30,col31
A,C,A,C,0.00114175,0.0172,0.421076,0.40159,False,False,False,ebi-a-GCST002245,9,97713459,0.0159,54162,0.2783,Alzheimer's disease (late onset),True,4.09996e-10,462933,97713459,9,0.000182672,ukb-b-11550,Non-cancer illness code, self-reported: atrial fibrillation || id:ukb-b-11550,True,reported,igd,2,True
C,G,C,G,0.0018475,-0.0012,0.32541,0.310139,False,True,False,ebi-a-GCST002245,1,154845534,0.0176,54162,0.9441,Alzheimer's disease (late onset),True,1e-21,462933,154845534,1,0.000192935,ukb-b-11550,Non-cancer illness code, self-reported: atrial fibrillation || id:ukb-b-11550,True,reported,igd,2,True
A,G,A,G,0.00149451,0.0103,0.148231,0.141153,False,False,False,ebi-a-GCST002245,10,105338822,0.0217,54162,0.6362,Alzheimer's disease (late onset),True,4.70002e-09,462933,105338822,10,0.000255214,ukb-b-11550,Non-cancer illness code, self-reported: atrial fibrillation || id:ukb-b-11550,True,reported,igd,2,True
G,A,G,A,0.0016697,-0.0422,0.121611,0.0994036,False,False,False,ebi-a-GCST002245,1,170182246,0.0247,54162,0.08784,Alzheimer's disease (late onset),True,1.5e-09,462933,170182246,1,0.000276462,ukb-b-11550,Non-cancer illness code, self-reported: atrial fibrillation || id:ukb-b-11550,True,reported,igd,2,True
G,T,G,T,-0.00500752,0.0128,0.802584,0.748509,False,False,False,ebi-a-GCST002245,4,111714419,0.0188,54162,0.4972,Alzheimer's disease (late onset),True,3.59749e-108,462933,111714419,4,0.000226647,ukb-b-11550,Non-cancer illness code, self-reported: atrial fibrillation || id:ukb-b-11550,True,reported,igd,2,True
G,A,G,A,0.00104092,0.0141,0.588528,0.617296,False,False,False,ebi-a-GCST002245,12,127991183,0.017,54162,0.4062,Alzheimer's disease (late onset),True,2e-08,462933,127991183,12,0.000185393,ukb-b-11550,Non-cancer illness code, self-reported: atrial fibrillation || id:ukb-b-11550,True,reported,igd,2,True
T,C,T,C,0.00121237,-0.0099,0.316315,0.26839,False,False,False,ebi-a-GCST002245,5,137245067,0.0176,54162,0.5752,Alzheimer's disease (late onset),True,4.49997e-10,462933,137245067,5,0.00019445,ukb-b-11550,Non-cancer illness code, self-reported: atrial fibrillation || id:ukb-b-11550,True,reported,igd,2,True
G,A,G,A,0.00125607,-0.0109,0.724638,0.741551,False,False,False,ebi-a-GCST002245,1,112437853,0.0178,54162,0.5419,Alzheimer's disease (late onset),True,6.1e-10,462933,112437853,1,0.000202966,ukb-b-11550,Non-cancer illness code, self-reported: atrial fibrillation || id:ukb-b-11550,True,reported,igd,2,True
A,T,A,T,0.00182984,0.0057,0.123337,0.125249,False,True,False,ebi-a-GCST002245,10,105480387,0.0232,54162,0.8073,Alzheimer's disease (late onset),True,4.49987e-11,462933,105480387,10,0.000277863,ukb-b-11550,Non-cancer illness code, self-reported: atrial fibrillation || id:ukb-b-11550,True,reported,igd,2,True
T,C,T,C,-0.00153075,0.0115,0.251041,0.245527,False,False,False,ebi-a-GCST002245,7,116190597,0.0178,54162,0.5198,Alzheimer's disease (late onset),True,1.9002e-13,462933,116190597,7,0.000208178,ukb-b-11550,Non-cancer illness code, self-reported: atrial fibrillation || id:ukb-b-11550,True,reported,igd,2,True
A,C,A,C,0.00190655,0.0065,0.741257,0.73161,False,False,False,ebi-a-GCST002245,4,111778267,0.0179,54162,0.7174,Alzheimer's disease (late onset),True,2.90001e-20,462933,111778267,4,0.000206762,ukb-b-11550,Non-cancer illness code, self-reported: atrial fibrillation || id:ukb-b-11550,True,reported,igd,2,True
T,C,T,C,0.00235311,-0.0255,0.166555,0.180915,False,False,False,ebi-a-GCST002245,16,73048367,0.0213,54162,0.232,Alzheimer's disease (late onset),True,2.60016e-22,462933,73048367,16,0.000242194,ukb-b-11550,Non-cancer illness code, self-reported: atrial fibrillation || id:ukb-b-11550,True,reported,igd,2,True
G,A,G,A,0.00116385,-0.026,0.762064,0.754473,False,False,False,ebi-a-GCST002245,12,114790500,0.0185,54162,0.1599,Alzheimer's disease (late onset),True,4.20001e-08,462933,114790500,12,0.000212296,ukb-b-11550,Non-cancer illness code, self-reported: atrial fibrillation || id:ukb-b-11550,True,reported,igd,2,True
