col0,col1,col2,col3,col4
Аурокрафт,aurocraft.com,https://hh.ua/employer/1894545,"6582 Vanessa Oval
New Richard, NE 68819",set()
"Аурум, Туристическая фирма",www.aurumtour.net,https://hh.ua/employer/625009,"7389 Alec Squares Suite 508
Port Jonathan, FL 50177",set()
Аутсорсинговый Колл-центр Cartli,cartli-group.com,https://hh.ua/employer/1416533,"18013 Billy Bridge Suite 522
Schmitthaven, NC 66355",set()
АУТСОРСИНГ ТИМ,outsourcing.team,https://hh.ua/employer/2284082,"891 Bullock Ford
Amandachester, NJ 51431",set()
Афенида Сек Ай Ти,www.afenidasecit.com.ua,https://hh.ua/employer/1219176,"02489 Cook Park
Sherriport, MT 50853",set()
"Афіша Інком, ПП",www.ar.rv.ua,https://hh.ua/employer/3215315,"23450 Timothy Divide
Wuland, UT 20341",set()
Ашлар-Веллум Украина,www.ashlar.com.ua,https://hh.ua/employer/25838,"0976 Williams Mountains Apt. 009
Lake Mario, OH 85565",set()
Багоф,bugoff.net,https://hh.ua/employer/1916687,"1097 Santos Springs Suite 264
New Michelleborough, WY 51884",set()
БАДАТА,badata.net,https://hh.ua/employer/2458289,"5100 Scott Burg
East Clayton, SC 66353",set()
Байконур Медиа,baykonur.com.ua,https://hh.ua/employer/919773,"412 Snow Manors Apt. 161
South Kimtown, NV 57004",set()
БАКОТЕК,www.bakotech.ua,https://hh.ua/employer/142981,"5415 David Square
West Michaeltown, IN 48447",set()
БАНКИ.РУ - УКРАИНА,banki.ua,https://hh.ua/employer/1245477,"03104 Norris Rapids
Port Donald, DE 62982",set()
Банкомсвязь,bkc.com.ua,https://hh.ua/employer/6929,"03557 Phillips Wells Suite 291
New Beverlyburgh, FL 16915",set()
"Баско, ООО, филиал г. Киев",baskokf.com.ua,https://hh.ua/employer/847963,"332 Watson Shore Apt. 290
Millerland, MT 39742",set()
БАТЫЕВКА,www.batyevka.net,https://hh.ua/employer/3375630,"645 John Roads
Danahaven, MS 54060",set()
"Бацан И. Н., ФОП",fonariki.net.ua,https://hh.ua/employer/1155206,"3547 Stephanie Underpass Apt. 418
Port Jacqueline, HI 55774",set()
БЕЙСЛАЙН,baseline.com.ua,https://hh.ua/employer/1414880,"5825 Welch Corners
Fischerport, UT 59363",set()
БелИнТех Украина,bitech.com.ua,https://hh.ua/employer/1004809,"41489 Roger Terrace
Davisfort, IN 71770",set()
Белком,www.belcom.ua,https://hh.ua/employer/1965502,"014 Aaron Locks Suite 714
Justinborough, CO 05147",set()
"Белоброва М.В., ФОП",ifin-zvit.ks.ua,https://hh.ua/employer/2366954,"8518 Pamela Track Apt. 164
Aprilshire, SC 28062",set()
Белый Ветер,wwind.ua,https://hh.ua/employer/1157874,"864 Ramos Port Apt. 211
Moralesmouth, OH 88090",set()
