col0,col1,col2,col3,col4,col5
"<a href=""https://click.linksynergy.com/link?id=2mhs2G02AJA&offerid=358574.437398&type=2&murl=https%3A%2F%2Fwww.udemy.com%2Fdesign-and-develop-a-killer-website-with-html5-and-css3%2F""><IMG border=0 src=""https://udemy-images.udemy.com/course/480x270/437398_46c3_8.jpg"" ></a><IMG border=0 width=1 height=1 src=""https://ad.linksynergy.com/fs-bin/show?id=2mhs2G02AJA&bids=358574.437398&type=2&subid=0"" >",Udemy,Build Responsive Real World Websites with HTML5 and CSS3,437398,195.0,Development
"<a href=""https://click.linksynergy.com/link?id=2mhs2G02AJA&offerid=358574.1302590&type=2&murl=https%3A%2F%2Fwww.udemy.com%2Fstep-by-step-html-and-css-course-for-beginners%2F""><IMG border=0 src=""https://udemy-images.udemy.com/course/480x270/1302590_4889_4.jpg"" ></a><IMG border=0 width=1 height=1 src=""https://ad.linksynergy.com/fs-bin/show?id=2mhs2G02AJA&bids=358574.1302590&type=2&subid=0"" >",Udemy,Step By Step HTML and CSS course for beginners,1302590,120.0,Development
"<a href=""https://click.linksynergy.com/link?id=2mhs2G02AJA&offerid=358574.1252318&type=2&murl=https%3A%2F%2Fwww.udemy.com%2Fthe-complete-html-and-css-course-for-beginners%2F""><IMG border=0 src=""https://udemy-images.udemy.com/course/480x270/1252318_3965_2.jpg"" ></a><IMG border=0 width=1 height=1 src=""https://ad.linksynergy.com/fs-bin/show?id=2mhs2G02AJA&bids=358574.1252318&type=2&subid=0"" >",Udemy,The Complete HTML and CSS Course For Beginners,1252318,85.0,Development
"<a href=""https://click.linksynergy.com/link?id=2mhs2G02AJA&offerid=358574.80940&type=2&murl=https%3A%2F%2Fwww.udemy.com%2Fbuild-website-scratch%2F""><IMG border=0 src=""https://udemy-images.udemy.com/course/480x270/80940_2664_8.jpg"" ></a><IMG border=0 width=1 height=1 src=""https://ad.linksynergy.com/fs-bin/show?id=2mhs2G02AJA&bids=358574.80940&type=2&subid=0"" >",Udemy,Build Websites from Scratch with HTML & CSS,80940,145.0,Development
"<a href=""https://click.linksynergy.com/link?id=2mhs2G02AJA&offerid=358574.365886&type=2&murl=https%3A%2F%2Fwww.udemy.com%2Fcrash-course-html-and-css%2F""><IMG border=0 src=""https://udemy-images.udemy.com/course/480x270/365886_45be_3.jpg"" ></a><IMG border=0 width=1 height=1 src=""https://ad.linksynergy.com/fs-bin/show?id=2mhs2G02AJA&bids=358574.365886&type=2&subid=0"" >",Udemy,A Web Development Crash Course in HTML5 and CSS3,365886,40.0,Development
