col0,col1,col2,col3,col4,col5,col6,col7,col8,col9,col10,col11,col12,col13,col14,col15,col16,col17,col18,col19,col20,col21,col22,col23,col24,col25,col26,col27,col28,col29,col30,col31
rs10962662,A,C,A,C,-0.2571,0.0192,0.2367,0.220676,False,False,False,ebi-a-GCST002245,9,16889937,0.0185,54162,0.2986,Alzheimer's disease (late onset),True,9,0.01873,16889937,54990,8.968090000000001e-44,ieu-a-1228,High grade and low grade serous ovarian cancer || id:ieu-a-1228,True,reported,igd,2,True
rs11658063,G,C,G,C,-0.102,-0.01,0.601,0.60835,False,True,False,ebi-a-GCST002245,17,36103872,0.0172,54162,0.5595,Alzheimer's disease (late onset),True,17,0.01558,36103872,54990,5.99239e-11,ieu-a-1228,High grade and low grade serous ovarian cancer || id:ieu-a-1228,True,reported,igd,2,True
rs11782652,G,A,G,A,0.188,0.0606,0.06811,0.0775348,False,False,False,ebi-a-GCST002245,8,82653644,0.0311,54162,0.05149,Alzheimer's disease (late onset),True,8,0.02854,82653644,54990,5.63638e-11,ieu-a-1228,High grade and low grade serous ovarian cancer || id:ieu-a-1228,True,reported,igd,2,True
rs13254990,T,C,T,C,-0.1045,-0.021,0.3177,0.359841,False,False,False,ebi-a-GCST002245,8,129076451,0.0178,54162,0.2381,Alzheimer's disease (late onset),True,8,0.01653,129076451,54990,2.39199e-10,ieu-a-1228,High grade and low grade serous ovarian cancer || id:ieu-a-1228,True,reported,igd,2,True
rs1516971,C,T,C,T,-0.2401,-0.0061,0.1328,0.105368,False,False,False,ebi-a-GCST002245,8,129542100,0.0228,54162,0.7873,Alzheimer's disease (late onset),True,8,0.02392,129542100,54990,3.1506500000000003e-24,ieu-a-1228,High grade and low grade serous ovarian cancer || id:ieu-a-1228,True,reported,igd,2,True
rs4808075,C,T,C,T,0.1675,-0.0046,0.296,0.260437,False,False,False,ebi-a-GCST002245,19,17390291,0.0173,54162,0.7918,Alzheimer's disease (late onset),True,19,0.0165,17390291,54990,3.7393800000000004e-24,ieu-a-1228,High grade and low grade serous ovarian cancer || id:ieu-a-1228,True,reported,igd,2,True
rs6005807,C,T,C,T,0.1528,-0.0222,0.8986,0.9075547,False,False,False,ebi-a-GCST002245,22,28934313,0.028,54162,0.4269,Alzheimer's disease (late onset),True,22,0.02624,28934313,54990,4.52804e-09,ieu-a-1228,High grade and low grade serous ovarian cancer || id:ieu-a-1228,True,reported,igd,2,True
rs61776212,G,C,G,C,0.0983,0.0203,0.258,0.250497,False,True,False,ebi-a-GCST002245,1,38094512,0.0192,54162,0.2882,Alzheimer's disease (late onset),True,1,0.01724,38094512,54990,1.25199e-08,ieu-a-1228,High grade and low grade serous ovarian cancer || id:ieu-a-1228,True,reported,igd,2,True
rs62276619,T,C,T,C,0.4599,0.0182,0.04882,0.0497018,False,False,False,ebi-a-GCST002245,3,156397692,0.0367,54162,0.6199,Alzheimer's disease (late onset),True,3,0.03171,156397692,54990,5.20835e-47,ieu-a-1228,High grade and low grade serous ovarian cancer || id:ieu-a-1228,True,reported,igd,2,True
rs635634,T,C,T,C,0.1233,-0.0055,0.1972,0.184891,False,False,False,ebi-a-GCST002245,9,136155000,0.0195,54162,0.7793,Alzheimer's disease (late onset),True,9,0.01912,136155000,54990,1.26401e-10,ieu-a-1228,High grade and low grade serous ovarian cancer || id:ieu-a-1228,True,reported,igd,2,True
rs6496746,A,C,A,C,-0.112,-0.0006,0.1762,0.189861,False,False,False,ebi-a-GCST002245,15,91532869,0.0201,54162,0.9757,Alzheimer's disease (late onset),True,15,0.02014,91532869,54990,2.34202e-08,ieu-a-1228,High grade and low grade serous ovarian cancer || id:ieu-a-1228,True,reported,igd,2,True
rs7084454,A,G,A,G,0.09853,-0.0257,0.3279,0.337972,False,False,False,ebi-a-GCST002245,10,21821274,0.0166,54162,0.1213,Alzheimer's disease (late onset),True,10,0.01609,21821274,54990,9.47e-10,ieu-a-1228,High grade and low grade serous ovarian cancer || id:ieu-a-1228,True,reported,igd,2,True
rs7217120,C,T,C,T,0.1326,-0.0311,0.2727,0.269384,False,False,False,ebi-a-GCST002245,17,46484755,0.0179,54162,0.08319,Alzheimer's disease (late onset),True,17,0.01674,46484755,54990,2.60795e-15,ieu-a-1228,High grade and low grade serous ovarian cancer || id:ieu-a-1228,True,reported,igd,2,True
