col0,col1,col2,col3,col4,col5,col6,col7,col8,col9,col10,col11,col12,col13,col14,col15,col16,col17,col18,col19,col20,col21,col22,col23,col24,col25
662436705207644160,153424242,Norma Fisher,"<a href=""http://twitter.com/download/iphone"" rel=""nofollow"">Twitter for iPhone</a>","About to start at GISH, for St Paul and Kearney Catholic. cc: @nebhsvolleyball ",,,,,,,,,,,,,"778 Brown Plaza
North Jenniferfurt, WY 88077",,,,,,,,
662436705220227072,3308532654,Jorge Sullivan,"<a href=""http://twitter.com/download/android"" rel=""nofollow"">Twitter for Android</a>",@__johnnylingo woah woah woah! Now you're getting a little too confident there... Please cover your taco back up ?,2015-11-06 14:09:52,false,false,0.0,false,false,,,,California,admin,https://api.twitter.com/1.1/geo/id/fbd6d2f5a4e4a15e.json,"3513 John Divide Suite 115
Rodriguezside, VT 16860",United States,US,6.624364595011215e+17,1884577796.0,,,,
662436705241272320,802802210,Elizabeth Woods,"<a href=""http://twitter.com/download/iphone"" rel=""nofollow"">Twitter for iPhone</a>",Tomorrow's gonna be different I can guarantee that,2015-11-06 14:09:52,false,false,0.0,false,false,,,,,,,"894 Davis Union
Stewartbury, HI 25324",,,-1.0,-1.0,,,,
662436705211936768,359054646,Susan Wagner,"<a href=""http://twitter.com/download/iphone"" rel=""nofollow"">Twitter for iPhone</a>",I miss my baby so much! ???? https://t.co/Av0i3GeFCd,2015-11-06 14:09:52,false,false,0.0,false,false,,,,,,,"471 Erika Curve
North Megan, UT 71358",,,-1.0,-1.0,,,,
662436713621561344,946325684,Peter Montgomery,"<a href=""http://twitter.com/download/iphone"" rel=""nofollow"">Twitter for iPhone</a>",RT @Rizzie_: justin biebers hotline bling remix is waveyyy https://t.co/Gv2xTwQCs4,2015-11-06 14:09:54,false,true,0.0,false,false,,,,,,,"339 Riley Mission Suite 515
South Brendamouth, ID 32356",,,-1.0,-1.0,6.617092089125765e+17,227282756.0,2015-11-04 13:59:04,
662436717790683136,2341544877,Theodore Mcgrath,"<a href=""http://twitter.com/download/iphone"" rel=""nofollow"">Twitter for iPhone</a>",Such a different person than I was a year ago it's crazyyy,2015-11-06 14:09:55,false,false,0.0,false,false,,,,,,,"35256 Craig Drive Apt. 098
North Davidborough, OK 16189",,,-1.0,-1.0,,,,
662436747184238592,499418008,Stephanie Collins,"<a href=""http://twitter.com/download/iphone"" rel=""nofollow"">Twitter for iPhone</a>",I swear it starts raining and people forget how to drive in the fucken rain! Like if they don't know Oregon's weather.,2015-11-06 14:10:02,false,false,0.0,false,false,,,,,,,"09032 Timothy Stream Apt. 086
Port Jordanbury, SD 39961",,,-1.0,-1.0,,,,
662438638798639104,19631443,Stephanie Sutton,"<a href=""http://instagram.com"" rel=""nofollow"">Instagram</a>",Someone remind me I love my cat because she destroyed over $50 worth of books and I'm ready to kill her. https://t.co/kHhRqb8GgE,2015-11-06 14:17:33,false,false,0.0,false,false,,,,,,,"87091 Gonzalez Knolls
Masseyshire, UT 88665",,,-1.0,-1.0,,,,https://instagram.com/p/9uYFJrm__0/
662439397963513856,448437276,Brian Hamilton,"<a href=""http://twitter.com/",,,,,,,,,,,,,,"225 Wilson Mills
North Thomas, OK 67164",,,,,,,,
