col0,col1,col2,col3,col4,col5,col6,col7,col8,col9,col10,col11,col12,col13,col14,col15,col16,col17,col18,col19,col20,col21,col22,col23,col24,col25,col26,col27,col28,col29,col30,col31
rs10929757,C,A,C,A,0.00270625,-0.009,0.577262,0.542744,False,False,False,ebi-a-GCST002245,2,11702661,0.0159,54162,0.5719,Alzheimer's disease (late onset),True,11702661,1.09999e-10,0.000419571,462933,2,ukb-b-1962,Operation code: bilateral oophorectomy || id:ukb-b-1962,True,reported,igd,2,True
rs2235529,T,C,T,C,0.00406391,-0.0241,0.15533,0.142147,False,False,False,ebi-a-GCST002245,1,22450487,0.0232,54162,0.2994,Alzheimer's disease (late onset),True,22450487,7.29962e-13,0.000566542,462933,1,ukb-b-1962,Operation code: bilateral oophorectomy || id:ukb-b-1962,True,reported,igd,2,True
rs2736100,A,C,A,C,-0.0023399,0.0516,0.497663,0.500994,False,False,False,ebi-a-GCST002245,5,1286516,0.0166,54162,0.001943,Alzheimer's disease (late onset),True,1286516,1.2e-08,0.000410275,462933,5,ukb-b-1962,Operation code: bilateral oophorectomy || id:ukb-b-1962,True,reported,igd,2,True
rs75525300,G,A,G,A,-0.00403944,0.0146,0.160384,0.161034,False,False,False,ebi-a-GCST002245,11,30307989,0.0209,54162,0.4839,Alzheimer's disease (late onset),True,30307989,5.10035e-13,0.000559206,462933,11,ukb-b-1962,Operation code: bilateral oophorectomy || id:ukb-b-1962,True,reported,igd,2,True
rs75730028,G,A,G,A,-0.00496487,-0.0151,0.075092,0.0904573,False,False,False,ebi-a-GCST002245,6,152567983,0.029,54162,0.6019,Alzheimer's disease (late onset),True,152567983,1.7e-10,0.000777949,462933,6,ukb-b-1962,Operation code: bilateral oophorectomy || id:ukb-b-1962,True,reported,igd,2,True
rs7647824,G,A,G,A,-0.00267232,0.0202,0.248932,0.258449,False,False,False,ebi-a-GCST002245,3,169552381,0.0178,54162,0.2555,Alzheimer's disease (late onset),True,169552381,1.7e-08,0.000474191,462933,3,ukb-b-1962,Operation code: bilateral oophorectomy || id:ukb-b-1962,True,reported,igd,2,True
