col0,col1,col2,col3,col4,col5,col6,col7,col8,col9,col10,col11,col12,col13,col14,col15,col16,col17,col18,col19,col20
"BACKGROUND: Lorem ipsum dolor sit amet, consectetuer adipiscing elit. Aenean commodo ligula eget dolor. Aenean massa. Cum sociis natoque penatibus et magnis dis parturient montes, nascetur ridiculus mus.  RESULTS: Donec quam felis, ultricies nec, pellentesque eu, pretium quis, sem. Nulla consequat massa quis enim. CONCLUSIONS: Donec pede justo, fringilla vel, aliquet nec, vulputate eget, arcu. In enim justo, rhoncus ut, imperdiet a, venenatis vitae, justo. Nullam dictum felis eu pede mollis pretium.",lorem,Lorem,http://example.com,"['Marx, Karl', 'Lindgren, Astrid']",12345,1932-6208,"['Pippi', 'Nordwind', 'Piraten']",1008150341,3,United States,Title of reference,2014//,Fun Factory,"['Glattauer, Daniel']",e0815,JOUR,1,http://example_url.com,9,0
"BACKGROUND: Lorem dammed ipsum dolor sit amet, consectetuer adipiscing elit. Aenean commodo ligula eget dolor. Aenean massa. Cum sociis natoque penatibus et magnis dis parturient montes, nascetur ridiculus mus.  RESULTS: Donec quam felis, ultricies nec, pellentesque eu, pretium quis, sem. Nulla consequat massa quis enim. CONCLUSIONS: Donec pede justo, fringilla vel, aliquet nec, vulputate eget, arcu. In enim justo, rhoncus ut, imperdiet a, venenatis vitae, justo. Nullam dictum felis eu pede mollis pretium.",lorem,Lorem,http://example2.com,"['Marxus, Karlus', 'Lindgren, Astrid']",12345,1732-4208,"['Pippi Langstrumpf', 'Nordwind', 'Piraten']",1228150341,3,Germany,The title of the reference,2006//,Dark Factory,"['Glattauer, Daniel']",e0815341,JOUR,0,http://example_url.com,6,0
"BACKGROUND: Lorem ipsum dolor sit amet, consectetuer adipiscing elit. Aenean commodo ligula eget dolor. Aenean massa. Cum sociis natoque penatibus et magnis dis parturient montes, nascetur ridiculus mus.  RESULTS: Donec quam felis, ultricies nec, pellentesque eu, pretium quis, sem. Nulla consequat massa quis enim. CONCLUSIONS: Donec pede justo, fringilla vel, aliquet nec, vulputate eget, arcu. In enim justo, rhoncus ut, imperdiet a, venenatis vitae, justo. Nullam dictum felis eu pede mollis pretium.",lorem,Lorem,http://example.com,"['Marx, Karl', 'Lindgren, Astrid']",12345,1932-6208,"['Pippi', 'Nordwind', 'Piraten']",1008150341,3,United States,Title of reference,2014//,Fun Factory,"['Glattauer, Daniel']",e0815,JOUR,1,http://example_url.com,9,3
"BACKGROUND: Lorem dammed ipsum dolor sit amet, consectetuer adipiscing elit. Aenean commodo ligula eget dolor. Aenean massa. Cum sociis natoque penatibus et magnis dis parturient montes, nascetur ridiculus mus.  RESULTS: Donec quam felis, ultricies nec, pellentesque eu, pretium quis, sem. Nulla consequat massa quis enim. CONCLUSIONS: Donec pede justo, fringilla vel, aliquet nec, vulputate eget, arcu. In enim justo, rhoncus ut, imperdiet a, venenatis vitae, justo. Nullam dictum felis eu pede mollis pretium.",lorem,Lorem,http://example2.com,"['Marxus, Karlus', 'Lindgren, Astrid']",12345,1732-4208,"['Pippi Langstrumpf', 'Nordwind', 'Piraten']",1228150341,3,Germany,The title of the reference,2006//,Dark Factory,"['Glattauer, Daniel']",e0815341,JOUR,0,http://example_url.com,6,4f
"BACKGROUND: Lorem ipsum dolor sit amet, consectetuer adipiscing elit. Aenean commodo ligula eget dolor. Aenean massa. Cum sociis natoque penatibus et magnis dis parturient montes, nascetur ridiculus mus.  RESULTS: Donec quam felis, ultricies nec, pellentesque eu, pretium quis, sem. Nulla consequat massa quis enim. CONCLUSIONS: Donec pede justo, fringilla vel, aliquet nec, vulputate eget, arcu. In enim justo, rhoncus ut, imperdiet a, venenatis vitae, justo. Nullam dictum felis eu pede mollis pretium.",lorem,Lorem,http://example.com,"['Marx, Karl', 'Lindgren, Astrid']",12345,1932-6208,"['Pippi', 'Nordwind', 'Piraten']",1008150341,3,United States,Title of reference,2014//,Fun Factory,"['Glattauer, Daniel']",e0815,JOUR,1,http://example_url.com,9,5
"BACKGROUND: Lorem dammed ipsum dolor sit amet, consectetuer adipiscing elit. Aenean commodo ligula eget dolor. Aenean massa. Cum sociis natoque penatibus et magnis dis parturient montes, nascetur ridiculus mus.  RESULTS: Donec quam felis, ultricies nec, pellentesque eu, pretium quis, sem. Nulla consequat massa quis enim. CONCLUSIONS: Donec pede justo, fringilla vel, aliquet nec, vulputate eget, arcu. In enim justo, rhoncus ut, imperdiet a, venenatis vitae, justo. Nullam dictum felis eu pede mollis pretium.",lorem,Lorem,http://example2.com,"['Marxus, Karlus', 'Lindgren, Astrid']",12345,1732-4208,"['Pippi Langstrumpf', 'Nordwind', 'Piraten']",1228150341,3,Germany,The title of the reference,2006//,Dark Factory,"['Glattauer, Daniel']",e0815341,JOUR,0,http://example_url.com,6,7
