col0,col1,col2,col3,col4,col5
7671,IX7671,"KCHDOC^DOCTOR, DR KCH",1,FBC,16/02/2013
7672,IX7672,"KCHDOC^DOCTOR, DR KCH",1,FBC,03/04/2013
7903,IX7903,"KCHDOC^DOCTOR, DR KCH",1,PGLU,19/05/2013
7904,IX7904,"KCHDOC^DOCTOR, DR KCH",1,PGLU,04/07/2013
7937,IX7937,"KCHDOC^DOCTOR, DR KCH",1,LFT,19/08/2013
7938,IX7938,"KCHDOC^DOCTOR, DR KCH",1,AMY,04/10/2013
7939,IX7939,"KCHDOC^DOCTOR, DR KCH",1,BONE,19/11/2013
7940,IX7940,"KCHDOC^DOCTOR, DR KCH",1,FLIP,04/01/2014
7941,IX7941,"KCHDOC^DOCTOR, DR KCH",1,RENU,19/02/2014
7942,IX7942,"KCHDOC^DOCTOR, DR KCH",1,CRP,06/04/2014
7943,IX7943,"KCHDOC^DOCTOR, DR KCH",1,LFT,22/05/2014
7944,IX7944,"KCHDOC^DOCTOR, DR KCH",1,AMY,07/07/2014
7945,IX7945,"KCHDOC^DOCTOR, DR KCH",1,BONE,22/08/2014
7946,IX7946,"KCHDOC^DOCTOR, DR KCH",1,FLIP,07/10/2014
7947,IX7947,"KCHDOC^DOCTOR, DR KCH",1,RENU,22/11/2014
7948,IX7948,"KCHDOC^DOCTOR, DR KCH",1,FBC,07/01/2015
7443,IX7443,"KCHDOC^DOCTOR, DR KCH",1,LFT,22/02/2015
7444,IX7444,"KCHDOC^DOCTOR, DR KCH",1,AMY,08/04/2015
7445,IX7445,"KCHDOC^DOCTOR, DR KCH",1,BONE,24/05/2015
7446,IX7446,"KCHDOC^DOCTOR, DR KCH",1,FER,09/07/2015
7447,IX7447,"KCHDOC^DOCTOR, DR KCH",1,FLIP,24/08/2015
7448,IX7448,"KCHDOC^DOCTOR, DR KCH",1,B12,09/10/2015
7449,IX7449,"KCHDOC^DOCTOR, DR KCH",1,TFT,24/11/2015
7450,IX7450,"KCHDOC^DOCTOR, DR KCH",1,FOL,09/01/2016
7451,IX7451,"KCHDOC^DOCTOR, DR KCH",1,RENU,24/02/2016
7452,IX7452,"KCHDOC^DOCTOR, DR KCH",1,CRP,11/04/2016
7453,IX7453,"KCHDOC^DOCTOR, DR KCH",1,LFT,27/05/2016
7454,IX7454,"KCHDOC^DOCTOR, DR KCH",1,AMY,12/07/2016
7455,IX7455,"KCHDOC^DOCTOR, DR KCH",1,BONE,27/08/2016
7456,IX7456,"KCHDOC^DOCTOR, DR KCH",1,FER,12/10/2016
7457,IX7457,"KCHDOC^DOCTOR, DR KCH",1,FLIP,27/11/2016
7458,IX7458,"KCHDOC^DOCTOR, DR KCH",1,FBC,12/01/2019
7459,IX7459,"KCHDOC^DOCTOR, DR KCH",1,TFT,27/02/2019
7460,IX7460,"KCHDOC^DOCTOR, DR KCH",1,FOL,14/04/2019
7461,IX7461,"KCHDOC^DOCTOR, DR KCH",1,RENU,30/05/2019
7462,IX7462,"KCHDOC^DOCTOR, DR KCH",1,CRP,15/07/2019
7367,IX7367,"KCHDOC^DOCTOR, DR KCH",1,LFT,30/08/2019
7368,IX7368,"KCHDOC^DOCTOR, DR KCH",1,AMY,15/10/2019
7369,IX7369,"KCHDOC^DOCTOR, DR KCH",1,BONE,30/11/2019
7370,IX7370,"KCHDOC^DOCTOR, DR KCH",1,FER,15/01/2019
7371,IX7371,"KCHDOC^DOCTOR, DR KCH",1,FLIP,02/03/2019
7372,IX7372,"KCHDOC^DOCTOR, DR KCH",1,B12,17/04/2019
7373,IX7373,"KCHDOC^DOCTOR, DR KCH",1,TFT,02/06/2019
7374,IX7374,"KCHDOC^DOCTOR, DR KCH",1,FOL,18/07/2019
7375,IX7375,"KCHDOC^DOCTOR, DR KCH",1,RENU,02/09/2019
7376,IX7376,"KCHDOC^DOCTOR, DR KCH",1,CRP,18/10/2019
7377,IX7377,"KCHDOC^DOCTOR, DR KCH",1,C125,03/12/2019
7378,IX7378,"KCHDOC^DOCTOR, DR KCH",1,LFT,18/01/2020
7379,IX7379,"KCHDOC^DOCTOR, DR KCH",1,AMY,04/03/2020
7380,IX7380,"KCHDOC^DOCTOR, DR KCH",1,BONE,19/03/2020
7381,IX7381,"KCHDOC^DOCTOR, DR KCH",1,FER,01/03/2020
7382,IX7382,"KCHDOC^DOCTOR, DR KCH",1,FLIP,20/07/2020
7383,IX7383,"KCHDOC^DOCTOR, DR KCH",1,B12,04/09/2020
7384,IX7384,"KCHDOC^DOCTOR, DR KCH",1,TFT,20/10/2020
7385,IX7385,"KCHDOC^DOCTOR, DR KCH",1,FBC,15/01/2020
7386,IX7386,"KCHDOC^DOCTOR, DR KCH",1,FBC,01/02/2020
7387,IX7387,"KCHDOC^DOCTOR, DR KCH",1,FBC,25/02/2020
7388,IX7388,"KCHDOC^DOCTOR, DR KCH",1,FBC,03/03/2020
7793,IX7793,"KCHDOC^DOCTOR, DR KCH",1,FBC,07/03/2020
7794,IX7794,"KCHDOC^DOCTOR, DR KCH",1,FBC,15/03/2020
