col0,col1,col2,col3
<9674196.1075860355513.JavaMail.evans@thyme>,mailer-daemon@bracepatt.com,2001-03-23 04:33:00,Message status undeliverablemessage that you sent was undeliverable to the following user not found Possibly truncated original message follows Received from mcafeebracepattcom by bracepattcom Fri Mar Received FROM postmasterenroncom BY mcafeebracepattcom Fri Mar XProxy keymasterbracepattcom protected Received from mailmanenroncom mailmanenroncom by postmasterenroncom postmaster with ESMTP id SAA Fri Mar GMT From Received from nahoumsmswpxcorpenroncom by mailmanenroncom corp with ESMTP id fNIWcL Fri Mar CST Received from enemtaenroncom unverified by nahoumsmswpxcorpenroncom Content Technologies SMTPRS with ESMTP id Fri Mar Subject Im Leaving Enron To KADDENCOM kaddencom 
<23001287.1075860355535.JavaMail.evans@thyme>,mailer-daemon@bracepatt.com,2001-03-23 04:33:00,Message status undeliverablemessage that you sent was undeliverable to the following user not found Possibly truncated original message follows Received from mcafeebracepattcom by bracepattcom Fri Mar Received FROM postmasterenroncom BY mcafeebracepattcom Fri Mar XProxy keymasterbracepattcom protected Received from mailmanenroncom mailmanenroncom by postmasterenroncom postmaster with ESMTP id SAA Fri Mar GMT From Received from nahoumsmswpxcorpenroncom by mailmanenroncom corp with ESMTP id fNIWcL Fri Mar CST Received from enemtaenroncom unverified by nahoumsmswpxcorpenroncom Content Technologies SMTPRS with ESMTP id Fri Mar Subject Im Leaving Enron To KADDENCOM kaddencom 
<3376103.1075860406897.JavaMail.evans@thyme>,mailer-daemon@bracepatt.com,2001-03-23 04:33:00,Message status undeliverablemessage that you sent was undeliverable to the following user not found Possibly truncated original message follows Received from mcafeebracepattcom by bracepattcom Fri Mar Received FROM postmasterenroncom BY mcafeebracepattcom Fri Mar XProxy keymasterbracepattcom protected Received from mailmanenroncom mailmanenroncom by postmasterenroncom postmaster with ESMTP id SAA Fri Mar GMT From Received from nahoumsmswpxcorpenroncom by mailmanenroncom corp with ESMTP id fNIWcL Fri Mar CST Received from enemtaenroncom unverified by nahoumsmswpxcorpenroncom Content Technologies SMTPRS with ESMTP id Fri Mar Subject Im Leaving Enron To KADDENCOM kaddencom 
<1629665.1075860406920.JavaMail.evans@thyme>,mailer-daemon@bracepatt.com,2001-03-23 04:33:00,Message status undeliverablemessage that you sent was undeliverable to the following user not found Possibly truncated original message follows Received from mcafeebracepattcom by bracepattcom Fri Mar Received FROM postmasterenroncom BY mcafeebracepattcom Fri Mar XProxy keymasterbracepattcom protected Received from mailmanenroncom mailmanenroncom by postmasterenroncom postmaster with ESMTP id SAA Fri Mar GMT From Received from nahoumsmswpxcorpenroncom by mailmanenroncom corp with ESMTP id fNIWcL Fri Mar CST Received from enemtaenroncom unverified by nahoumsmswpxcorpenroncom Content Technologies SMTPRS with ESMTP id Fri Mar Subject Im Leaving Enron To KADDENCOM kaddencom 
<31999453.1075860451260.JavaMail.evans@thyme>,mailer-daemon@bracepatt.com,2001-03-23 04:33:00,Message status undeliverablemessage that you sent was undeliverable to the following user not found Possibly truncated original message follows Received from mcafeebracepattcom by bracepattcom Fri Mar Received FROM postmasterenroncom BY mcafeebracepattcom Fri Mar XProxy keymasterbracepattcom protected Received from mailmanenroncom mailmanenroncom by postmasterenroncom postmaster with ESMTP id SAA Fri Mar GMT From Received from nahoumsmswpxcorpenroncom by mailmanenroncom corp with ESMTP id fNIWcL Fri Mar CST Received from enemtaenroncom unverified by nahoumsmswpxcorpenroncom Content Technologies SMTPRS with ESMTP id Fri Mar Subject Im Leaving Enron To KADDENCOM kaddencom 
<4383330.1075860451282.JavaMail.evans@thyme>,mailer-daemon@bracepatt.com,2001-03-23 04:33:00,Message status undeliverablemessage that you sent was undeliverable to the following user not found Possibly truncated original message follows Received from mcafeebracepattcom by bracepattcom Fri Mar Received FROM postmasterenroncom BY mcafeebracepattcom Fri Mar XProxy keymasterbracepattcom protected Received from mailmanenroncom mailmanenroncom by postmasterenroncom postmaster with ESMTP id SAA Fri Mar GMT From Received from nahoumsmswpxcorpenroncom by mailmanenroncom corp with ESMTP id fNIWcL Fri Mar CST Received from enemtaenroncom unverified by nahoumsmswpxcorpenroncom Content Technologies SMTPRS with ESMTP id Fri Mar Subject Im Leaving Enron To KADDENCOM kaddencom 
