col0,col1,col2,col3,col4,col5,col6,col7
saul,goodman,"5938 Juan Throughway Apt. 948
West Corey, TX 43780",US,Test Group 1,federatedID,,
saul,goodman,"6593 Ramos Pike
Bryanside, AL 12726",US,Test Group 2,federatedID,,
saul,goodman,"097 Sanchez Islands Apt. 393
Port Tammy, ND 59217",US,Test Group 5,federatedID,,
saul,goodman,"714 Mann Plaza Suite 839
Seanfurt, OK 32234",US,Test Group 1,federatedID,,
saul,goodman,"09471 Erika Curve
North Megan, UT 71358",US,Test Group 2,federatedID,,
saul,goodman,"339 Riley Mission Suite 515
South Brendamouth, ID 32356",US,Test Group 1,federatedID,,
saul,goodman,"35256 Craig Drive Apt. 098
North Davidborough, OK 16189",US,Test Group 1,federatedID,,
saul,goodman,"09032 Timothy Stream Apt. 086
Port Jordanbury, SD 39961",US,Test Group 1,federatedID,,
saul,goodman,"87091 Gonzalez Knolls
Masseyshire, UT 88665",US,Test Group 1,federatedID,,
saul,goodman,"225 Wilson Mills
North Thomas, OK 67164",US,Test Group 5,federatedID,,
saul,goodman,"PSC 5642, Box 8071
APO AA 97365",US,Test Group 5,federatedID,,
saul,goodman,"37594 Garza Roads Apt. 466
North Brookemouth, IA 29742",US,Test Group 5,federatedID,,
saul,goodman,"960 Savage Port Suite 027
West Jacquelinemouth, NM 74085",US,Test Group 2,federatedID,,
saul,goodman,"75470 Lopez Roads
Port Jessicatown, TX 55221",US,,federatedID,,
