col0,col1,col2,col3,col4,col5,col6,col7,col8,col9,col10,col11,col12,col13,col14,col15
TsUser,getAdminToken,Y,Retrieve a token from Token Generator,RESTfulAPI,/admin/login,application/json,POST,,,,"{""email"": ""<@adminUserName>"",""password"": ""<@adminUserPassword>""}",.user.roles..id:<$roles>; .token:<$accessTokenAdmin>;.user.id:<$userId>,200,"{
  ""data"": {
    ""user"": {
      ""id"": 1,
      ""firstname"": ""auto "",
      ""lastname"": ""user"",
      ""username"": ""autoAdmin1"",
      ""email"": ""autouser313@gmail.com"",
      ""registrationToken"": null,
      ""isActive"": true,
      ""blocked"": null,

    }
  }
}",
TsUser,createUser,Y,create user,RESTfulAPI,/content-manager/collection-types/plugins::users-permissions.user,application/json,POST,DEPENDS_ON_TEST:getAdminToken,Authorization: Bearer <@accessTokenAdmin>,,"{""confirmed"":false,""blocked"":false,""username"":""zzz_test<@_RAND16>"",""email"":""testuser+<@_TIME_MS_24>@gmail.com"",""password"":""password<@_TIME_MS_24>""}",id:<$userId>,201,"_VERIFY.JSON.PART_
username:1:equalTo(zzz_test<@_RAND16>);
email:1:equalTo(testuser+<@_TIME_MS_24>@gmail.com);",
TsUser,createUserNoToken,Y,create user  no token,RESTfulAPI,/content-manager/collection-types/plugins::users-permissions.user,application/json,POST,,NO_TOKEN,,"{""confirmed"":false,""blocked"":false,""username"":""zzz_test<@_RAND16>"",""email"":""testuser+<@_TIME_MS_24>@gmail.com"",""password"":""password<@_TIME_MS_25>""}",,403,"{""statusCode"":403,""error"":""Forbidden"",""message"":""Forbidden""}",
TsUser,createUserInvalidToken,Y,create user invalid token,RESTfulAPI,/content-manager/collection-types/plugins::users-permissions.user,application/json,POST,WAIT_FOR_RESPONSE:60,INVALID_TOKEN,,"{""confirmed"":false,""blocked"":false,""username"":""zzz_test<@_RAND16>"",""email"":""testuser+<@_TIME_MS_24>@gmail.com"",""password"":""password<@_TIME_MS_26>""}",,401,"{""statusCode"":401,""error"":""Unauthorized""}",
TsUser,updateUser,Y,update user,RESTfulAPI,/content-manager/collection-types/plugins::users-permissions.user/<@userId>,application/json,PUT,,Authorization: Bearer <@accessTokenAdmin>,,"{""username"":""zzz_update<@_RAND16>"",""email"":""testupdate+<@_TIME_MS_24>@gmail.com"",""password"":""password<@_TIME_MS_24>"",""confirmed"":true}",,200,"_VERIFY.JSON.PART_
username:1:equalTo(zzz_update<@_RAND16>);
email:1:equalTo(testupdate+<@_TIME_MS_24>@gmail.com);",
TsUser,deleteUser,Y,delete user,RESTfulAPI,/content-manager/collection-types/plugins::users-permissions.user/<@userId>,,DELETE,,Authorization: Bearer <@accessTokenAdmin>,,,,200,,
