col0,col1,col2,col3,col4,col5,col6,col7,col8,col9,col10,col11,col12,col13
"USNS Sherman
FPO AA 72947",033208 20188,False,BB-106460,52.460.876,12.963.584,Norma Fisher,106460,033208 20187,Grundschule,,BB,A06,Neue+Grundschule+Marquardt+anerkannte+Ersatzschule
"805 James Turnpike
Carrmouth, GA 93500",0331 6009305,False,BB-106306,52.364.054,13.127.897,Jorge Sullivan,106306,0331 6009301,Grundschule,,BB,A01,Schiller+Grundschule+im+Sternfeld+anerkannte+Ersatzschule
"8081 Smith Trail
North Ronaldstad, NV 44515",0331 2011049,False,BB-106124,52.382.314,13.136.734,Elizabeth Woods,106124,0331 20029766,Grundschule,,BB,A02,Neue+Grundschule+Potsdam+anerkannte+Ersatzschule
"125 Ian Crossroad Apt. 593
South Deannaport, MS 07347",,False,BB-106586,52.395.952,13.114.308,Susan Wagner,106586,0331 60037130,Grundschule,,BB,,Katholische+Marienschule+Potsdam+Grundschule+-+anerkannte+Ersatzschule
"1607 Munoz River
Emilyshire, NH 54532",0331 88739428,False,BB-106446,52.372.681,13.079.388,Peter Montgomery,106446,0331 8873550,Grundschule,,BB,A08,Internationale+Grundschule+Potsdam+Primary+School+genehmigte+Ersatzschule
"3615 David Keys Apt. 269
West Stephenside, UT 65516",0331 8714813,False,BB-106010,52.376.098,13.100.796,Theodore Mcgrath,106010,0331 8714810,Grundschule,,BB,A03,Freie+Schule+Potsdam+des+Vereins+Freie+Schule+Potsdam+e.V.
"640 Mary Common
Michaelville, AZ 20721",0331 7309316,False,BB-106471,52.392.174,13.090.328,Stephanie Collins,106471,0331 7309314,Grundschule,,BB,,Evangelische+Grundschule+Potsdam-Babelsberg+-anerkannte+Ersatzschule
"PSC 4006, Box 5282
APO AE 23388",0331 2803666,False,BB-106045,52.415.616,13.063.331,Stephanie Sutton,106045,0331 2803660,Grundschule,,BB,A04,Evangelische+Grundschule+Potsdam
"395 Timothy Road
Williamsbury, LA 43567",0331 7304071,False,BB-106732,52.404.877,12.988.227,Brian Hamilton,106732,0171 8182464,Grundschule,,BB,,AWO+Grundschule+Marie+Juchacz+Potsdam+-+genehmigte+Ersatzschule
"3267 Walter Dam
Cunninghamtown, OR 01239",0331 2733039,False,BB-106320,52.359.43,13.093.65,Susan Levy,106320,0331 2733034,Grundschule,,BB,A07,Aktive+Schule+Potsdam+Grundschule
"00580 Brandon Creek
Port Eric, MS 03966",033201 20415,False,BB-103512,52.466.012,13.104.282,Sean Green,103512,033201 20414,Grundschule,,BB,6,Grundschule+Hanna+von+Pestalozza
"325 Amanda Cliffs Apt. 695
South Paulabury, MS 29996",033208 217874,False,BB-112082,52.471.927,13.004.958,Kimberly Smith,112082,033208 50260,Grundschule,,BB,7,Regenbogenschule+Fahrland
"PSC 3769, Box 1448
APO AA 71586",0331 2897521,False,BB-105429,52.389.277,13.022.926,Jennifer Summers,105429,0331 2897520,Grundschule,,BB,23,Zeppelin-Grundschule
"40956 Amanda Walk Apt. 260
Simonfurt, CT 93980",0331 2897281,False,BB-105351,52.378.114,13.097.016,April Snyder,105351,0331 2897280,Grundschule,,BB,40,Weidenhof-Grundschule
"25762 Gill Creek Suite 525
Mccoyton, KS 23687",0331 2897631,False,BB-105430,52.367.526,13.096.144,Dana Nguyen,105430,0331 2897630,Grundschule,,BB,27,Waldstadt-Grundschule
"6048 Johnson Loop Suite 635
East Daniel, GA 04593",0331 2897651,False,BB-112999,52.396.103,13.116.227,Cheryl Bradley,112999,0331 2897650,Grundschule,,BB,33,Schule+am+Griebnitzsee
"1168 Gary Fords Apt. 308
Port Trevor, RI 96954",0331 2897951,False,BB-105454,52.397.313,13.066.928,Walter Pratt,105454,0331 2897950,Grundschule,,BB,19,Rosa-Luxemburg-Schule
"164 Matthew Parkway Suite 826
Jimmyfurt, MS 62271",0331 2898131,False,BB-113001,52.360.41,13.091.496,Bobby Flores,113001,0331 2898130,Oberschule mit Grundschule,,BB,,Oberschule+Theodor+Fontane+mit+Primarstufe
"1220 Heidi Rue Apt. 998
West Haleyburgh, CO 05222",0331 2898061,False,BB-112963,52.388.863,13.013.365,Tasha Rodriguez,112963,0331 2898060,Oberschule mit Grundschule,,BB,,Montessori-Oberschule+mit+Primarstufe
"751 Wood Square Suite 732
Port Melissaburgh, SD 22365",0331 2897601,False,BB-112938,52.415.626,13.033.699,Michelle Kelley,112938,0331 2897600,Grundschule,,BB,25/26,Karl-Foerster-Schule+St%C3%A4dtische+Grundschule+Potsdam
"376 Smith Dale Suite 279
South Sarahland, OR 53609",0331 2897801,False,BB-106008,52.359.701,13.136.927,Kimberly Maynard,106008,0331 2897800,Grundschule,,BB,56,Grundschule+Im+Kirchsteigfeld
"79148 Pierce Lock Suite 423
Erikberg, CA 09478",0331 2894531,False,BB-106677,52.411.451,13.046.629,Laurie Wallace,106677,0331 2894530,Grundschule,,BB,,Grundschule+im+Bornstedter+Feld
"147 Lisa Hill Apt. 512
Port Elizabethshire, ID 01425",0331 2896201,False,BB-106720,52.422.374,13.002.744,Janice Johnston,106720,0331 2896200,Grundschule,,BB,,Grundschule+Bornim
"971 Hansen Well Suite 103
South Mary, KY 29941",0331 2897721,False,BB-105363,52.375.921,13.134.456,Collin Lopez,105363,0331 2897720,Grundschule,,BB,36/45,Grundschule+Am+Pappelhain
"511 Berry Fork Suite 623
Sharonfort, WY 47577",0331 2897761,False,BB-105405,52.396.4728,13.076.753,Mary Alvarez,105405,0331 2897760,Grundschule,,BB,37,Grundschule+am+Humboldtring
"65873 Chen Knolls
Ramirezfurt, WI 94134",0331 2897441,False,BB-105326,52.397.8441,13.053.0114,Peter Mcdowell,105326,0331 2897440,Grundschule,,BB,8,Grundschule+Max+Dortu
"Unit 1741 Box 7253
DPO AP 25003",0331 2897401,False,BB-103421,52.405.351,12.993.501,Sarah Villanueva,103421,0331 2897400,Grundschule,,BB,2,Grundschule+Ludwig+Renn
"USNV Porter
FPO AE 89774",0331 2897481,False,BB-105491,52.395.381,13.093.89,Kimberly Myers,105491,0331 2897480,Grundschule,,BB,16,Grundschule+Bruno+H.+B%C3%BCrgel
"8799 Emma Parkway Suite 735
North Thomasfurt, IN 57039",0331 2897501,False,BB-105466,52.366.156,13.134.57,Desiree Cain,105466,0331 2897500,Grundschule,,BB,20,Grundschule+Am+Priesterweg
"Unit 9061 Box 4352
DPO AE 24201",,False,BB-106770,52.4,13.066.67,Stephanie Lawrence,106770,0331 2896250,Grundschule,,BB,,Grundschule+im+Bornstedter+Feld+-+Rote+Kaserne+Ost
"30068 David View Apt. 173
New Peggychester, ND 23718",0331 2898051,False,BB-106653,52.390.422,13.099.345,Lauren Hayes,106653,0331 2898050,Grundschule,,BB,31,Goethe-Grundschule
"PSC 3667, Box 0636
APO AE 81210",0331 2897461,False,BB-105478,52.394.267,13.034.207,Whitney Stark,105478,0331 2897460,Grundschule,,BB,12,Gerhart-Hauptmann-Grundschule+Potsdam
"USS Aguilar
FPO AP 48665",0331 2897561,False,BB-105533,52.404.226,13.061.542,Angela Salazar,105533,0331 2897560,Grundschule,,BB,24,Eisenhart-Schule
