col0,col1,col2,col3,col4,col5
-,Norma Fisher,"845 Monroe Glen Apt. 807
West Joanneside, DC 31975",Russia,1gray,yes
-,Jorge Sullivan,"9459 Jennifer Loaf Suite 109
Lake Matthew, IN 84046",Canada,epatton,yes
-,Elizabeth Woods,"69602 Brown Squares Apt. 787
North Troyport, NH 07035",USA,ltoma,yes
-,Susan Wagner,"81206 Stewart Forest Apt. 089
East Davidborough, ME 37198",Germany,mmetz,yes
-,Peter Montgomery,"76104 Marsh Crescent
Dennishaven, SD 85034",Latvia,marisn,yes
-,Theodore Mcgrath,"0003 Grant Lakes
Port Karafort, SD 60619",Italy,marcopx,yes
-,Stephanie Collins,"236 Smith Drive Suite 555
West Kimberlyton, KY 21978",Philippines,ychemin,yes
-,Stephanie Sutton,"6824 Timothy Garden Apt. 428
West Richardmouth, MT 14742",USA,cnielsen,yes
-,Brian Hamilton,"5517 Holly Meadow Apt. 452
Lake Anne, SC 11894",Italy,aghisla,yes
-,Susan Levy,"30601 Hawkins Highway
Morashire, TX 28976",Austria,hellik,yes
-,Sean Green,"49263 Wilson View Apt. 873
South Raymondborough, AZ 28798",Czech Republic,annakrat,yes
-,Kimberly Smith,"76582 Vanessa Oval
New Richard, NE 68819",Italy,lucadelu,yes
alex,Jennifer Summers,"7389 Alec Squares Suite 508
Port Jonathan, FL 50177",Russia,-,-
andreas,April Snyder,"18013 Billy Bridge Suite 522
Schmitthaven, NC 66355",Germany,-,-
benjamin,Dana Nguyen,"891 Bullock Ford
Amandachester, NJ 51431",Germany,benducke,yes
bernhard,Cheryl Bradley,"02489 Cook Park
Sherriport, MT 50853",Germany,-,-
bob,Walter Pratt,"23450 Timothy Divide
Wuland, UT 20341",Canada,-,-
brad,Bobby Flores,"0976 Williams Mountains Apt. 009
Lake Mario, OH 85565",USA,bdouglas,yes
carlos,Tasha Rodriguez,"1097 Santos Springs Suite 264
New Michelleborough, WY 51884",Spain,cdavilam,yes
cedric,Michelle Kelley,"5100 Scott Burg
East Clayton, SC 66353",USA,-,-
cho,Kimberly Maynard,"412 Snow Manors Apt. 161
South Kimtown, NV 57004",USA,hcho,yes
danielc,Laurie Wallace,"5415 David Square
West Michaeltown, IN 48447",Peru,dcalvelo,yes
david,Janice Johnston,"03104 Norris Rapids
Port Donald, DE 62982",UK,-,-
eric,Collin Lopez,"03557 Phillips Wells Suite 291
New Beverlyburgh, FL 16915",USA,-,-
florian,Mary Alvarez,"332 Watson Shore Apt. 290
Millerland, MT 39742",Germany,-,-
frankw,Peter Mcdowell,"645 John Roads
Danahaven, MS 54060",Canada,warmerdam,-
glynn,Sarah Villanueva,"3547 Stephanie Underpass Apt. 418
Port Jacqueline, HI 55774",UK,glynn,yes
hamish,Kimberly Myers,"5825 Welch Corners
Fischerport, UT 59363",New Zealand,hamish,yes
helena,Desiree Cain,"41489 Roger Terrace
Davisfort, IN 71770",USA,helena,yes
jachym,Stephanie Lawrence,"014 Aaron Locks Suite 714
Justinborough, CO 05147",Czech Republic,jachym,yes
jan,Lauren Hayes,"8518 Pamela Track Apt. 164
Aprilshire, SC 28062",Germany,-,-
john,Whitney Stark,"864 Ramos Port Apt. 211
Moralesmouth, OH 88090",USA,-,-
justin,Angela Salazar,"637 Neal Island Suite 074
Lake Tyler, RI 28775",Thailand,-,-
markus,Mr. Ryan Sanchez,"0811 Smith Canyon Apt. 904
Jessicabury, WV 75585",Italy,neteler,yes
martin,Autumn Robinson,"7562 Fisher Spur
Hernandezberg, MD 17438",Germany,wegmann,yes
martinl,Faith Cabrera,"5667 Blair Underpass
South Shelby, VT 07027",Czech Republic,martinl,yes
massimo,Charles Wolfe,"PSC 0312, Box 5023
APO AP 39498",Switzerland,-,-
michael,Kenneth Kent,"6708 Carpenter Overpass Suite 735
Bobbyton, MI 01008",USA,cmbarton,yes
mike,Melanie Johnson,"16396 Shawn Junction
New Nicolemouth, ND 60236",Australia,-,-
moritz,Lisa Johnston,"PSC 4080, Box 3513
APO AP 45818",Belgium,mlennert,yes
msieczka,Jacob Hooper,"4486 Olson Well
North Kevin, CA 01707",Poland,msieczka,yes
paul,Alex Woodward,"67771 Christopher Courts Apt. 637
Port Ronaldfurt, HI 33233",UK,pkelly,yes
paulo,Caleb Clark,"5561 Bishop Turnpike
Lake Kenneth, NY 79756",Brazil,pmarcondes,-
pallech,Taylor Johnson,"3019 Gerald Mall Apt. 340
Trevinoville, SD 36216",Italy,-,-
radim,Brian Green,"84331 Leonard Fort Suite 749
East Lisa, NY 43477",Czech Republic,rblazek,-
roberto,Matthew Bell,"62281 Kathy Tunnel
Hudsonborough, VA 17819",Italy,-,-
robertoa,Jonathan Williams,"9927 Christina Burg Suite 774
East Angelaburgh, NM 97149",Spain,rantolin,yes
roger,William Gonzalez,"142 Warner View Suite 460
North Leslie, IA 45480",USA,-,-
scott,Nicholas Massey,"5240 Berry Centers
West Andrew, AR 03720",Canada,smitch,yes
soeren,Caroline Chambers,"51056 Patricia Forge
Grahamstad, HI 85576",Germany,huhabla,yes
stephan,Amy Lowe,"0648 Malone Port Apt. 662
New Devonhaven, VA 92199",Germany,sholl,yes
william,Gloria King,"23028 Jennifer Meadow Apt. 972
West Matthewfurt, SC 05261",USA,kyngchaos,yes
wolf,Jessica Thompson,"2738 Martin Terrace Suite 547
Smithhaven, LA 72649",Finland,wolf,yes
