col0,col1,col2,col3,col4,col5,col6,col7,col8,col9,col10,col11,col12
DOC,,,marine facility ID or virtual observatory ID,,,,,,,is this boolean or?,,
R2_DEMO,PM11,USER_1,MF_3,Shallow Profilern Demo,Shallow Profiler Model w/200M platform,RSN,,SP,False,Intermittent,http://mmisw.org/ont/mmi/platform/VerticalProfiler,0.0
R2_DEMO,PM12,USER_1,MF_3,Medium Power J-Box Demo,Medium Power Junction Box (J-Box) Model,RSN,,MJ,False,Always Fast,http://mmisw.org/ont/mmi/platform/BenthicNode,0.0
R2_DEMO,PM13,USER_1,MF_3,200m Platform Demo,200-meter Platform for Shallow Profiler Model,RSN,,FI,False,TRUE,http://mmisw.org/ont/mmi/platform/mooring,0.0
R2_DEMO,PM14,USER_1,MF_3,Deep Profiler Demo,Wire-following Deep Profiler Model,RSN,,WF,False,TRUE,http://mmisw.org/ont/mmi/platform/VerticalProfiler,0.0
R2_DEMO,PM15,USER_1,MF_3,Low Power J-Box Demo,Low Power Junction Box (J-Box) Model,RSN,,LJ,False,TRUE,http://mmisw.org/ont/mmi/platform/BenthicNode,0.0
R2_DEMO,PM16,USER_1,MF_3,Low Voltage Node Demo,Low Voltage Node Model,RSN,,??,False,TRUE,http://mmisw.org/ont/mmi/platform/BenthicNode,0.0
