col0,col1,col2,col3,col4,col5,col6,col7
P00000006,Norma Fisher,Norma Fisher,"1157 Michael Island
New Thomas, NC 34644",,,,
P00000007,Jorge Sullivan,Jorge Sullivan,"60975 Jessica Squares
East Sallybury, FL 71671",Vereinsjahr 2020 / Passivmitgliedschaft 2020,2.0,3.0,3.0
P00000008,Elizabeth Woods,Elizabeth Woods,"8714 Mann Plaza
Lisaside, PA 72227",Vereinsjahr 2018 / Normalmitgliedschaft 2018,1.0,1.0,1.0
P00000008,Susan Wagner,Susan Wagner,"96593 White View Apt. 094
Jonesberg, FL 05565",Vereinsjahr 2019 / Gönnermitgliedschaft 2019,2.0,2.0,2.0
P00000005,Peter Montgomery,Peter Montgomery,"848 Melissa Springs Suite 947
Kellerstad, MD 80819",,,,
