col0,col1,col2,col3,col4,col5,col6,col7,col8,col9
20551,Substance of prescription or over-the-counter medication addiction,Modified,53,20503,1,3184281,4156741,1,A sedative benzodiazepine or sleeping tablet
20551,Substance of prescription or over-the-counter medication addiction,Modified,53,20503,1,3184281,4189272,2,A painkiller
20551,Substance of prescription or over-the-counter medication addiction,Modified,53,20503,1,3184281,45878142,3,Something else
20551,Substance of prescription or over-the-counter medication addiction,Modified,53,20503,1,3184281,45878142,4,Do not know
2986,Started insulin within one year diagnosis of diabetes,Modified,53,31/2443/4041,1/1,4188893,45884660,1,Yes
2986,Started insulin within one year diagnosis of diabetes,Modified,53,31/2443/4041,0/1/0,4188893,45884660,0,No
