col0,col1,col2,col3,col4,col5,col6,col7,col8,col9,col10,col11,col12,col13,col14,col15,col16,col17,col18,col19,col20,col21,col22,col23,col24,col25,col26,col27,col28,col29,col30,col31,col32,col33,col34,col35,col36
FARMVILLE,CB235T298,0,CLOVER_EMS,GEN.G1.Mw,GEN.G1.MVAR,GEN.G2.Mw,GEN.G2.MVAR,434.2000122,4.78,437.1000366,4.775268078,3,5,5,3,0,5,3,4,3,5,120,-12,ALARM,NORMAL,RAISE,LOWER,ON,OFF,CLOSE,TRIP,REMOTE,LOCAL,AUTO,MANUAL,-----------
FARMVILLE,CB235T298,0,CLOVER_EMS,GEN.G1.Mw,GEN.G1.MVAR,GEN.G2.Mw,GEN.G2.MVAR,434.2000122070313,4.775268077850342,437.10003662109375,4.775268077850342,3,5,5,3,0,5,3,4,3,5,120,-12,ALARM,NORMAL,RAISE,LOWER,ON,OFF,CLOSE,TRIP,REMOTE,LOCAL,AUTO,MANUAL,-----------
FARMVILLE,CB235T298,0,CLOVER_EMS,GEN.G1.Mw,GEN.G1.MVAR,GEN.G2.Mw,GEN.G2.MVAR,434.2000122070313,5.028587341308594,437.10003662109375,5.028587341308594,3,5,5,3,0,5,3,4,3,5,120,-12,ALARM,NORMAL,RAISE,LOWER,ON,OFF,CLOSE,TRIP,REMOTE,LOCAL,AUTO,MANUAL,-----------
FARMVILLE,CB235T298,0,CLOVER_EMS,GEN.G1.Mw,GEN.G1.MVAR,GEN.G2.Mw,GEN.G2.MVAR,434.2000122070313,5.2797136306762695,437.10003662109375,5.2797136306762695,3,5,5,3,0,5,3,4,3,5,120,-12,ALARM,NORMAL,RAISE,LOWER,ON,OFF,CLOSE,TRIP,REMOTE,LOCAL,AUTO,MANUAL,-----------
FARMVILLE,CB235T298,0,CLOVER_EMS,GEN.G1.Mw,GEN.G1.MVAR,GEN.G2.Mw,GEN.G2.MVAR,434.2000122070313,5.536183834075928,437.10003662109375,5.536183834075928,3,5,5,3,0,5,3,4,3,5,120,-12,ALARM,NORMAL,RAISE,LOWER,ON,OFF,CLOSE,TRIP,REMOTE,LOCAL,AUTO,MANUAL,-----------
FARMVILLE,CB235T298,0,CLOVER_EMS,GEN.G1.Mw,GEN.G1.MVAR,GEN.G2.Mw,GEN.G2.MVAR,434.2000122070313,5.79815149307251,437.10003662109375,5.79815149307251,3,5,5,3,0,5,3,4,3,5,120,-12,ALARM,NORMAL,RAISE,LOWER,ON,OFF,CLOSE,TRIP,REMOTE,LOCAL,AUTO,MANUAL,-----------
FARMVILLE,CB235T298,0,CLOVER_EMS,GEN.G1.Mw,GEN.G1.MVAR,GEN.G2.Mw,GEN.G2.MVAR,434.2000122070313,6.05769681930542,437.10003662109375,6.05769681930542,3,5,5,3,0,5,3,4,3,5,120,-12,ALARM,NORMAL,RAISE,LOWER,ON,OFF,CLOSE,TRIP,REMOTE,LOCAL,AUTO,MANUAL,-----------
FARMVILLE,CB235T298,0,CLOVER_EMS,GEN.G1.Mw,GEN.G1.MVAR,GEN.G2.Mw,GEN.G2.MVAR,434.2000122070313,6.33094596862793,437.10003662109375,6.33094596862793,3,5,5,3,0,5,3,4,3,5,120,-12,ALARM,NORMAL,RAISE,LOWER,ON,OFF,CLOSE,TRIP,REMOTE,LOCAL,AUTO,MANUAL,-----------
FARMVILLE,CB235T298,0,CLOVER_EMS,GEN.G1.Mw,GEN.G1.MVAR,GEN.G2.Mw,GEN.G2.MVAR,434.2000122070313,6.610109806060791,437.10003662109375,6.610109806060791,3,5,5,3,0,5,3,4,3,5,120,-12,ALARM,NORMAL,RAISE,LOWER,ON,OFF,CLOSE,TRIP,REMOTE,LOCAL,AUTO,MANUAL,-----------
FARMVILLE,CB235T298,0,CLOVER_EMS,GEN.G1.Mw,GEN.G1.MVAR,GEN.G2.Mw,GEN.G2.MVAR,434.2000122070313,6.899600982666016,437.10003662109375,6.899600982666016,3,5,5,3,0,5,3,4,3,5,120,-12,ALARM,NORMAL,RAISE,LOWER,ON,OFF,CLOSE,TRIP,REMOTE,LOCAL,AUTO,MANUAL,-----------
FARMVILLE,CB235T298,0,CLOVER_EMS,GEN.G1.Mw,GEN.G1.MVAR,GEN.G2.Mw,GEN.G2.MVAR,434.2000122070313,7.170012474060059,437.10003662109375,7.170012474060059,3,5,5,3,0,5,3,4,3,5,120,-12,ALARM,NORMAL,RAISE,LOWER,ON,OFF,CLOSE,TRIP,REMOTE,LOCAL,AUTO,MANUAL,-----------
FARMVILLE,CB235T298,0,CLOVER_EMS,GEN.G1.Mw,GEN.G1.MVAR,GEN.G2.Mw,GEN.G2.MVAR,434.2000122070313,7.41566276550293,437.10003662109375,7.41566276550293,3,5,5,3,0,5,3,4,3,5,120,-12,ALARM,NORMAL,RAISE,LOWER,ON,OFF,CLOSE,TRIP,REMOTE,LOCAL,AUTO,MANUAL,-----------
FARMVILLE,CB235T298,0,CLOVER_EMS,GEN.G1.Mw,GEN.G1.MVAR,GEN.G2.Mw,GEN.G2.MVAR,434.2000122070313,7.658477306365967,437.10003662109375,7.658477306365967,3,5,5,3,0,5,3,4,3,5,120,-12,ALARM,NORMAL,RAISE,LOWER,ON,OFF,CLOSE,TRIP,REMOTE,LOCAL,AUTO,MANUAL,-----------
FARMVILLE,CB235T298,0,CLOVER_EMS,GEN.G1.Mw,GEN.G1.MVAR,GEN.G2.Mw,GEN.G2.MVAR,434.2000122070313,7.895172595977783,437.10003662109375,7.895172595977783,0,6,5,0,0,5,3,4,3,5,120,-12,ALARM,NORMAL,RAISE,LOWER,ON,OFF,CLOSE,TRIP,REMOTE,LOCAL,AUTO,MANUAL,-----------
FARMVILLE,CB235T298,0,CLOVER_EMS,GEN.G1.Mw,GEN.G1.MVAR,GEN.G2.Mw,GEN.G2.MVAR,434.2000122070313,8.212287902832031,437.10003662109375,8.212287902832031,1,7,5,1,0,5,3,4,3,5,120,-12,ALARM,NORMAL,RAISE,LOWER,ON,OFF,CLOSE,TRIP,REMOTE,LOCAL,AUTO,MANUAL,-----------
FARMVILLE,CB235T298,0,CLOVER_EMS,GEN.G1.Mw,GEN.G1.MVAR,GEN.G2.Mw,GEN.G2.MVAR,434.2000122070313,8.536212921142578,437.10003662109375,8.536212921142578,2,8,5,2,0,5,3,4,3,5,120,-12,ALARM,NORMAL,RAISE,LOWER,ON,OFF,CLOSE,TRIP,REMOTE,LOCAL,AUTO,MANUAL,-----------
FARMVILLE,CB235T298,0,CLOVER_EMS,GEN.G1.Mw,GEN.G1.MVAR,GEN.G2.Mw,GEN.G2.MVAR,434.2000122070313,8.867363929748535,437.10003662109375,8.867363929748535,3,8,5,3,0,5,3,4,3,5,120,-12,ALARM,NORMAL,RAISE,LOWER,ON,OFF,CLOSE,TRIP,REMOTE,LOCAL,AUTO,MANUAL,-----------
FARMVILLE,CB235T298,0,CLOVER_EMS,GEN.G1.Mw,GEN.G1.MVAR,GEN.G2.Mw,GEN.G2.MVAR,434.2000122070313,9.205939292907717,437.10003662109375,9.205939292907717,3,8,5,3,0,5,3,4,3,5,120,-12,ALARM,NORMAL,RAISE,LOWER,ON,OFF,CLOSE,TRIP,REMOTE,LOCAL,AUTO,MANUAL,-----------
FARMVILLE,CB235T298,0,CLOVER_EMS,GEN.G1.Mw,GEN.G1.MVAR,GEN.G2.Mw,GEN.G2.MVAR,434.2000122070313,9.552135467529297,437.10003662109375,9.552135467529297,3,8,5,3,0,5,3,4,3,5,120,-12,ALARM,NORMAL,RAISE,LOWER,ON,OFF,CLOSE,TRIP,REMOTE,LOCAL,AUTO,MANUAL,-----------
FARMVILLE,CB235T298,0,CLOVER_EMS,GEN.G1.Mw,GEN.G1.MVAR,GEN.G2.Mw,GEN.G2.MVAR,434.2000122070313,9.906155586242676,437.10003662109375,9.906155586242676,3,8,5,3,0,5,3,4,3,5,120,-12,ALARM,NORMAL,RAISE,LOWER,ON,OFF,CLOSE,TRIP,REMOTE,LOCAL,AUTO,MANUAL,-----------
FARMVILLE,CB235T298,0,CLOVER_EMS,GEN.G1.Mw,GEN.G1.MVAR,GEN.G2.Mw,GEN.G2.MVAR,434.2000122070313,10.268213272094728,437.10003662109375,10.268213272094728,3,8,5,3,0,5,3,4,3,5,120,-12,ALARM,NORMAL,RAISE,LOWER,ON,OFF,CLOSE,TRIP,REMOTE,LOCAL,AUTO,MANUAL,-----------
FARMVILLE,CB235T298,0,CLOVER_EMS,GEN.G1.Mw,GEN.G1.MVAR,GEN.G2.Mw,GEN.G2.MVAR,434.2000122070313,10.63852596282959,437.10003662109375,10.63852596282959,3,8,5,3,0,5,3,4,3,5,120,-12,ALARM,NORMAL,RAISE,LOWER,ON,OFF,CLOSE,TRIP,REMOTE,LOCAL,AUTO,MANUAL,-----------
FARMVILLE,CB235T298,0,CLOVER_EMS,GEN.G1.Mw,GEN.G1.MVAR,GEN.G2.Mw,GEN.G2.MVAR,434.2000122070313,10.96422290802002,437.10003662109375,10.96422290802002,3,8,5,3,0,5,3,4,3,5,120,-12,ALARM,NORMAL,RAISE,LOWER,ON,OFF,CLOSE,TRIP,REMOTE,LOCAL,AUTO,MANUAL,-----------
FARMVILLE,CB235T298,0,CLOVER_EMS,GEN.G1.Mw,GEN.G1.MVAR,GEN.G2.Mw,GEN.G2.MVAR,434.2000122070313,11.275453567504885,437.10003662109375,11.275453567504885,3,8,5,3,0,5,3,4,3,5,120,-12,ALARM,NORMAL,RAISE,LOWER,ON,OFF,CLOSE,TRIP,REMOTE,LOCAL,AUTO,MANUAL,-----------
FARMVILLE,CB235T298,0,CLOVER_EMS,GEN.G1.Mw,GEN.G1.MVAR,GEN.G2.Mw,GEN.G2.MVAR,434.2000122070313,11.696831703186035,437.10003662109375,11.696831703186035,0,9,5,0,0,5,3,4,3,5,120,-12,ALARM,NORMAL,RAISE,LOWER,ON,OFF,CLOSE,TRIP,REMOTE,LOCAL,AUTO,MANUAL,-----------
FARMVILLE,CB235T298,0,CLOVER_EMS,GEN.G1.Mw,GEN.G1.MVAR,GEN.G2.Mw,GEN.G2.MVAR,434.2000122070313,12.106181144714355,437.10003662109375,12.106181144714355,1,10,5,1,0,5,3,4,3,5,120,-12,ALARM,NORMAL,RAISE,LOWER,ON,OFF,CLOSE,TRIP,REMOTE,LOCAL,AUTO,MANUAL,-----------
FARMVILLE,CB235T298,0,CLOVER_EMS,GEN.G1.Mw,GEN.G1.MVAR,GEN.G2.Mw,GEN.G2.MVAR,434.2000122070313,12.520509719848633,437.10003662109375,12.520509719848633,2,11,5,2,0,5,3,4,3,5,120,-12,ALARM,NORMAL,RAISE,LOWER,ON,OFF,CLOSE,TRIP,REMOTE,LOCAL,AUTO,MANUAL,-----------
FARMVILLE,CB235T298,0,CLOVER_EMS,GEN.G1.Mw,GEN.G1.MVAR,GEN.G2.Mw,GEN.G2.MVAR,434.2000122070313,12.871079444885254,437.10003662109375,12.871079444885254,3,11,5,3,0,5,3,4,3,5,120,-12,ALARM,NORMAL,RAISE,LOWER,ON,OFF,CLOSE,TRIP,REMOTE,LOCAL,AUTO,MANUAL,-----------
FARMVILLE,CB235T298,0,CLOVER_EMS,GEN.G1.Mw,GEN.G1.MVAR,GEN.G2.Mw,GEN.G2.MVAR,434.2000122070313,13.220479011535645,437.10003662109375,13.220479011535645,3,11,5,3,0,5,3,4,3,5,120,-12,ALARM,NORMAL,RAISE,LOWER,ON,OFF,CLOSE,TRIP,REMOTE,LOCAL,AUTO,MANUAL,-----------
FARMVILLE,CB235T298,0,CLOVER_EMS,GEN.G1.Mw,GEN.G1.MVAR,GEN.G2.Mw,GEN.G2.MVAR,434.2000122070313,13.576729774475098,437.10003662109375,13.576729774475098,3,11,5,3,0,5,3,4,3,5,120,-12,ALARM,NORMAL,RAISE,LOWER,ON,OFF,CLOSE,TRIP,REMOTE,LOCAL,AUTO,MANUAL,-----------
FARMVILLE,CB235T298,0,CLOVER_EMS,GEN.G1.Mw,GEN.G1.MVAR,GEN.G2.Mw,GEN.G2.MVAR,434.2000122070313,13.941521644592283,437.10003662109375,13.941521644592283,3,11,5,3,0,5,3,4,3,5,120,-12,ALARM,NORMAL,RAISE,LOWER,ON,OFF,CLOSE,TRIP,REMOTE,LOCAL,AUTO,MANUAL,-----------
