col0,col1,col2,col3,col4,col5,col6,col7,col8,col9,col10,col11,col12
VA,Norma Fisher,Norma Fisher,Norma Fisher,$2b$10$ClCW7t1cm1CuFi3k2qcL/OkkIWwelVIpN9NW8cks0QTizOaiJfGee,m,1980-08-15,201,9887543210,"1157 Michael Island
New Thomas, NC 34644",Professor,BCS,https://i.ibb.co/RStWntb/pic.jpg
JD,Jorge Sullivan,Jorge Sullivan,Jorge Sullivan,$2b$10$W0jScue8T1LVBPc/kFWxAOvLEpUltWgXHFxTPk8KHWyKX/FgLE2oq,m,1980-08-15,202,9887543211,"60975 Jessica Squares
East Sallybury, FL 71671",Professor,BCS,https://i.ibb.co/RStWntb/pic.jpg
NK,Elizabeth Woods,Elizabeth Woods,Elizabeth Woods,$2b$10$PJ88WrQeQxujwPHJBNwVouZ.8HCKD0bG9o0.w4pPET39TWh2V8zT2,m,1980-08-15,210,9876543219,"8714 Mann Plaza
Lisaside, PA 72227",Professor,IMT,https://i.ibb.co/RStWntb/pic.jpg
AS,Susan Wagner,Susan Wagner,Susan Wagner,$2b$10$aCqIv43rpI2ZdX8zp.4fN.V8FxML/Y/RFaMsr5UiXVfbEev0y1xUy,m,1980-08-15,203,9887543212,"96593 White View Apt. 094
Jonesberg, FL 05565",Professor Assistant,IMT,https://i.ibb.co/RStWntb/pic.jpg
OW,Peter Montgomery,Peter Montgomery,Peter Montgomery,$2b$10$gXruarc1Z.jL1qV2Jba3qexInF1kCMxwcMb0s95N7nBq/KMH36weu,m,1980-08-15,204,9887543213,"848 Melissa Springs Suite 947
Kellerstad, MD 80819",Projessor Assistant,IMG,https://i.ibb.co/RStWntb/pic.jpg
RS,Theodore Mcgrath,Theodore Mcgrath,Theodore Mcgrath,$2b$10$pxy6kQW0Oax9JanubEarauY86PZIAkBfDYJEW8W79hQgKyG7SEbli,f,1980-08-15,205,9887543214,"30413 Norton Isle Suite 012
North Lisa, ND 79428",Professor,BCS,https://i.ibb.co/RStWntb/pic.jpg
