col0,col1,col2,col3,col4,col5,col6,col7,col8,col9,col10,col11,col12,col13,col14,col15,col16,col17,col18,col19,col20,col21,col22,col23,col24,col25,col26,col27,col28,col29,col30,col31,col32,col33,col34,col35,col36,col37,col38,col39,col40,col41,col42,col43,col44,col45,col46,col47,col48,col49,col50,col51,col52,col53,col54,col55,col56,col57,col58,col59,col60,col61,col62,col63,col64,col65,col66,col67,col68,col69,col70,col71,col72,col73,col74,col75,col76,col77,col78,col79,col80,col81,col82,col83,col84,col85,col86,col87,col88,col89,col90,col91,col92,col93,col94,col95,col96,col97,col98,col99,col100,col101,col102,col103,col104,col105,col106,col107,col108,col109,col110,col111,col112,col113,col114,col115,col116,col117,col118,col119,col120,col121,col122,col123,col124,col125,col126,col127,col128
admin,base,Laptops,simple,QCPDT000143,Disabled,QCPEND-DT,No,"Catalog, Search",GST18,No,,Yes,Yes,No,Yes,,,,,,,1 Month Warranty.,,,,1 Month Warranty.,,,,,No,No,No,,No,,0,LENOVOTHINKCENTREA559637BS9Core2Duo2GB160GB,,,,,,,,,,No layout updates,Block after Info Column,,,, ,Use config,Use config,No,,,1 Month Warranty.,,,,,,,,,,,,,,,,,,,,,,,,4,,,,,,,,,,,,,,,,,0,0,1,0,0,1,1,1,0,1,1,,,1,0,1,0,1,0,1,0,0,0,1,LENOVOTHINKCENTREA559637BS9Core2Duo2GB160GB,0,simple,,
admin,base,Laptops,simple,QCPDT000144,Disabled,QCPEND-DT,No,"Catalog, Search",GST18,No,,Yes,Yes,No,Yes,,,,,,,1 Month Warranty.,,,,1 Month Warranty.,,,,,No,No,No,,No,,0,LENOVOTHINKCENTREM55880894QCore2Duo2GB160GB,,,,,,,,,,No layout updates,Block after Info Column,,,, ,Use config,Use config,No,,,1 Month Warranty.,,,,,,,,,,,,,,,,,,,,,,,,4,,,,,,,,,,,,,,,,,0,0,1,0,0,1,1,1,0,1,1,,,1,0,1,0,1,0,1,0,0,0,1,LENOVOTHINKCENTREM55880894QCore2Duo2GB160GB,0,simple,,
admin,base,Laptops,simple,QCPDT000145,Disabled,QCPEND-DT,No,"Catalog, Search",GST18,No,,Yes,Yes,No,Yes,,,,,,,1 Month Warranty.,,,,1 Month Warranty.,,,,,No,No,No,,No,,0,LENOVOTHINKCENTREM55E9637BD7Core2Duo2GB160GB,,,,,,,,,,No layout updates,Block after Info Column,,,, ,Use config,Use config,No,,,1 Month Warranty.,,,,,,,,,,,,,,,,,,,,,,,,4,,,,,,,,,,,,,,,,,0,0,1,0,0,1,1,1,0,1,1,,,1,0,1,0,1,0,1,0,0,0,1,LENOVOTHINKCENTREM55E9637BD7Core2Duo2GB160GB,0,simple,,
admin,base,Laptops,simple,QCPDT000146,Disabled,QCPEND-DT,No,"Catalog, Search",GST18,No,,Yes,Yes,No,Yes,,,,,,,1 Month Warranty.,,,,1 Month Warranty.,,,,,No,No,No,,No,,0,LENOVOTHINKCENTREM55E9637D14Core2Duo2GB160GB,,,,,,,,,,No layout updates,Block after Info Column,,,, ,Use config,Use config,No,,,1 Month Warranty.,,,,,,,,,,,,,,,,,,,,,,,,4,,,,,,,,,,,,,,,,,0,0,1,0,0,1,1,1,0,1,1,,,1,0,1,0,1,0,1,0,0,0,1,LENOVOTHINKCENTREM55E9637D14Core2Duo2GB160GB,0,simple,,
admin,base,Laptops,simple,QCPDT000147,Disabled,QCPEND-DT,No,"Catalog, Search",GST18,No,,Yes,Yes,No,Yes,,,,,,,1 Month Warranty.,,,,1 Month Warranty.,,,,,No,No,No,,No,,0,LENOVOTHINKCENTREM57E9481AQ3Core2Duo2GB160GB,,,,,,,,,,No layout updates,Block after Info Column,,,, ,Use config,Use config,No,,,1 Month Warranty.,,,,,,,,,,,,,,,,,,,,,,,,4,,,,,,,,,,,,,,,,,0,0,1,0,0,1,1,1,0,1,1,,,1,0,1,0,1,0,1,0,0,0,1,LENOVOTHINKCENTREM57E9481AQ3Core2Duo2GB160GB,0,simple,,
