col0,col1,col2,col3,col4,col5,col6,col7,col8,col9,col10,col11,col12,col13,col14,col15,col16,col17,col18,col19,col20,col21,col22,col23,col24,col25,col26,col27,col28,col29,col30,col31,col32,col33,col34,col35,col36,col37,col38,col39,col40,col41,col42,col43,col44,col45,col46,col47,col48,col49,col50,col51,col52,col53,col54,col55,col56,col57,col58,col59,col60,col61,col62,col63,col64,col65,col66,col67,col68
2.0,1.0,Male,Norma Fisher,Norma Fisher,1234567890.0,,,1982-10-16 00:00:00 UTC,"778 Brown Plaza
North Jenniferfurt, WY 88077",,,,,,,,,,,,,,False,False,False,paul42@hotmail.com,True,"08913 Charlene Flat
Joshuaburgh, NJ 52496",True,True,,Norma Fisher,,"778 Brown Plaza
North Jenniferfurt, WY 88077",,paul42@hotmail.com,,,,2002-02-04 00:00:00 UTC,2014-08-02 19:49:03 UTC,lewisjennifer@gmail.com,False,True,True,,True,False,False,False,False,active,,True,False,,Christ follower,John & Jane Smith,Smith,,,,,,Frankshire,,2014-08-02 19:48:09 UTC,True
2.0,1.0,Female,Jorge Sullivan,Jorge Sullivan,1234567890.0,,,1982-11-15 00:00:00 UTC,"3513 John Divide Suite 115
Rodriguezside, VT 16860",,,,,,,,,,,,,,False,False,False,vharmon@williams.info,True,"7142 Wilson Drives
Melissaton, IL 89760",True,True,,Jorge Sullivan,,"3513 John Divide Suite 115
Rodriguezside, VT 16860",,vharmon@williams.info,,,,,2014-08-02 20:00:38 UTC,davidbanks@ramirez-good.com,False,True,True,,True,True,False,False,False,active,,True,False,,,John & Jane Smith,Smith,,,,,,Michaelside,,2014-08-02 19:48:09 UTC,True
3.0,1.0,Male,Elizabeth Woods,Elizabeth Woods,1234567890.0,,,1979-01-06 00:00:00 UTC,"894 Davis Union
Stewartbury, HI 25324",,,,,,,,,,,,,,False,False,False,emily99@gmail.com,True,"9097 Bowman Landing Apt. 369
Alanberg, MA 44739",True,True,,Elizabeth Woods,,"894 Davis Union
Stewartbury, HI 25324",,emily99@gmail.com,,,,1990-05-09 00:00:00 UTC,2014-08-02 19:49:03 UTC,bburton@yahoo.com,False,True,True,,True,False,False,False,False,active,,True,False,,,Joe & Jan Doe,Doe,,,,,,West Danny,,2014-08-02 19:48:09 UTC,True
3.0,1.0,Female,Susan Wagner,Susan Wagner,1234567890.0,,,1980-10-12 00:00:00 UTC,"471 Erika Curve
North Megan, UT 71358",,,,,,,,,,,,,,False,False,False,pgoodman@gmail.com,True,"9004 Edward Prairie
Michaelside, LA 15560",True,True,,Susan Wagner,,"471 Erika Curve
North Megan, UT 71358",,pgoodman@gmail.com,,,,,2014-08-02 20:00:38 UTC,callahandennis@hotmail.com,False,True,True,,True,True,False,False,False,active,,True,False,,,Joe & Jan Doe,Doe,,,,,,North Kyle,,2014-08-02 19:48:09 UTC,True
4.0,1.0,Male,Peter Montgomery,Peter Montgomery,1234567890.0,,,1982-10-16 00:00:00 UTC,"339 Riley Mission Suite 515
South Brendamouth, ID 32356",,,,,,,,,,,,,,False,False,False,hollymoore@walsh.org,True,"42814 Houston Hills
Rodriguezside, NJ 62629",True,True,,Peter Montgomery,,"339 Riley Mission Suite 515
South Brendamouth, ID 32356",,hollymoore@walsh.org,,,,2002-02-04 00:00:00 UTC,2014-08-02 19:49:03 UTC,wigginsjoshua@gmail.com,False,True,True,,True,False,False,False,False,active,,True,False,,,The Flinstones,Flinstone,,,,,,West Richardmouth,,2014-08-02 19:48:09 UTC,True
4.0,1.0,Female,Theodore Mcgrath,Theodore Mcgrath,1234567890.0,,,1982-11-15 00:00:00 UTC,"35256 Craig Drive Apt. 098
North Davidborough, OK 16189",,,,,,,,,,,,,,False,False,False,moralesjacqueline@yahoo.com,True,"71760 Rogers Spur Apt. 296
North Lindseyborough, IN 08516",True,True,,Theodore Mcgrath,,"35256 Craig Drive Apt. 098
North Davidborough, OK 16189",,moralesjacqueline@yahoo.com,,,,,2014-08-02 20:00:38 UTC,harrisjordan@potts-mays.com,False,True,True,,True,True,False,False,False,active,,True,False,,,The Flinstones,Flinstone,,,,,,Robertville,,2014-08-02 19:48:09 UTC,True
4.0,1.0,Female,Stephanie Collins,Stephanie Collins,1234567890.0,,,1999-11-06 00:00:00 UTC,"09032 Timothy Stream Apt. 086
Port Jordanbury, SD 39961",,,,,,,,,,,,,,False,False,False,seangreen@griffin.net,True,"8847 Kramer Station
South Christopher, KS 77208",True,True,,Stephanie Collins,,"09032 Timothy Stream Apt. 086
Port Jordanbury, SD 39961",,seangreen@griffin.net,,,,1993-05-09 00:00:00 UTC,2014-08-02 19:49:03 UTC,xbowman@hotmail.com,False,True,True,,True,False,False,False,False,active,,True,True,,,The Flinstones,Flinstone,,,,,,Wellsmouth,,2014-08-02 19:48:09 UTC,True
4.0,1.0,Male,Stephanie Sutton,Stephanie Sutton,1234567890.0,,,1999-10-12 00:00:00 UTC,"87091 Gonzalez Knolls
Masseyshire, UT 88665",,,,,,,,,,,,,,False,False,False,simpsonlarry@williams-carson.biz,True,"51108 Goodwin Flats Apt. 764
Lake Bobby, IL 82213",True,True,,Stephanie Sutton,,"87091 Gonzalez Knolls
Masseyshire, UT 88665",,simpsonlarry@williams-carson.biz,,,,,2014-08-02 20:00:38 UTC,nicholascarter@hernandez.com,False,True,True,,True,True,False,False,False,active,,True,True,,,The Flinstones,Flinstone,,,,,,South Darrenfort,,2014-08-02 19:48:09 UTC,True
,,,Brian Hamilton,Brian Hamilton,,,,,"225 Wilson Mills
North Thomas, OK 67164",,,,,,,,,,,,,,,,,monroedavid@morales.biz,,"6582 Vanessa Oval
New Richard, NE 68819",,,,Brian Hamilton,,"225 Wilson Mills
North Thomas, OK 67164",,monroedavid@morales.biz,,,,,,morganchristine@gmail.com,,,,,,,,,,,,,,,,,,,,,,,Johnsonmouth,,,
