col0,col1,col2,col3,col4,col5,col6,col7,col8,col9,col10
100,Norma Fisher,Norma Fisher,"317 Scott Row Apt. 392
East Stephenstad, FL 14230",515.123.4567,1987-06-17,AD_PRES,24000,,,90.0
101,Jorge Sullivan,Jorge Sullivan,"Unit 7296 Box 6875
DPO AA 65859",515.123.4568,1987-06-18,AD_VP,17000,,100.0,90.0
102,Elizabeth Woods,Elizabeth Woods,"930 Thornton Summit
Lisaton, FL 34171",515.123.4569,1987-06-19,AD_VP,17000,,100.0,90.0
103,Susan Wagner,Susan Wagner,"9471 Zachary Canyon
East Davidport, WV 59298",590.423.4567,1987-06-20,IT_PROG,9000,,102.0,60.0
104,Peter Montgomery,Peter Montgomery,"75868 Audrey Springs
Lake Ronaldborough, ND 78962",590.423.4568,1987-06-21,IT_PROG,6000,,103.0,60.0
105,Theodore Mcgrath,Theodore Mcgrath,"9930 Joy Hollow Suite 517
Sherriport, MT 50853",590.423.4569,1987-06-22,IT_PROG,4800,,103.0,60.0
106,Stephanie Collins,Stephanie Collins,"23450 Timothy Divide
Wuland, UT 20341",590.423.4560,1987-06-23,IT_PROG,4800,,103.0,60.0
107,Stephanie Sutton,Stephanie Sutton,"0976 Williams Mountains Apt. 009
Lake Mario, OH 85565",590.423.5567,1987-06-24,IT_PROG,4200,,103.0,60.0
108,Brian Hamilton,Brian Hamilton,"1097 Santos Springs Suite 264
New Michelleborough, WY 51884",515.124.4569,1987-06-25,FI_MGR,12000,,101.0,100.0
109,Susan Levy,Susan Levy,"5100 Scott Burg
East Clayton, SC 66353",515.124.4169,1987-06-26,FI_ACCOUNT,9000,,108.0,100.0
110,Sean Green,Sean Green,"412 Snow Manors Apt. 161
South Kimtown, NV 57004",515.124.4269,1987-06-27,FI_ACCOUNT,8200,,108.0,100.0
111,Kimberly Smith,Kimberly Smith,"5415 David Square
West Michaeltown, IN 48447",515.124.4369,1987-06-28,FI_ACCOUNT,7700,,108.0,100.0
112,Jennifer Summers,Jennifer Summers,"03104 Norris Rapids
Port Donald, DE 62982",515.124.4469,1987-06-29,FI_ACCOUNT,7800,,108.0,100.0
113,April Snyder,April Snyder,"03557 Phillips Wells Suite 291
New Beverlyburgh, FL 16915",515.124.4567,1987-06-30,FI_ACCOUNT,6900,,108.0,100.0
114,Dana Nguyen,Dana Nguyen,"332 Watson Shore Apt. 290
Millerland, MT 39742",515.127.4561,1987-07-01,PU_MAN,11000,,100.0,30.0
115,Cheryl Bradley,Cheryl Bradley,"645 John Roads
Danahaven, MS 54060",515.127.4562,1987-07-02,PU_CLERK,3100,,114.0,30.0
116,Walter Pratt,Walter Pratt,"3547 Stephanie Underpass Apt. 418
Port Jacqueline, HI 55774",515.127.4563,1987-07-03,PU_CLERK,2900,,114.0,30.0
117,Bobby Flores,Bobby Flores,"5825 Welch Corners
Fischerport, UT 59363",515.127.4564,1987-07-04,PU_CLERK,2800,,114.0,30.0
118,Tasha Rodriguez,Tasha Rodriguez,"41489 Roger Terrace
Davisfort, IN 71770",515.127.4565,1987-07-05,PU_CLERK,2600,,114.0,30.0
119,Michelle Kelley,Michelle Kelley,"014 Aaron Locks Suite 714
Justinborough, CO 05147",515.127.4566,1987-07-06,PU_CLERK,2500,,114.0,30.0
120,Kimberly Maynard,Kimberly Maynard,"8518 Pamela Track Apt. 164
Aprilshire, SC 28062",650.123.1234,1987-07-07,ST_MAN,8000,,100.0,50.0
121,Laurie Wallace,Laurie Wallace,"864 Ramos Port Apt. 211
Moralesmouth, OH 88090",650.123.2234,1987-07-08,ST_MAN,8200,,100.0,50.0
122,Janice Johnston,Janice Johnston,"637 Neal Island Suite 074
Lake Tyler, RI 28775",650.123.3234,1987-07-09,ST_MAN,7900,,100.0,50.0
123,Collin Lopez,Collin Lopez,"0811 Smith Canyon Apt. 904
Jessicabury, WV 75585",650.123.4234,1987-07-10,ST_MAN,6500,,100.0,50.0
124,Mary Alvarez,Mary Alvarez,"7562 Fisher Spur
Hernandezberg, MD 17438",650.123.5234,1987-07-11,ST_MAN,5800,,100.0,50.0
125,Peter Mcdowell,Peter Mcdowell,"5667 Blair Underpass
South Shelby, VT 07027",650.124.1214,1987-07-12,ST_CLERK,3200,,120.0,50.0
126,Sarah Villanueva,Sarah Villanueva,"PSC 0312, Box 5023
APO AP 39498",650.124.1224,1987-07-13,ST_CLERK,2700,,120.0,50.0
127,Kimberly Myers,Kimberly Myers,"6708 Carpenter Overpass Suite 735
Bobbyton, MI 01008",650.124.1334,1987-07-14,ST_CLERK,2400,,120.0,50.0
128,Desiree Cain,Desiree Cain,"16396 Shawn Junction
New Nicolemouth, ND 60236",650.124.1434,1987-07-15,ST_CLERK,2200,,120.0,50.0
129,Stephanie Lawrence,Stephanie Lawrence,"PSC 4080, Box 3513
APO AP 45818",650.124.5234,1987-07-16,ST_CLERK,3300,,121.0,50.0
130,Lauren Hayes,Lauren Hayes,"4486 Olson Well
North Kevin, CA 01707",650.124.6234,1987-07-17,ST_CLERK,2800,,121.0,50.0
131,Whitney Stark,Whitney Stark,"67771 Christopher Courts Apt. 637
Port Ronaldfurt, HI 33233",650.124.7234,1987-07-18,ST_CLERK,2500,,121.0,50.0
132,Angela Salazar,Angela Salazar,"5561 Bishop Turnpike
Lake Kenneth, NY 79756",650.124.8234,1987-07-19,ST_CLERK,2100,,121.0,50.0
133,Mr. Ryan Sanchez,Mr. Ryan Sanchez,"3019 Gerald Mall Apt. 340
Trevinoville, SD 36216",650.127.1934,1987-07-20,ST_CLERK,3300,,122.0,50.0
134,Autumn Robinson,Autumn Robinson,"84331 Leonard Fort Suite 749
East Lisa, NY 43477",650.127.1834,1987-07-21,ST_CLERK,2900,,122.0,50.0
135,Faith Cabrera,Faith Cabrera,"62281 Kathy Tunnel
Hudsonborough, VA 17819",650.127.1734,1987-07-22,ST_CLERK,2400,,122.0,50.0
136,Charles Wolfe,Charles Wolfe,"9927 Christina Burg Suite 774
East Angelaburgh, NM 97149",650.127.1634,1987-07-23,ST_CLERK,2200,,122.0,50.0
137,Kenneth Kent,Kenneth Kent,"142 Warner View Suite 460
North Leslie, IA 45480",650.121.1234,1987-07-24,ST_CLERK,3600,,123.0,50.0
138,Melanie Johnson,Melanie Johnson,"5240 Berry Centers
West Andrew, AR 03720",650.121.2034,1987-07-25,ST_CLERK,3200,,123.0,50.0
139,Lisa Johnston,Lisa Johnston,"51056 Patricia Forge
Grahamstad, HI 85576",650.121.2019,1987-07-26,ST_CLERK,2700,,123.0,50.0
140,Jacob Hooper,Jacob Hooper,"0648 Malone Port Apt. 662
New Devonhaven, VA 92199",650.121.1834,1987-07-27,ST_CLERK,2500,,123.0,50.0
141,Alex Woodward,Alex Woodward,"23028 Jennifer Meadow Apt. 972
West Matthewfurt, SC 05261",650.121.8009,1987-07-28,ST_CLERK,3500,,124.0,50.0
142,Caleb Clark,Caleb Clark,"2738 Martin Terrace Suite 547
Smithhaven, LA 72649",650.121.2994,1987-07-29,ST_CLERK,3100,,124.0,50.0
143,Taylor Johnson,Taylor Johnson,"984 Stephen Stravenue
South Michaelton, KY 97488",650.121.2874,1987-07-30,ST_CLERK,2600,,124.0,50.0
144,Brian Green,Brian Green,"Unit 4943 Box 8856
DPO AA 27891",650.121.2004,1987-07-31,ST_CLERK,2500,,124.0,50.0
145,Matthew Bell,Matthew Bell,"98522 Mathis Viaduct Apt. 909
West Michael, LA 42837",011.44.1344.429268,1987-08-01,SA_MAN,14000,0.4,100.0,80.0
146,Jonathan Williams,Jonathan Williams,"620 Ashley Mills Apt. 507
Julieborough, OH 56059",011.44.1344.467268,1987-08-02,SA_MAN,13500,0.3,100.0,80.0
147,William Gonzalez,William Gonzalez,"212 Shelly Roads
Fischerview, LA 02288",011.44.1344.429278,1987-08-03,SA_MAN,12000,0.3,100.0,80.0
148,Nicholas Massey,Nicholas Massey,"8885 Lee Tunnel Suite 208
Port Donna, OK 50851",011.44.1344.619268,1987-08-04,SA_MAN,11000,0.3,100.0,80.0
149,Caroline Chambers,Caroline Chambers,"693 Michael Estate
Lake Michael, NM 03009",011.44.1344.429018,1987-08-05,SA_MAN,10500,0.2,100.0,80.0
150,Amy Lowe,Amy Lowe,"342 Miller Mission
Lake Jennifer, NY 92905",011.44.1344.129268,1987-08-06,SA_REP,10000,0.3,145.0,80.0
151,Gloria King,Gloria King,"71664 Kim Throughway
Chelsealand, AK 65056",011.44.1344.345268,1987-08-07,SA_REP,9500,0.25,145.0,80.0
152,Jessica Thompson,Jessica Thompson,"66660 Gomez Port Apt. 945
South Thomashaven, AZ 11181",011.44.1344.478968,1987-08-08,SA_REP,9000,0.25,145.0,80.0
153,Jason Carroll,Jason Carroll,"0131 Williams Ville Apt. 562
Richardberg, FL 53480",011.44.1344.498718,1987-08-09,SA_REP,8000,0.2,145.0,80.0
154,Emily Howard,Emily Howard,"22708 Madison Spurs
Herringstad, OR 11353",011.44.1344.987668,1987-08-10,SA_REP,7500,0.2,145.0,80.0
155,Danielle Castro,Danielle Castro,"3454 Holmes Motorway
Port Rachel, FL 05560",011.44.1344.486508,1987-08-11,SA_REP,7000,0.15,145.0,80.0
156,Patrick Rogers,Patrick Rogers,"805 James Turnpike
Carrmouth, GA 93500",011.44.1345.429268,1987-08-12,SA_REP,10000,0.35,146.0,80.0
157,Douglas Allen,Douglas Allen,"8081 Smith Trail
North Ronaldstad, NV 44515",011.44.1345.929268,1987-08-13,SA_REP,9500,0.35,146.0,80.0
158,Heather Roberts,Heather Roberts,"125 Ian Crossroad Apt. 593
South Deannaport, MS 07347",011.44.1345.829268,1987-08-14,SA_REP,9000,0.35,146.0,80.0
159,Travis Schultz,Travis Schultz,"1607 Munoz River
Emilyshire, NH 54532",011.44.1345.729268,1987-08-15,SA_REP,8000,0.3,146.0,80.0
160,Michelle Hughes,Michelle Hughes,"3615 David Keys Apt. 269
West Stephenside, UT 65516",011.44.1345.629268,1987-08-16,SA_REP,7500,0.3,146.0,80.0
161,Matthew Smith,Matthew Smith,"640 Mary Common
Michaelville, AZ 20721",011.44.1345.529268,1987-08-17,SA_REP,7000,0.25,146.0,80.0
162,George Allen,George Allen,"PSC 4006, Box 5282
APO AE 23388",011.44.1346.129268,1987-08-18,SA_REP,10500,0.25,147.0,80.0
163,Jamie Hutchinson,Jamie Hutchinson,"395 Timothy Road
Williamsbury, LA 43567",011.44.1346.229268,1987-08-19,SA_REP,9500,0.15,147.0,80.0
164,Jennifer Morales,Jennifer Morales,"3267 Walter Dam
Cunninghamtown, OR 01239",011.44.1346.329268,1987-08-20,SA_REP,7200,0.1,147.0,80.0
165,Jennifer Bates,Jennifer Bates,"00580 Brandon Creek
Port Eric, MS 03966",011.44.1346.529268,1987-08-21,SA_REP,6800,0.1,147.0,80.0
166,Jeremy Green,Jeremy Green,"325 Amanda Cliffs Apt. 695
South Paulabury, MS 29996",011.44.1346.629268,1987-08-22,SA_REP,6400,0.1,147.0,80.0
167,Joseph Freeman,Joseph Freeman,"PSC 3769, Box 1448
APO AA 71586",011.44.1346.729268,1987-08-23,SA_REP,6200,0.1,147.0,80.0
168,Nicole Henson,Nicole Henson,"40956 Amanda Walk Apt. 260
Simonfurt, CT 93980",011.44.1343.929268,1987-08-24,SA_REP,11500,0.25,148.0,80.0
169,Eric Owens PhD,Eric Owens PhD,"25762 Gill Creek Suite 525
Mccoyton, KS 23687",011.44.1343.829268,1987-08-25,SA_REP,10000,0.2,148.0,80.0
170,Robin Lopez,Robin Lopez,"6048 Johnson Loop Suite 635
East Daniel, GA 04593",011.44.1343.729268,1987-08-26,SA_REP,9600,0.2,148.0,80.0
171,Miss Angela Swanson DVM,Miss Angela Swanson DVM,"1168 Gary Fords Apt. 308
Port Trevor, RI 96954",011.44.1343.629268,1987-08-27,SA_REP,7400,0.15,148.0,80.0
172,Michael Stewart,Michael Stewart,"164 Matthew Parkway Suite 826
Jimmyfurt, MS 62271",011.44.1343.529268,1987-08-28,SA_REP,7300,0.15,148.0,80.0
173,Mitchell Smith,Mitchell Smith,"1220 Heidi Rue Apt. 998
West Haleyburgh, CO 05222",011.44.1343.329268,1987-08-29,SA_REP,6100,0.1,148.0,80.0
174,Kelsey Davis,Kelsey Davis,"751 Wood Square Suite 732
Port Melissaburgh, SD 22365",011.44.1644.429267,1987-08-30,SA_REP,11000,0.3,149.0,80.0
175,Matthew Russo,Matthew Russo,"376 Smith Dale Suite 279
South Sarahland, OR 53609",011.44.1644.429266,1987-08-31,SA_REP,8800,0.25,149.0,80.0
176,William Garcia,William Garcia,"79148 Pierce Lock Suite 423
Erikberg, CA 09478",011.44.1644.429265,1987-09-01,SA_REP,8600,0.2,149.0,80.0
177,Jennifer Miller,Jennifer Miller,"147 Lisa Hill Apt. 512
Port Elizabethshire, ID 01425",011.44.1644.429264,1987-09-02,SA_REP,8400,0.2,149.0,80.0
178,Jesse Sparks,Jesse Sparks,"971 Hansen Well Suite 103
South Mary, KY 29941",011.44.1644.429263,1987-09-03,SA_REP,7000,0.15,149.0,
179,Brandi Meyer,Brandi Meyer,"511 Berry Fork Suite 623
Sharonfort, WY 47577",011.44.1644.429262,1987-09-04,SA_REP,6200,0.1,149.0,80.0
180,Hannah Wiggins,Hannah Wiggins,"65873 Chen Knolls
Ramirezfurt, WI 94134",650.507.9876,1987-09-05,SH_CLERK,3200,,120.0,50.0
181,Albert Williams,Albert Williams,"Unit 1741 Box 7253
DPO AP 25003",650.507.9877,1987-09-06,SH_CLERK,3100,,120.0,50.0
182,Kristin Potts,Kristin Potts,"USNV Porter
FPO AE 89774",650.507.9878,1987-09-07,SH_CLERK,2500,,120.0,50.0
183,Susan Williams,Susan Williams,"8799 Emma Parkway Suite 735
North Thomasfurt, IN 57039",650.507.9879,1987-09-08,SH_CLERK,2800,,120.0,50.0
184,Meredith Rios,Meredith Rios,"Unit 9061 Box 4352
DPO AE 24201",650.509.1876,1987-09-09,SH_CLERK,4200,,121.0,50.0
185,Stephanie Bowman,Stephanie Bowman,"30068 David View Apt. 173
New Peggychester, ND 23718",650.509.2876,1987-09-10,SH_CLERK,4100,,121.0,50.0
186,Joshua Clark,Joshua Clark,"PSC 3667, Box 0636
APO AE 81210",650.509.3876,1987-09-11,SH_CLERK,3400,,121.0,50.0
187,Alexa Hernandez,Alexa Hernandez,"USS Aguilar
FPO AP 48665",650.509.4876,1987-09-12,SH_CLERK,3000,,121.0,50.0
188,Richard Higgins,Richard Higgins,"298 Johnathan Cove Apt. 402
South Jamie, MD 26932",650.505.1876,1987-09-13,SH_CLERK,3800,,122.0,50.0
189,Marc Williams,Marc Williams,"171 Harrison Motorway
Davidview, CO 74554",650.505.2876,1987-09-14,SH_CLERK,3600,,122.0,50.0
190,William Roberts,William Roberts,"3576 Sergio Avenue
Benjaminmouth, NE 32097",650.505.3876,1987-09-15,SH_CLERK,2900,,122.0,50.0
191,Joshua Carter,Joshua Carter,"37457 Tanya Pike Apt. 348
North Ericton, RI 21519",650.505.4876,1987-09-16,SH_CLERK,2500,,122.0,50.0
192,David Williams,David Williams,"3673 Peter Turnpike Suite 835
New Sandra, PA 76875",650.501.1876,1987-09-17,SH_CLERK,4000,,123.0,50.0
193,Joseph Jones,Joseph Jones,"939 Johnson Oval Suite 830
North Dennismouth, TX 80451",650.501.2876,1987-09-18,SH_CLERK,3900,,123.0,50.0
194,Gary Perry,Gary Perry,"645 Jennings Estates
Angelastad, NV 51726",650.501.3876,1987-09-19,SH_CLERK,3200,,123.0,50.0
195,Terry Wells,Terry Wells,"1231 Stephanie Lock Suite 835
North Richardland, MT 77240",650.501.4876,1987-09-20,SH_CLERK,2800,,123.0,50.0
196,Vanessa Cooper,Vanessa Cooper,"302 Parker Plains Apt. 197
East Robertstad, CO 98152",650.507.9811,1987-09-21,SH_CLERK,3100,,124.0,50.0
197,Michael Simmons,Michael Simmons,"098 Hernandez Green
New Sergiobury, MS 98277",650.507.9822,1987-09-22,SH_CLERK,3000,,124.0,50.0
198,Nicholas Kline,Nicholas Kline,"94102 Sims Port Suite 187
Florestown, NE 80082",650.507.9833,1987-09-23,SH_CLERK,2600,,124.0,50.0
199,Lori Bennett,Lori Bennett,"01630 Baker Crescent
Kellyborough, ND 71531",650.507.9844,1987-09-24,SH_CLERK,2600,,124.0,50.0
200,Margaret Jones,Margaret Jones,"70452 Forbes Courts
Mosesland, OK 14157",515.123.4444,1987-09-25,AD_ASST,4400,,101.0,10.0
201,Paul Brown,Paul Brown,"0835 Angela Station
East Heather, MO 26899",515.123.5555,1987-09-26,MK_MAN,13000,,100.0,20.0
202,James Stone,James Stone,"2458 Jason Village Suite 248
North Donnamouth, VT 42872",603.123.6666,1987-09-27,MK_REP,6000,,201.0,20.0
203,John Richards,John Richards,"1243 Grimes Corners
Shawchester, CO 78301",515.123.7777,1987-09-28,HR_REP,6500,,101.0,40.0
204,Jenny Richardson,Jenny Richardson,"Unit 5243 Box 6400
DPO AE 84181",515.123.8888,1987-09-29,PR_REP,10000,,101.0,70.0
205,Debbie Waters MD,Debbie Waters MD,"558 Williams Station
Port Pamela, DC 34523",515.123.8080,1987-09-30,AC_MGR,12000,,101.0,110.0
206,Austin Boyer,Austin Boyer,"4934 Lozano Place Suite 716
Gavinton, VT 63064",515.123.8181,1987-10-01,AC_ACCOUNT,8300,,205.0,110.0
