col0,col1,col2,col3,col4,col5,col6,col7,col8,col9,col10,col11,col12,col13,col14,col15,col16,col17,col18,col19,col20,col21,col22,col23,col24,col25,col26,col27,col28,col29,col30,col31
A,G,A,0.00357881,-0.0156,0.656377,0.638171,False,False,False,ebi-a-GCST002245,2,68443651,0.0165,54162,0.3435,Alzheimer's disease (late onset),True,2,0.000442012,68443651,361194,5.66761e-16,ukb-d-I9_DISVEINLYMPH,Diseases of veins, lymphatic vessels and lymph nodes, not elsewhere classified || id:ukb-d-I9_DISVEINLYMPH,True,reported,igd,2,True
C,T,C,-0.00650314,-0.0242,0.691143,0.66004,False,False,False,ebi-a-GCST002245,1,10825577,0.0186,54162,0.1934,Alzheimer's disease (late onset),True,1,0.000456825,10825577,361194,5.67545e-46,ukb-d-I9_DISVEINLYMPH,Diseases of veins, lymphatic vessels and lymph nodes, not elsewhere classified || id:ukb-d-I9_DISVEINLYMPH,True,reported,igd,2,True
T,G,T,-0.00347963,0.0183,0.174201,0.185885,False,False,False,ebi-a-GCST002245,20,50154647,0.0229,54162,0.4237,Alzheimer's disease (late onset),True,20,0.000555185,50154647,361194,3.67274e-10,ukb-d-I9_DISVEINLYMPH,Diseases of veins, lymphatic vessels and lymph nodes, not elsewhere classified || id:ukb-d-I9_DISVEINLYMPH,True,reported,igd,2,True
A,G,A,0.00259171,0.003,0.450752,0.451292,False,False,False,ebi-a-GCST002245,5,158204425,0.0155,54162,0.8476,Alzheimer's disease (late onset),True,5,0.000421978,158204425,361194,8.16676e-10,ukb-d-I9_DISVEINLYMPH,Diseases of veins, lymphatic vessels and lymph nodes, not elsewhere classified || id:ukb-d-I9_DISVEINLYMPH,True,reported,igd,2,True
G,A,G,-0.0172447,-0.0341,0.978359,0.9890656,False,False,False,ebi-a-GCST002245,1,169467654,0.0482,54162,0.4788,Alzheimer's disease (late onset),True,1,0.0014649,169467654,361194,5.52332e-32,ukb-d-I9_DISVEINLYMPH,Diseases of veins, lymphatic vessels and lymph nodes, not elsewhere classified || id:ukb-d-I9_DISVEINLYMPH,True,reported,igd,2,True
T,C,T,0.00292288,0.0331,0.539076,0.481113,False,False,False,ebi-a-GCST002245,19,49228272,0.0159,54162,0.03723,Alzheimer's disease (late onset),True,19,0.000421412,49228272,361194,4.04203e-12,ukb-d-I9_DISVEINLYMPH,Diseases of veins, lymphatic vessels and lymph nodes, not elsewhere classified || id:ukb-d-I9_DISVEINLYMPH,True,reported,igd,2,True
C,T,C,-0.00286917,-0.0189,0.742847,0.72664,False,False,False,ebi-a-GCST002245,17,68235925,0.0183,54162,0.3022,Alzheimer's disease (late onset),True,17,0.000483263,68235925,361194,2.90409e-09,ukb-d-I9_DISVEINLYMPH,Diseases of veins, lymphatic vessels and lymph nodes, not elsewhere classified || id:ukb-d-I9_DISVEINLYMPH,True,reported,igd,2,True
T,C,T,-0.0047291,0.0035,0.780067,0.815109,False,False,False,ebi-a-GCST002245,5,127533085,0.0192,54162,0.8541,Alzheimer's disease (late onset),True,5,0.000507955,127533085,361194,1.2844e-20,ukb-d-I9_DISVEINLYMPH,Diseases of veins, lymphatic vessels and lymph nodes, not elsewhere classified || id:ukb-d-I9_DISVEINLYMPH,True,reported,igd,2,True
G,A,G,-0.00284202,0.065,0.503945,0.447316,False,False,False,ebi-a-GCST002245,3,128294355,0.0155,54162,2.763e-05,Alzheimer's disease (late onset),True,3,0.000423226,128294355,361194,1.88191e-11,ukb-d-I9_DISVEINLYMPH,Diseases of veins, lymphatic vessels and lymph nodes, not elsewhere classified || id:ukb-d-I9_DISVEINLYMPH,True,reported,igd,2,True
G,A,G,-0.00416836,0.0055,0.0775908,0.0854871,False,False,False,ebi-a-GCST002245,6,156535135,0.0284,54162,0.8449,Alzheimer's disease (late onset),True,6,0.000786736,156535135,361194,1.16953e-07,ukb-d-I9_DISVEINLYMPH,Diseases of veins, lymphatic vessels and lymph nodes, not elsewhere classified || id:ukb-d-I9_DISVEINLYMPH,True,reported,igd,2,True
T,C,T,-0.00309032,0.029,0.210041,0.159046,False,False,False,ebi-a-GCST002245,2,30473177,0.021,54162,0.1666,Alzheimer's disease (late onset),True,2,0.000516328,30473177,361194,2.16327e-09,ukb-d-I9_DISVEINLYMPH,Diseases of veins, lymphatic vessels and lymph nodes, not elsewhere classified || id:ukb-d-I9_DISVEINLYMPH,True,reported,igd,2,True
A,G,A,0.00308435,0.016,0.74494,0.73161,False,False,False,ebi-a-GCST002245,9,118287525,0.0174,54162,0.3594,Alzheimer's disease (late onset),True,9,0.000481679,118287525,361194,1.52195e-10,ukb-d-I9_DISVEINLYMPH,Diseases of veins, lymphatic vessels and lymph nodes, not elsewhere classified || id:ukb-d-I9_DISVEINLYMPH,True,reported,igd,2,True
A,G,A,-0.00305638,0.0162,0.494033,0.486083,False,False,False,ebi-a-GCST002245,6,26267755,0.0158,54162,0.304,Alzheimer's disease (late onset),True,6,0.000419651,26267755,361194,3.26738e-13,ukb-d-I9_DISVEINLYMPH,Diseases of veins, lymphatic vessels and lymph nodes, not elsewhere classified || id:ukb-d-I9_DISVEINLYMPH,True,reported,igd,2,True
G,A,G,0.00238604,-0.0005,0.37848,0.369781,False,False,False,ebi-a-GCST002245,4,187166024,0.0165,54162,0.9767,Alzheimer's disease (late onset),True,4,0.000432509,187166024,361194,3.45589e-08,ukb-d-I9_DISVEINLYMPH,Diseases of veins, lymphatic vessels and lymph nodes, not elsewhere classified || id:ukb-d-I9_DISVEINLYMPH,True,reported,igd,2,True
G,T,G,-0.00249263,0.0043,0.574806,0.539761,False,False,False,ebi-a-GCST002245,17,70032967,0.0156,54162,0.7838,Alzheimer's disease (late onset),True,17,0.00042546,70032967,361194,4.66971e-09,ukb-d-I9_DISVEINLYMPH,Diseases of veins, lymphatic vessels and lymph nodes, not elsewhere classified || id:ukb-d-I9_DISVEINLYMPH,True,reported,igd,2,True
A,G,A,-0.00242648,-0.025,0.476494,0.456262,False,False,False,ebi-a-GCST002245,20,62676009,0.0176,54162,0.1557,Alzheimer's disease (late onset),True,20,0.000421331,62676009,361194,8.46428e-09,ukb-d-I9_DISVEINLYMPH,Diseases of veins, lymphatic vessels and lymph nodes, not elsewhere classified || id:ukb-d-I9_DISVEINLYMPH,True,reported,igd,2,True
C,A,C,0.00465312,0.0123,0.307479,0.294235,False,False,False,ebi-a-GCST002245,16,88846849,0.0179,54162,0.4926,Alzheimer's disease (late onset),True,16,0.000454299,88846849,361194,1.2900300000000002e-24,ukb-d-I9_DISVEINLYMPH,Diseases of veins, lymphatic vessels and lymph nodes, not elsewhere classified || id:ukb-d-I9_DISVEINLYMPH,True,reported,igd,2,True
