col0,col1,col2,col3,col4,col5,col6,col7,col8,col9,col10,col11,col12,col13,col14
,,Additional NEON Collections,,,,82,CMNH,INV,"Carnegie Museum of Natural History, Invertebrate Zoology Collection",bet_IDandpinning_in.individualID-TempOff,Pinned Carabid voucher collected in a pitfall trap trap deployed for approximatately 2 weeks as per the NEON carabid sampling protocol.,,not published,https://carnegiemnh.org/research/invertebrate-zoology/
,,Additional NEON Collections,,,,44,EMEC,EMEC,Essig Museum of Entomology,bet_IDandpinning_in.individualID-TempOff,,,not published,https://essig.berkeley.edu/
,,Additional NEON Collections,,,,74,MSB,MAMM,Museum of Southwestern Biology - Mammal specimens,"mam_pertrapnight_in.bloodSampleID-TempOff, mam_pertrapnight_in.earSampleID-TempOff, mam_pertrapnight_in.fecalSampleID-TempOff, mam_pertrapnight_in.hairSampleID-TempOff, mam_pertrapnight_in.voucherSampleID-TempOff",,,not published,http://www.msb.unm.edu/divisions/mammals/index.html
,,Additional NEON Collections,,,,79,NEON,SOIC-MP,NEON HQ Soil Archive (Megapit),mgp_perarchivesample_in.archiveID-TempOff,,,not published,
,,Additional NEON Collections,,,,80,UMBS,SAFE,"University of Michigan Biological Station - Sample Archive Facility in Ehlers, Initial Characterization Soils Archive",spc_perbulksample_in.bulkDensIDnrcs-TempOff,,,not published,
,,Other Collections from NEON sites,,,,43,CSVColl,Vertebrates,Consortium of Small Vertebrate Collections,,,,not published,https://csvcoll.org
,,Other Collections from NEON sites,,,,37,SCAN,,SCAN Portal Network Arthropod Specimens,,,,not published,http://scan-bugs.org/portal/
,,Other Collections from NEON sites,,,,2,SEINet,Plants,SEINet Portal Network Botanical Specimens,,,,not published,http://swbiodiversity.org
