col0,col1,col2,col3,col4
2015,12100,77,BYU,http://stats.ncaa.org/team/index/12100?org_id=77
2015,12100,47,Ball St.,http://stats.ncaa.org/team/index/12100?org_id=47
2015,12100,15646,Barton,http://stats.ncaa.org/team/index/12100?org_id=15646
2015,12100,2683,Belmont Abbey,http://stats.ncaa.org/team/index/12100?org_id=2683
2015,12100,101,CSUN,http://stats.ncaa.org/team/index/12100?org_id=101
2015,12100,30135,California Baptist,http://stats.ncaa.org/team/index/12100?org_id=30135
2015,12100,1013,Charleston (WV),http://stats.ncaa.org/team/index/12100?org_id=1013
2015,12100,1023,Coker,http://stats.ncaa.org/team/index/12100?org_id=1023
2015,12100,30193,Emmanuel (GA),http://stats.ncaa.org/team/index/12100?org_id=30193
2015,12100,1072,Erskine,http://stats.ncaa.org/team/index/12100?org_id=1072
2015,12100,248,George Mason,http://stats.ncaa.org/team/index/12100?org_id=248
2015,12100,1104,Grand Canyon,http://stats.ncaa.org/team/index/12100?org_id=1104
2015,12100,275,Harvard,http://stats.ncaa.org/team/index/12100?org_id=275
2015,12100,277,Hawaii,http://stats.ncaa.org/team/index/12100?org_id=277
2015,12100,30175,Holy Names,http://stats.ncaa.org/team/index/12100?org_id=30175
2015,12100,308,IPFW,http://stats.ncaa.org/team/index/12100?org_id=308
2015,12100,30051,King (TN),http://stats.ncaa.org/team/index/12100?org_id=30051
2015,12100,13302,Lees-McRae,http://stats.ncaa.org/team/index/12100?org_id=13302
2015,12100,354,Lewis,http://stats.ncaa.org/team/index/12100?org_id=354
2015,12100,1174,Limestone,http://stats.ncaa.org/team/index/12100?org_id=1174
2015,12100,30136,Lindenwood (MO),http://stats.ncaa.org/team/index/12100?org_id=30136
2015,12100,99,Long Beach St.,http://stats.ncaa.org/team/index/12100?org_id=99
2015,12100,371,Loyola Chicago,http://stats.ncaa.org/team/index/12100?org_id=371
2015,12100,30138,McKendree,http://stats.ncaa.org/team/index/12100?org_id=30138
2015,12100,1245,Mount Olive,http://stats.ncaa.org/team/index/12100?org_id=1245
2015,12100,471,NJIT,http://stats.ncaa.org/team/index/12100?org_id=471
2015,12100,9223,North Greenville,http://stats.ncaa.org/team/index/12100?org_id=9223
2015,12100,518,Ohio St.,http://stats.ncaa.org/team/index/12100?org_id=518
2015,12100,2682,P.R.-Bayamon,http://stats.ncaa.org/team/index/12100?org_id=2682
2015,12100,24361,P.R.-Mayaguez,http://stats.ncaa.org/team/index/12100?org_id=24361
2015,12100,2716,P.R.-Rio Piedras,http://stats.ncaa.org/team/index/12100?org_id=2716
2015,12100,539,Penn St.,http://stats.ncaa.org/team/index/12100?org_id=539
2015,12100,541,Pepperdine,http://stats.ncaa.org/team/index/12100?org_id=541
2015,12100,542,Pfeiffer,http://stats.ncaa.org/team/index/12100?org_id=542
2015,12100,554,Princeton,http://stats.ncaa.org/team/index/12100?org_id=554
2015,12100,561,Quincy,http://stats.ncaa.org/team/index/12100?org_id=561
2015,12100,590,Sacred Heart,http://stats.ncaa.org/team/index/12100?org_id=590
2015,12100,600,Saint Francis (PA),http://stats.ncaa.org/team/index/12100?org_id=600
2015,12100,657,Southern California,http://stats.ncaa.org/team/index/12100?org_id=657
2015,12100,674,Stanford,http://stats.ncaa.org/team/index/12100?org_id=674
2015,12100,109,UC Irvine,http://stats.ncaa.org/team/index/12100?org_id=109
2015,12100,112,UC San Diego,http://stats.ncaa.org/team/index/12100?org_id=112
2015,12100,104,UC Santa Barbara,http://stats.ncaa.org/team/index/12100?org_id=104
2015,12100,110,UCLA,http://stats.ncaa.org/team/index/12100?org_id=110
