col0,col1,col2,col3,col4,col5,col6,col7,col8,col9,col10,col11,col12,col13,col14,col15,col16,col17,col18,col19,col20,col21,col22,col23,col24,col25
1000001,1,SN163,1001,141111,1991,AH11TADDXX,PE,RPI 01 CCCCCC,,1_S_FFF_n4_RNA,RNAseq_GCC,GCC <gcc@umcg.nl>,RNA,Array:\\gcc\\gcc,,None,TruSeqRNA,GCC,141111,Passed,No,,,,TEST
1000002,1,SN163,1002,141111,1991,AH11T,PE,RPI 02 TTTTTT,,2_S_FFF_n4_RNA,RNAseq_GCC,GCC <gcc@umcg.nl>,RNA,Array:\\gcc\\gcc,,None,TruSeqRNA,GCC,141111,Passed,No,,,,TEST
1000003,1,M01785,1003,141111,1991,BH11TADDXX,PE,RPI 03 GGGGGG,,3_S_FFF_n4_RNA,RNAseq_GCC,GCC <gcc@umcg.nl>,RNA,Array:\\gcc\\gcc,,None,TruSeqRNA,GCC,141111,Passed,No,,,,TEST
1000004,1,M01785,1004,141111,1991,AH11T,PE,RPI 04 AAAAAA,,4_S_FFF_n4_RNA,RNAseq_GCC,GCC <gcc@umcg.nl>,RNA,Array:\\gcc\\gcc,,None,TruSeqRNA,GCC,141111,Passed,No,,,,TEST
1000005,1,SN163,1001,141111,1991,AH11TADDXX,PE,RPI 05 CCCCCG,,1_S_FFF_n4_RNA,RNAseq_GCC,GCC <gcc@umcg.nl>,RNA,Array:\\gcc\\gcc,,None,TruSeqRNA,GCC,141111,Passed,No,,,,TEST
1000006,1,SN163,1002,141111,1991,AH11T,PE,RPI 06 TTTTTG,,2_S_FFF_n4_RNA,RNAseq_GCC,GCC <gcc@umcg.nl>,RNA,Array:\\gcc\\gcc,,None,TruSeqRNA,GCC,141111,Passed,No,,,,TEST
1000007,1,HWUSI_EAS536,1003,141111,1991,BH11TADDXX,PE,RPI 07 GGGGGT,,3_S_FFF_n4_RNA,RNAseq_GCC,GCC <gcc@umcg.nl>,RNA,Array:\\gcc\\gcc,,None,TruSeqRNA,GCC,141111,Passed,No,,,,TEST
1000004,1,HWUSI_EAS536,1004,141111,2000,AH11T,PE,RPI 8 AAAAAT,,4_S_FFF_n4_RNA,RNAseq_GCC,GCC <gcc@umcg.nl>,RNA,Array:\\gcc\\gcc,,None,TruSeqRNA,GCC,141111,Passed,No,,,,TEST
4,1,HW_EAS536,1004,141111,2000,AH11TADDXX,AA,RPI 8 AAAAAA,,4_S_FFF_n4_RNA,RNAseq_GCC,gcc@umcg.nl,RNA,Array:\\gcc\\gcc,,None,TruSeqRNA,GCC,141111,Passed,No,,,,TEST
