col0,col1,col2,col3,col4,col5,col6,col7,col8,col9,col10,col11,col12,col13,col14,col15,col16,col17,col18,col19,col20,col21,col22,col23,col24,col25,col26,col27,col28,col29,col30,col31
rs10245867,T,G,T,G,0.0111804,-0.0457,0.330723,0.332008,False,False,False,ebi-a-GCST002245,7,28142186,0.0174,54162,0.008654,Alzheimer's disease (late onset),True,112583,2.39999e-09,0.00187293,7,28142186,ukb-b-7178,Doctor diagnosed hayfever or allergic rhinitis || id:ukb-b-7178,True,reported,igd,2,True
rs11513729,T,C,T,C,-0.0115997,-0.0101,0.412436,0.417495,False,False,False,ebi-a-GCST002245,12,112273499,0.0172,54162,0.5561,Alzheimer's disease (late onset),True,112583,1.5e-10,0.0018109,12,112273499,ukb-b-7178,Doctor diagnosed hayfever or allergic rhinitis || id:ukb-b-7178,True,reported,igd,2,True
rs11644510,T,C,T,C,-0.0134338,-0.0554,0.365808,0.350895,False,False,False,ebi-a-GCST002245,16,11277358,0.0166,54162,0.0008451,Alzheimer's disease (late onset),True,112583,4.00037e-13,0.00185178,16,11277358,ukb-b-7178,Doctor diagnosed hayfever or allergic rhinitis || id:ukb-b-7178,True,reported,igd,2,True
rs12782153,G,A,G,A,-0.010059,0.0132,0.572927,0.609344,False,False,False,ebi-a-GCST002245,10,104368294,0.0158,54162,0.4019,Alzheimer's disease (late onset),True,112583,1.6e-08,0.00177881,10,104368294,ukb-b-7178,Doctor diagnosed hayfever or allergic rhinitis || id:ukb-b-7178,True,reported,igd,2,True
rs1898671,T,C,T,C,0.0147236,0.0075,0.351384,0.362823,False,False,False,ebi-a-GCST002245,5,110408002,0.0163,54162,0.6461,Alzheimer's disease (late onset),True,112583,1.29987e-15,0.00184154,5,110408002,ukb-b-7178,Doctor diagnosed hayfever or allergic rhinitis || id:ukb-b-7178,True,reported,igd,2,True
rs1930778,C,A,C,A,-0.0106639,0.0037,0.6455,0.640159,False,False,False,ebi-a-GCST002245,9,123641369,0.0161,54162,0.8201,Alzheimer's disease (late onset),True,112583,6.69993e-09,0.00183903,9,123641369,ukb-b-7178,Doctor diagnosed hayfever or allergic rhinitis || id:ukb-b-7178,True,reported,igd,2,True
rs2066362,T,G,T,G,0.0156858,0.0154,0.157375,0.166998,False,False,False,ebi-a-GCST002245,9,6219176,0.0213,54162,0.4692,Alzheimer's disease (late onset),True,112583,1.40001e-10,0.00244452,9,6219176,ukb-b-7178,Doctor diagnosed hayfever or allergic rhinitis || id:ukb-b-7178,True,reported,igd,2,True
rs34753162,C,T,C,T,-0.0154041,-0.0716,0.130754,0.141153,False,False,False,ebi-a-GCST002245,15,61069177,0.0232,54162,0.002,Alzheimer's disease (late onset),True,112583,3.69999e-09,0.00261294,15,61069177,ukb-b-7178,Doctor diagnosed hayfever or allergic rhinitis || id:ukb-b-7178,True,reported,igd,2,True
rs3540,A,G,A,G,-0.0104604,-0.0241,0.323765,0.327038,False,False,False,ebi-a-GCST002245,15,91045408,0.0166,54162,0.148,Alzheimer's disease (late onset),True,112583,2.99999e-08,0.00188773,15,91045408,ukb-b-7178,Doctor diagnosed hayfever or allergic rhinitis || id:ukb-b-7178,True,reported,igd,2,True
rs3985697,C,T,C,T,-0.0130664,0.001,0.816208,0.798211,False,False,False,ebi-a-GCST002245,18,3822871,0.0214,54162,0.9644,Alzheimer's disease (late onset),True,112583,1.5e-08,0.00230813,18,3822871,ukb-b-7178,Doctor diagnosed hayfever or allergic rhinitis || id:ukb-b-7178,True,reported,igd,2,True
rs4759228,C,G,C,G,0.0119604,-0.0058,0.296531,0.2833,False,True,False,ebi-a-GCST002245,12,56508409,0.0191,54162,0.759,Alzheimer's disease (late onset),True,112583,5.99998e-10,0.00193196,12,56508409,ukb-b-7178,Doctor diagnosed hayfever or allergic rhinitis || id:ukb-b-7178,True,reported,igd,2,True
rs541115,A,T,A,T,0.0122349,0.0052,0.341058,0.347913,False,True,False,ebi-a-GCST002245,3,187638092,0.0164,54162,0.7505,Alzheimer's disease (late onset),True,112583,4.10015e-11,0.00185412,3,187638092,ukb-b-7178,Doctor diagnosed hayfever or allergic rhinitis || id:ukb-b-7178,True,reported,igd,2,True
rs56062135,T,C,T,C,0.013189,0.0048,0.236731,0.214712,False,False,False,ebi-a-GCST002245,15,67455630,0.0184,54162,0.7953,Alzheimer's disease (late onset),True,112583,1.89998e-10,0.00207155,15,67455630,ukb-b-7178,Doctor diagnosed hayfever or allergic rhinitis || id:ukb-b-7178,True,reported,igd,2,True
rs668622,A,G,A,G,-0.0117632,-0.0075,0.561674,0.574553,False,False,False,ebi-a-GCST002245,12,121198299,0.0156,54162,0.6286,Alzheimer's disease (late onset),True,112583,3.59998e-11,0.00177677,12,121198299,ukb-b-7178,Doctor diagnosed hayfever or allergic rhinitis || id:ukb-b-7178,True,reported,igd,2,True
rs6815814,C,A,C,A,-0.0195735,0.0018,0.214917,0.290258,False,False,False,ebi-a-GCST002245,4,38816338,0.0182,54162,0.9235,Alzheimer's disease (late onset),True,112583,5.4000799999999996e-20,0.00213785,4,38816338,ukb-b-7178,Doctor diagnosed hayfever or allergic rhinitis || id:ukb-b-7178,True,reported,igd,2,True
rs6871748,C,T,C,T,-0.0178809,-0.0046,0.273667,0.280318,False,False,False,ebi-a-GCST002245,5,35885982,0.0174,54162,0.7929,Alzheimer's disease (late onset),True,112583,1.50003e-19,0.00197748,5,35885982,ukb-b-7178,Doctor diagnosed hayfever or allergic rhinitis || id:ukb-b-7178,True,reported,igd,2,True
rs6873494,A,G,A,G,0.0117023,0.0003,0.690619,0.672962,False,False,False,ebi-a-GCST002245,5,40528126,0.0166,54162,0.984,Alzheimer's disease (late onset),True,112583,8.9e-10,0.00190991,5,40528126,ukb-b-7178,Doctor diagnosed hayfever or allergic rhinitis || id:ukb-b-7178,True,reported,igd,2,True
rs7140939,G,A,G,A,-0.0120359,-0.0058,0.604168,0.54672,False,False,False,ebi-a-GCST002245,14,68760527,0.0169,54162,0.7308,Alzheimer's disease (late onset),True,112583,3.69999e-11,0.00181948,14,68760527,ukb-b-7178,Doctor diagnosed hayfever or allergic rhinitis || id:ukb-b-7178,True,reported,igd,2,True
rs72669169,C,T,C,T,-0.0147499,0.025,0.295462,0.292247,False,False,False,ebi-a-GCST002245,4,123466566,0.0168,54162,0.1369,Alzheimer's disease (late onset),True,112583,1.80011e-14,0.00192467,4,123466566,ukb-b-7178,Doctor diagnosed hayfever or allergic rhinitis || id:ukb-b-7178,True,reported,igd,2,True
rs72823619,T,C,T,C,-0.0267977,0.008,0.13908,0.148111,False,False,False,ebi-a-GCST002245,2,102924615,0.0224,54162,0.721,Alzheimer's disease (late onset),True,112583,5.70033e-26,0.00254278,2,102924615,ukb-b-7178,Doctor diagnosed hayfever or allergic rhinitis || id:ukb-b-7178,True,reported,igd,2,True
rs7735355,C,A,C,A,0.0217025,-0.0138,0.150171,0.186879,False,False,False,ebi-a-GCST002245,5,110153295,0.0214,54162,0.5196,Alzheimer's disease (late onset),True,112583,1.8001100000000003e-18,0.00247442,5,110153295,ukb-b-7178,Doctor diagnosed hayfever or allergic rhinitis || id:ukb-b-7178,True,reported,igd,2,True
rs7893324,C,T,C,T,0.0156819,-0.0188,0.147131,0.11829,False,False,False,ebi-a-GCST002245,10,6111075,0.0218,54162,0.3897,Alzheimer's disease (late onset),True,112583,2.69998e-10,0.00248318,10,6111075,ukb-b-7178,Doctor diagnosed hayfever or allergic rhinitis || id:ukb-b-7178,True,reported,igd,2,True
rs7936323,A,G,A,G,0.0158555,-0.0136,0.476856,0.468191,False,False,False,ebi-a-GCST002245,11,76293758,0.0158,54162,0.389,Alzheimer's disease (late onset),True,112583,2.60016e-19,0.00176456,11,76293758,ukb-b-7178,Doctor diagnosed hayfever or allergic rhinitis || id:ukb-b-7178,True,reported,igd,2,True
rs8125525,T,C,T,C,-0.0130098,-0.0177,0.260782,0.21173,False,False,False,ebi-a-GCST002245,20,45681788,0.0183,54162,0.3324,Alzheimer's disease (late onset),True,112583,1.2e-10,0.00201842,20,45681788,ukb-b-7178,Doctor diagnosed hayfever or allergic rhinitis || id:ukb-b-7178,True,reported,igd,2,True
rs9297768,G,A,G,A,-0.0121525,0.0279,0.664938,0.624254,False,False,False,ebi-a-GCST002245,8,128804380,0.0175,54162,0.1106,Alzheimer's disease (late onset),True,112583,8.4004e-11,0.00187176,8,128804380,ukb-b-7178,Doctor diagnosed hayfever or allergic rhinitis || id:ukb-b-7178,True,reported,igd,2,True
rs9879150,C,T,C,T,-0.0109859,0.0287,0.356816,0.383698,False,False,False,ebi-a-GCST002245,3,16970781,0.017,54162,0.09042,Alzheimer's disease (late onset),True,112583,2.80001e-09,0.00184902,3,16970781,ukb-b-7178,Doctor diagnosed hayfever or allergic rhinitis || id:ukb-b-7178,True,reported,igd,2,True
