col0,col1,col2,col3,col4,col5,col6,col7,col8
2019-08-10,Norma Fisher,"894 Davis Union
Stewartbury, HI 25324",JcfoKBYAB4k,"7389 Alec Squares Suite 508
Port Jonathan, FL 50177",1989-11-11,"In est risus, auctor sed, tristique in, tempus sit amet, sem. Fusce consequat.",64574473047,high-level
2018-12-21,Jorge Sullivan,"471 Erika Curve
North Megan, UT 71358",ZEE54kg,"18013 Billy Bridge Suite 522
Schmitthaven, NC 66355",1989-03-05,Pellentesque ultrices mattis odio.,75531015353,mobile
2019-07-25,Elizabeth Woods,"339 Riley Mission Suite 515
South Brendamouth, ID 32356",VJyMV1Zat,"891 Bullock Ford
Amandachester, NJ 51431",1989-12-30,Morbi a ipsum. Integer a nibh. In quis justo.,16371407508,Re-engineered
2018-11-13,Susan Wagner,"35256 Craig Drive Apt. 098
North Davidborough, OK 16189",XUIeJ693h,"02489 Cook Park
Sherriport, MT 50853",0629-03-03,Suspendisse potenti.,21468788926,Grass-roots
2019-07-20,Peter Montgomery,"09032 Timothy Stream Apt. 086
Port Jordanbury, SD 39961",oWspnl,"23450 Timothy Divide
Wuland, UT 20341",1989-04-08,"Morbi quis tortor id nulla ultrices aliquet. Maecenas leo odio, condimentum id, luctus nec, molestie sed, justo.",62931646367,fault-tolerant
2019-02-12,Theodore Mcgrath,"87091 Gonzalez Knolls
Masseyshire, UT 88665",GdtcUU,"0976 Williams Mountains Apt. 009
Lake Mario, OH 85565",1989-04-18,"Maecenas tristique, est et tempus semper, est quam pharetra magna, ac consequat metus sapien ut nunc. Vestibulum ante ipsum primis in faucibus orci luctus et ultrices posuere cubilia Curae; Mauris viverra diam vitae quam.",63271348718,Team-oriented
2019-05-03,Stephanie Collins,"225 Wilson Mills
North Thomas, OK 67164",UQw6VeA,"1097 Santos Springs Suite 264
New Michelleborough, WY 51884",1989-03-20,Sed vel enim sit amet nunc viverra dapibus. Nulla suscipit ligula in lacus.,41056175169,portal
2019-01-13,Stephanie Sutton,"PSC 5642, Box 8071
APO AA 97365",49znXd7haFGz,"5100 Scott Burg
East Clayton, SC 66353",1989-12-13,"Pellentesque viverra pede ac diam. Cras pellentesque volutpat dui. Maecenas tristique, est et tempus semper, est quam pharetra magna, ac consequat metus sapien ut nunc.",72882384431,intermediate
2019-09-15,Brian Hamilton,"37594 Garza Roads Apt. 466
North Brookemouth, IA 29742",unCjJTF7sjs,"412 Snow Manors Apt. 161
South Kimtown, NV 57004",1989-01-14,Morbi ut odio.,69043821394,local area network
2018-12-19,Susan Levy,"960 Savage Port Suite 027
West Jacquelinemouth, NM 74085",dLuVMAg,"5415 David Square
West Michaeltown, IN 48447",1989-02-03,"Suspendisse ornare consequat lectus. In est risus, auctor sed, tristique in, tempus sit amet, sem. Fusce consequat.",28396220507,upward-trending
2019-03-24,Sean Green,"75470 Lopez Roads
Port Jessicatown, TX 55221",tQlUG4n,"03104 Norris Rapids
Port Donald, DE 62982",1989-05-23,Phasellus sit amet erat. Nulla tempus. Vivamus in felis eu sapien cursus vestibulum.,83344513307,grid-enabled
2019-09-27,Kimberly Smith,"08913 Charlene Flat
Joshuaburgh, NJ 52496",s9y9Mcfgy1g,"03557 Phillips Wells Suite 291
New Beverlyburgh, FL 16915",1989-07-06,"Vivamus metus arcu, adipiscing molestie, hendrerit at, vulputate vitae, nisl. Aenean lectus. Pellentesque eget nunc.",64890419671,background
2018-12-06,Jennifer Summers,"7142 Wilson Drives
Melissaton, IL 89760",9qd747vh,"332 Watson Shore Apt. 290
Millerland, MT 39742",1903-04-16,Quisque ut erat. Curabitur gravida nisi at nibh. In hac habitasse platea dictumst.,23005580487,challenge
2018-11-18,April Snyder,"9097 Bowman Landing Apt. 369
Alanberg, MA 44739",zzN5c4,"645 John Roads
Danahaven, MS 54060",1989-11-07,Pellentesque at nulla. Suspendisse potenti. Cras in purus eu magna vulputate luctus.,27052074771,coherent
2018-10-14,Dana Nguyen,"9004 Edward Prairie
Michaelside, LA 15560",j9QW6GQI,"3547 Stephanie Underpass Apt. 418
Port Jacqueline, HI 55774",1989-02-13,Cras pellentesque volutpat dui.,14800371520,neutral
2019-05-03,Cheryl Bradley,"42814 Houston Hills
Rodriguezside, NJ 62629",1aukKNEIneq,"5825 Welch Corners
Fischerport, UT 59363",1989-07-07,Aliquam erat volutpat. In congue.,75569924500,Programmable
2018-12-25,Walter Pratt,"71760 Rogers Spur Apt. 296
North Lindseyborough, IN 08516",3chTNtqhoo,"41489 Roger Terrace
Davisfort, IN 71770",1989-09-29,"Nulla ac enim. In tempor, turpis nec euismod scelerisque, quam turpis adipiscing lorem, vitae mattis nibh ligula nec sem. Duis aliquam convallis nunc.",37349256497,encompassing
2019-04-07,Bobby Flores,"8847 Kramer Station
South Christopher, KS 77208",2UdKIR2f,"014 Aaron Locks Suite 714
Justinborough, CO 05147",1989-03-19,Suspendisse potenti.,12403580562,knowledge base
2019-07-18,Tasha Rodriguez,"51108 Goodwin Flats Apt. 764
Lake Bobby, IL 82213",nGZ8disdg,"8518 Pamela Track Apt. 164
Aprilshire, SC 28062",1989-09-29,Phasellus sit amet erat.,40139478003,dynamic
2018-11-25,Michelle Kelley,"6582 Vanessa Oval
New Richard, NE 68819",bL9tAf,"864 Ramos Port Apt. 211
Moralesmouth, OH 88090",1989-12-21,Cras pellentesque volutpat dui.,76657531985,solution
