col0,col1,col2,col3,col4
,,,,
    Points Possible,,,,
"Greer, Sandra",78435.0,1922649.0,vmmfk001,MATH080 D100
"Gallegos, Valentine",57032.0,3488683.0,euhev727,MATH080 D100
"Hull, Naida",38456.0,3124879.0,kurar346,MATH080 D100
"Evans, Willa",77504.0,2417018.0,iubpo814,MATH080 D100
"Hammond, Quail",22104.0,3346871.0,bmcnp533,MATH080 D100
"Quinn, Dale",45401.0,1470127.0,ybpdm069,MATH080 D100
"Hudson, Bertha",29884.0,2137478.0,svcdt668,MATH080 D100
"Baird, Gil",81543.0,1000166.0,fdjof790,MATH080 D100
"Hammond, Veda",57187.0,3451029.0,ozvrl013,MATH080 D100
"Brennan, Laurel",69030.0,1456503.0,nrecn133,MATH080 D100
"Montgomery, Cassidy",21130.0,3577457.0,jqzxu603,MATH080 D100
"Wyatt, Adrian",24109.0,1207780.0,tkhly303,MATH080 D100
"Battle, Lionel",26247.0,1164335.0,brhzp819,MATH080 D100
"Pacheco, Hammett",96915.0,3425014.0,bdgjg511,MATH080 D100
"Pace, Ariana",63284.0,2447695.0,gcjwf257,MATH080 D100
"Horn, Phelan",30406.0,1455453.0,pfkrv218,MATH080 D100
"Ortiz, Shoshana",90721.0,2121841.0,irxed886,MATH080 D100
"Willis, Ahmed",71627.0,1341447.0,jgqxz069,MATH080 D100
"Ware, Candice",84133.0,1585500.0,tqtec429,MATH080 D100
"Good, Bell",46495.0,2973563.0,efwbr296,MATH080 D100
"Kaufman, Rhiannon",71263.0,3113081.0,sieyg693,MATH080 D100
"Benson, Lana",86500.0,1472492.0,xykow385,MATH080 D100
"Mcleod, Dale",52716.0,1506149.0,zcnvp231,MATH080 D100
"Berger, Molly",35566.0,3385282.0,viaaf832,MATH080 D100
"Ray, Alden",78903.0,3456581.0,favfs371,MATH080 D100
"Harding, Maryam",37884.0,2139178.0,maznd255,MATH080 D100
"Hull, Malachi",71447.0,1428514.0,jpnbd768,MATH080 D100
"Pickett, Cullen",84283.0,2163283.0,oelhu234,MATH080 D100
"Avery, Selma",86992.0,3937226.0,cluii258,MATH080 D100
"King, Gray",76097.0,2168078.0,fyuzb226,MATH080 D100
"Hart, Brennan",30693.0,2256858.0,tixib157,MATH080 D100
"Rice, Hadassah",60528.0,2235396.0,byaci407,MATH080 D100
"Carrillo, Nicole",61580.0,1054252.0,vuird645,MATH080 D100
"Lamb, Lila",94400.0,3587051.0,fwuhy431,MATH080 D100
"Petersen, Tanek",85080.0,3985932.0,doubh223,MATH080 D100
"Mcbride, Urielle",88517.0,3159312.0,qyljf464,MATH080 D100
"Rivera, Kitra",29523.0,3359360.0,sedrn434,MATH080 D100
"Cotton, Chava",47372.0,2375905.0,rjxvt227,MATH080 D100
"Cardenas, Xenos",43961.0,1259117.0,sdtzr427,MATH080 D100
"Ingram, Ryder",71775.0,2381644.0,ahvil737,MATH080 D100
"George, Lynn",44891.0,3080222.0,nvdzj823,MATH080 D100
"Hayden, Whoopi",36332.0,2047522.0,kbivm676,MATH080 D100
"Kirk, Debra",56029.0,1343751.0,xtwdk444,MATH080 D100
"Carson, Cailin",76566.0,1399165.0,trrbr654,MATH080 D100
"Peterson, Jarrod",95436.0,3791875.0,jntka723,MATH080 D100
"Keith, Martin",34436.0,1167474.0,gwlfi631,MATH080 D100
"Jackson, Guy",81242.0,2451268.0,hthyq966,MATH080 D100
"Hurst, Leah",92568.0,2722870.0,srycg488,MATH080 D100
"Keller, Sharon",83797.0,2648357.0,gljfl985,MATH080 D100
"Ortega, Zelenia",38198.0,3920922.0,rcgls778,MATH080 D100
"Wright, Bevis",49895.0,3335286.0,ndult018,MATH080 D100
"Whitfield, Amelia",98876.0,3573738.0,iyhvz364,MATH080 D100
"Buckner, Prescott",63977.0,2502805.0,ntuxc828,MATH080 D100
"Pruitt, Unity",26719.0,2444344.0,cccit268,MATH080 D100
"Sanford, Cheryl",40016.0,2311840.0,fqokd973,MATH080 D100
"Sharp, Chester",33088.0,1592326.0,yqpqs920,MATH080 D100
"Norton, Kalia",44345.0,1151380.0,jjsgn180,MATH080 D100
"Whitaker, Harper",91223.0,2396232.0,aghow116,MATH080 D100
"Estes, Stacy",81920.0,3726978.0,zqnno714,MATH080 D100
"Aguilar, Dorothy",59669.0,3235294.0,esjlf090,MATH080 D100
"Rios, Igor",37769.0,1484714.0,cornh718,MATH080 D100
"Conway, Chadwick",69689.0,2196011.0,jfnio420,MATH080 D100
"Bruce, Buffy",55939.0,1490392.0,yspdy899,MATH080 D100
"Snow, Madonna",68204.0,3704731.0,snbme031,MATH080 D100
"Mccray, Amir",63556.0,3805073.0,arkys795,MATH080 D100
"Calhoun, Grant",63905.0,3758392.0,qwmlj792,MATH080 D100
"Henson, Zephania",99641.0,2341049.0,slxwv011,MATH080 D100
"Hicks, Geoffrey",33757.0,1228982.0,ioxkj220,MATH080 D100
"Peterson, Blair",99934.0,3354768.0,cvewm166,MATH080 D100
"Flores, Ina",59296.0,3534730.0,kagmc103,MATH080 D100
"Jacobs, Paul",39327.0,3937102.0,yzzkv299,MATH080 D100
"Burt, Fallon",87262.0,2962948.0,jtvbc750,MATH080 D100
"Blair, Chaney",66559.0,1933230.0,blrzm467,MATH080 D100
"Blackwell, Tiger",39579.0,2822664.0,jglbs857,MATH080 D100
"Jefferson, Naomi",71212.0,1677964.0,eeqan765,MATH080 D100
"Berry, Farrah",30625.0,1486971.0,lnlru592,MATH080 D100
"Mueller, Colby",32694.0,3947876.0,ascwu599,MATH080 D100
"Reeves, MacKensie",47890.0,2142190.0,jjrej872,MATH080 D100
"Mullins, Anjolie",91686.0,3263999.0,susta510,MATH080 D100
"Jackson, Hyatt",82098.0,3463858.0,ihpyy603,MATH080 D100
"Pickett, Kristen",90190.0,2529609.0,nnahv340,MATH080 D100
"Battle, Channing",70221.0,1729560.0,yfuow387,MATH080 D100
"Dotson, Ashely",64612.0,3232548.0,xuzhz736,MATH080 D100
"Slater, Quinlan",61358.0,1369918.0,oflii853,MATH080 D100
"Dickson, Elton",30739.0,1917141.0,hvlji311,MATH080 D100
"Dickson, Maile",91331.0,1681672.0,hheyb651,MATH080 D100
"Fitzpatrick, Reese",98392.0,2214843.0,xsslq184,MATH080 D100
"Mcconnell, Cally",94292.0,2853014.0,ialla582,MATH080 D100
"Erickson, Vivian",49082.0,1270901.0,nzxvm995,MATH080 D100
"Nolan, Alden",76514.0,1665960.0,iomdt167,MATH080 D100
"Duke, Cedric",86771.0,3899418.0,veewj780,MATH080 D100
"Jacobs, Jocelyn",69688.0,2613991.0,jcswl460,MATH080 D100
"Armstrong, Emmanuel",70776.0,3844272.0,rsvhr314,MATH080 D100
"Moss, Imogene",55474.0,1115084.0,zjpgy913,MATH080 D100
"Fleming, Zeus",91487.0,2694731.0,ojvcb253,MATH080 D100
"Whitley, Merritt",21182.0,2921291.0,uxacm563,MATH080 D100
"Finley, Sharon",94138.0,2679322.0,ogrrf764,MATH080 D100
"Beard, Sawyer",42745.0,3505939.0,teeti436,MATH080 D100
"Warren, Pascale",50340.0,3554261.0,mjoip200,MATH080 D100
"Duffy, Galvin",90643.0,2550031.0,ucgim217,MATH080 D100
