col0,col1,col2,col3,col4,col5,col6,col7,col8,col9,col10,col11,col12,col13,col14,col15,col16,col17,col18,col19,col20,col21,col22,col23,col24,col25,col26,col27,col28,col29,col30,col31
rs117733303,G,A,G,A,0.0160751,-0.0042,0.018419,0.0119284,False,False,False,ebi-a-GCST002245,6,160922870,0.1265,54162,0.9736,Alzheimer's disease (late onset),True,0.00265883,160922870,6,363542,1.5e-09,ukb-b-14371,Illnesses of siblings: Heart disease || id:ukb-b-14371,True,reported,igd,2,True
rs12740374,T,G,T,G,-0.00485928,0.0004,0.220962,0.212724,False,False,False,ebi-a-GCST002245,1,109817590,0.0188,54162,0.9811,Alzheimer's disease (late onset),True,0.000861872,109817590,1,363542,1.7e-08,ukb-b-14371,Illnesses of siblings: Heart disease || id:ukb-b-14371,True,reported,igd,2,True
rs1412444,T,C,T,C,0.00434484,-0.0213,0.339928,0.360835,False,False,False,ebi-a-GCST002245,10,91002927,0.0174,54162,0.2218,Alzheimer's disease (late onset),True,0.000754591,91002927,10,363542,8.50002e-09,ukb-b-14371,Illnesses of siblings: Heart disease || id:ukb-b-14371,True,reported,igd,2,True
rs2155443,G,C,G,C,-0.00442187,0.0401,0.725685,0.723658,False,True,False,ebi-a-GCST002245,11,100798537,0.0175,54162,0.02183,Alzheimer's disease (late onset),True,0.000803068,100798537,11,363542,3.69999e-08,ukb-b-14371,Illnesses of siblings: Heart disease || id:ukb-b-14371,True,reported,igd,2,True
rs55730499,T,C,T,C,0.0152651,-0.0553,0.07974,0.0755467,False,False,False,ebi-a-GCST002245,6,161005610,0.0372,54162,0.1364,Alzheimer's disease (late onset),True,0.00132345,161005610,6,363542,8.9002e-31,ukb-b-14371,Illnesses of siblings: Heart disease || id:ukb-b-14371,True,reported,igd,2,True
rs9349379,G,A,G,A,0.00442579,-0.0077,0.405593,0.400596,False,False,False,ebi-a-GCST002245,6,12903957,0.0162,54162,0.6367,Alzheimer's disease (late onset),True,0.000728422,12903957,6,363542,1.2e-09,ukb-b-14371,Illnesses of siblings: Heart disease || id:ukb-b-14371,True,reported,igd,2,True
