col0,col1,col2,col3,col4,col5,col6
ACT,,Norma Fisher,North Ainslie Primary School,"900 Nguyen Villages Suite 063
Port Jessicatown, TX 55221",-35.255295,149.147507
ACT,,Jorge Sullivan,Amaroo School,"08913 Charlene Flat
Joshuaburgh, NJ 52496",-35.164513,149.128387
ACT,,Elizabeth Woods,Aranda Primary School,"7142 Wilson Drives
Melissaton, IL 89760",-35.255314,149.080322
ACT,,Susan Wagner,Neville Bonner Primary School,"9097 Bowman Landing Apt. 369
Alanberg, MA 44739",-35.161709,149.140756
ACT,,Peter Montgomery,Bonython Primary School,"9004 Edward Prairie
Michaelside, LA 15560",-35.430943,149.08252
ACT,,Theodore Mcgrath,Ainslie School,"42814 Houston Hills
Rodriguezside, NJ 62629",-35.273299,149.14173
ACT,,Stephanie Collins,Calwell High School,"71760 Rogers Spur Apt. 296
North Lindseyborough, IN 08516",-35.440746,149.117599
ACT,,Stephanie Sutton,Campbell Primary School,"8847 Kramer Station
South Christopher, KS 77208",-35.290752,149.155594
ACT,,Brian Hamilton,Chapman Primary School,"51108 Goodwin Flats Apt. 764
Lake Bobby, IL 82213",-35.356277,149.043015
ACT,,Susan Levy,St Thomas Aquinas Primary School,"6582 Vanessa Oval
New Richard, NE 68819",-35.205223,149.030483
ACT,,Sean Green,Charnwood-Dunlop School,"7389 Alec Squares Suite 508
Port Jonathan, FL 50177",-35.198719,149.036179
ACT,,Kimberly Smith,Charles Weston School,"18013 Billy Bridge Suite 522
Schmitthaven, NC 66355",-35.322382,149.042317
ACT,,Jennifer Summers,Curtin Primary School,"891 Bullock Ford
Amandachester, NJ 51431",-35.330921,149.079758
ACT,,April Snyder,Canberra Girls Grammar School (Junior School),"02489 Cook Park
Sherriport, MT 50853",-35.312139,149.110754
ACT,,Dana Nguyen,Downer Community Centre,"23450 Timothy Divide
Wuland, UT 20341",-35.244885,149.144907
ACT,,Cheryl Bradley,Duffy Primary School,"0976 Williams Mountains Apt. 009
Lake Mario, OH 85565",-35.33483,149.03324
ACT,,Walter Pratt,Evatt Primary School,"1097 Santos Springs Suite 264
New Michelleborough, WY 51884",-35.20725,149.0776
ACT,,Bobby Flores,Miles Franklin Primary School,"5100 Scott Burg
East Clayton, SC 66353",-35.213676,149.066147
ACT,,Tasha Rodriguez,Fadden Primary School,"412 Snow Manors Apt. 161
South Kimtown, NV 57004",-35.40374,149.11822
ACT,,Michelle Kelley,Farrer Primary School,"5415 David Square
West Michaeltown, IN 48447",-35.37812,149.10683
ACT,,Kimberly Maynard,St Francis Xavier College,"03104 Norris Rapids
Port Donald, DE 62982",-35.22626,149.04044
ACT,,Laurie Wallace,Burgmann Anglican School - Forde,"03557 Phillips Wells Suite 291
New Beverlyburgh, FL 16915",-35.17091,149.14284
ACT,,Janice Johnston,Fraser Primary School,"332 Watson Shore Apt. 290
Millerland, MT 39742",-35.191893,149.043024
ACT,,Collin Lopez,Garran Primary School,"645 John Roads
Danahaven, MS 54060",-35.344677,149.102936
ACT,,Mary Alvarez,Gilmore Primary School,"3547 Stephanie Underpass Apt. 418
Port Jacqueline, HI 55774",-35.418915,149.134659
ACT,,Peter Mcdowell,Giralang Primary School,"5825 Welch Corners
Fischerport, UT 59363",-35.21426,149.09521
ACT,,Sarah Villanueva,Gordon Primary School,"41489 Roger Terrace
Davisfort, IN 71770",-35.45644,149.086731
ACT,,Kimberly Myers,Gowrie Primary School,"014 Aaron Locks Suite 714
Justinborough, CO 05147",-35.413719,149.110703
ACT,,Desiree Cain,St Edmund's College,"8518 Pamela Track Apt. 164
Aprilshire, SC 28062",-35.323277,149.145721
ACT,,Stephanie Lawrence,Hall School Museum,"864 Ramos Port Apt. 211
Moralesmouth, OH 88090",-35.166896,149.069321
ACT,,Lauren Hayes,St Jude's Primary School,"637 Neal Island Suite 074
Lake Tyler, RI 28775",-35.334171,149.049881
ACT,,Whitney Stark,Kingsford Smith School,"0811 Smith Canyon Apt. 904
Jessicabury, WV 75585",-35.227711,149.020844
ACT,,Angela Salazar,Hughes Primary School,"7562 Fisher Spur
Hernandezberg, MD 17438",-35.331875,149.093063
ACT,,Mr. Ryan Sanchez,Isabella Plains Early Childhood School,"5667 Blair Underpass
South Shelby, VT 07027",-35.428635,149.089127
ACT,,Autumn Robinson,Kaleen Primary School,"PSC 0312, Box 5023
APO AP 39498",-35.224274,149.113098
ACT,,Faith Cabrera,Maribyrnong Primary School,"6708 Carpenter Overpass Suite 735
Bobbyton, MI 01008",-35.23489,149.10325
ACT,,Charles Wolfe,Taylor Primary School,"16396 Shawn Junction
New Nicolemouth, ND 60236",-35.378422,149.06395
ACT,,Kenneth Kent,Namadgi School,"PSC 4080, Box 3513
APO AP 45818",-35.392456,149.067337
ACT,,Melanie Johnson,St Thomas the Apostle Primary School,"4486 Olson Well
North Kevin, CA 01707",-35.38065,149.053009
ACT,,Lisa Johnston,Latham Primary School,"67771 Christopher Courts Apt. 637
Port Ronaldfurt, HI 33233",-35.219757,149.034622
ACT,,Jacob Hooper,Lyneham Primary School,"5561 Bishop Turnpike
Lake Kenneth, NY 79756",-35.24749,149.12771
ACT,,Alex Woodward,Lyons Early Childhood School,"3019 Gerald Mall Apt. 340
Trevinoville, SD 36216",-35.34161,149.07651
ACT,,Caleb Clark,Macgregor Primary School,"84331 Leonard Fort Suite 749
East Lisa, NY 43477",-35.21291,149.012299
ACT,,Taylor Johnson,Macquarie Primary School,"62281 Kathy Tunnel
Hudsonborough, VA 17819",-35.25019,149.05907
ACT,,Brian Green,Mawson Primary School,"9927 Christina Burg Suite 774
East Angelaburgh, NM 97149",-35.35852,149.09785
ACT,,Matthew Bell,Mount Rogers Primary School,"142 Warner View Suite 460
North Leslie, IA 45480",-35.208294,149.055771
ACT,,Jonathan Williams,Monash Primary School,"5240 Berry Centers
West Andrew, AR 03720",-35.414082,149.090546
ACT,,William Gonzalez,Narrabundah Early Childhood School,"51056 Patricia Forge
Grahamstad, HI 85576",-35.329025,149.150543
ACT,,Nicholas Massey,Ngunnawal Primary School,"0648 Malone Port Apt. 662
New Devonhaven, VA 92199",-35.16871,149.1111
ACT,,Caroline Chambers,Nicholls Joint Facilities (Gold Creek School Junior Site),"23028 Jennifer Meadow Apt. 972
West Matthewfurt, SC 05261",-35.18173,149.10038
ACT,,Amy Lowe,Oaks Estate Community Hall,"2738 Martin Terrace Suite 547
Smithhaven, LA 72649",-35.3422,149.230563
ACT,,Gloria King,St Matthew's Primary School,"984 Stephen Stravenue
South Michaelton, KY 97488",-35.24049,149.04284
ACT,,Jessica Thompson,Palmerston District Primary School,"Unit 4943 Box 8856
DPO AA 27891",-35.197498,149.120529
ACT,,Jason Carroll,Melrose High School,"98522 Mathis Viaduct Apt. 909
West Michael, LA 42837",-35.36273,149.08859
ACT,,Emily Howard,Red Hill Primary School,"620 Ashley Mills Apt. 507
Julieborough, OH 56059",-35.33911,149.13319
ACT,,Danielle Castro,Richardson Primary School,"212 Shelly Roads
Fischerview, LA 02288",-35.429218,149.114243
ACT,,Patrick Rogers,Southern Cross Early Childhood School,"8885 Lee Tunnel Suite 208
Port Donna, OK 50851",-35.23256,149.03841
ACT,,Douglas Allen,Margaret Hendry School,"693 Michael Estate
Lake Michael, NM 03009",-35.151216,149.114337
ACT,,Heather Roberts,Tharwa Public Hall,"342 Miller Mission
Lake Jennifer, NY 92905",-35.508937,149.066921
ACT,,Travis Schultz,Theodore Primary School,"71664 Kim Throughway
Chelsealand, AK 65056",-35.447224,149.12326
ACT,,Michelle Hughes,Turner School,"66660 Gomez Port Apt. 945
South Thomashaven, AZ 11181",-35.265213,149.126114
ACT,,Matthew Smith,Wanniassa School (Senior Campus),"0131 Williams Ville Apt. 562
Richardberg, FL 53480",-35.395275,149.08566
ACT,,George Allen,Wanniassa Hills Primary School,"22708 Madison Spurs
Herringstad, OR 11353",-35.392979,149.09549
ACT,,Jamie Hutchinson,Arawang Primary School,"3454 Holmes Motorway
Port Rachel, FL 05560",-35.354439,149.059372
ACT,,Jennifer Morales,Majura Primary School,"805 James Turnpike
Carrmouth, GA 93500",-35.238582,149.15465
ACT,,Jennifer Bates,Weetangera Primary School,"8081 Smith Trail
North Ronaldstad, NV 44515",-35.251816,149.047562
ACT,,Jeremy Green,Yarralumla Primary School,"125 Ian Crossroad Apt. 593
South Deannaport, MS 07347",-35.30661,149.102264
