col0,col1,col2,col3,col4
1,mobile Fish,2019-07-25T10:03:13,59865,59685
2,Dam,2019-07-26T02:22:00,5808,45924
3,seamless Metal deposit,2019-07-26T03:24:44,96990,72199
4,Implementation Electronics Officer,2019-07-25T13:56:48,30424,61165
5,Grocery Home,2019-07-25T16:10:18,61185,39986
6,Gorgeous Frozen Pants,2019-07-25T23:10:47,45606,9060
7,Savings Account syndicate Planner,2019-07-25T17:33:50,4645,85994
8,Yuan Renminbi Centers,2019-07-26T04:26:52,94888,94220
9,South Dakota envisioneer Music,2019-07-25T23:13:29,68423,24102
10,Bahamian Dollar Investment Account,2019-07-25T08:46:11,3438,17336
