col0,col1,col2,col3,col4,col5,col6,col7,col8,col9,col10,col11,col12,col13,col14,col15,col16,col17,col18,col19,col20,col21,col22,col23,col24,col25,col26,col27,col28,col29,col30,col31
T,C,T,C,0.00107896,0.0048,0.457137,0.454274,False,False,False,ebi-a-GCST002245,8,129012574,0.0161,54162,0.768,Alzheimer's disease (late onset),True,3.29997e-09,462933,8,129012574,0.000182413,ukb-b-20289,Non-cancer illness code, self-reported: hyperthyroidism/thyrotoxicosis || id:ukb-b-20289,True,reported,igd,2,True
T,C,T,C,0.0064584,-0.0221,0.129115,0.0785288,False,False,False,ebi-a-GCST002245,6,32285362,0.0297,54162,0.4573,Alzheimer's disease (late onset),True,3.99945e-127,462933,6,32285362,0.000269273,ukb-b-20289,Non-cancer illness code, self-reported: hyperthyroidism/thyrotoxicosis || id:ukb-b-20289,True,reported,igd,2,True
G,T,G,T,0.00113606,0.0167,0.326869,0.354871,False,False,False,ebi-a-GCST002245,1,243428152,0.0169,54162,0.3225,Alzheimer's disease (late onset),True,4.30002e-09,462933,1,243428152,0.000193411,ukb-b-20289,Non-cancer illness code, self-reported: hyperthyroidism/thyrotoxicosis || id:ukb-b-20289,True,reported,igd,2,True
A,C,A,C,0.00102383,-0.0028,0.407243,0.441352,False,False,False,ebi-a-GCST002245,3,188124354,0.0156,54162,0.8597,Alzheimer's disease (late onset),True,2.90001e-08,462933,3,188124354,0.000184608,ukb-b-20289,Non-cancer illness code, self-reported: hyperthyroidism/thyrotoxicosis || id:ukb-b-20289,True,reported,igd,2,True
C,T,C,T,0.00265332,-0.0153,0.375804,0.340954,False,False,False,ebi-a-GCST002245,14,81461472,0.0161,54162,0.3404,Alzheimer's disease (late onset),True,1.6998099999999998e-45,462933,14,81461472,0.000187423,ukb-b-20289,Non-cancer illness code, self-reported: hyperthyroidism/thyrotoxicosis || id:ukb-b-20289,True,reported,igd,2,True
A,G,A,G,-0.00183165,-0.0058,0.450735,0.470179,False,False,False,ebi-a-GCST002245,2,204738919,0.0161,54162,0.7183,Alzheimer's disease (late onset),True,7.50067e-24,462933,2,204738919,0.000181895,ukb-b-20289,Non-cancer illness code, self-reported: hyperthyroidism/thyrotoxicosis || id:ukb-b-20289,True,reported,igd,2,True
A,T,A,T,0.00140738,-0.0013,0.144597,0.137177,False,True,False,ebi-a-GCST002245,5,156608284,0.0222,54162,0.9521,Alzheimer's disease (late onset),True,4.60002e-08,462933,5,156608284,0.000257525,ukb-b-20289,Non-cancer illness code, self-reported: hyperthyroidism/thyrotoxicosis || id:ukb-b-20289,True,reported,igd,2,True
C,T,C,T,0.00146705,0.0123,0.172636,0.189861,False,False,False,ebi-a-GCST002245,11,95311422,0.0211,54162,0.5585,Alzheimer's disease (late onset),True,9.20005e-10,462933,11,95311422,0.000239633,ukb-b-20289,Non-cancer illness code, self-reported: hyperthyroidism/thyrotoxicosis || id:ukb-b-20289,True,reported,igd,2,True
A,C,A,C,0.00248074,0.0362,0.100758,0.0914513,False,False,False,ebi-a-GCST002245,1,114303808,0.0278,54162,0.1923,Alzheimer's disease (late onset),True,1.39991e-16,462933,1,114303808,0.000300307,ukb-b-20289,Non-cancer illness code, self-reported: hyperthyroidism/thyrotoxicosis || id:ukb-b-20289,True,reported,igd,2,True
A,C,A,C,0.00108379,0.0122,0.602142,0.588469,False,False,False,ebi-a-GCST002245,10,6110875,0.0157,54162,0.4363,Alzheimer's disease (late onset),True,4.49997e-09,462933,10,6110875,0.00018483,ukb-b-20289,Non-cancer illness code, self-reported: hyperthyroidism/thyrotoxicosis || id:ukb-b-20289,True,reported,igd,2,True
