col0,col1,col2,col3
KRT18,KRT18,1,21
HABP4,HABP4,1,19
CLEC11A,CLEC11A,1,17
OR3A3,OR3A3,1,17
MAN2C1,MAN2C1,1,14
COMTD1,COMTD1,1,12
LOC146880,LOC146880,1,12
PIGM,PIGM,1,12
SGIP1,SGIP1,1,12
PSMA5,PSMA5,1,11
BTD,BTD,1,11
SPRY3,SPRY3,1,10
CYBASC3,CYBASC3,1,10
C10orf11,C10orf11,1,9
NEK9,NEK9,1,9
RHOU,RHOU,1,8
LEMD2,LEMD2,1,7
TSPAN13,TSPAN13,1,7
BCKDHA,BCKDHA,1,6
VPS45,VPS45,1,6
BTAF1,BTAF1,1,6
MMP11,MMP11,1,6
PDHX,PDHX,1,6
PPP1R21,PPP1R21,1,5
OR2H2,OR2H2,1,5
POU5F1P3,POU5F1P3,1,5
STRADA,STRADA,1,5
DANCR,DANCR,1,5
ILDR2,ILDR2,1,5
GIT1,GIT1,1,4
ARHGAP23,ARHGAP23,1,4
HEATR3,HEATR3,1,4
PRSS23,PRSS23,1,4
BRWD1,BRWD1,1,3
BRCA2,BRCA2,1,3
POP7,POP7,1,3
UBASH3B,UBASH3B,1,2
SGTB,SGTB,1,2
SLC35F3,SLC35F3,1,2
PTCH2,PTCH2,1,2
SENP5,SENP5,1,0
CDC26,CDC26,1,0
hemoglobin,hemoglobin,2,55
monocytes,monocytes,2,51
leukocytes,leukocytes,2,35
neutrophils,neutrophils,2,34
creatinine,creatinine,2,31
platelets,platelets,2,27
alt,alt,2,26
c_CX3CL1,c_CX3CL1,3,100
c_OSM,c_OSM,3,91
c_CXCL10,c_CXCL10,3,71
c_TRAIL,c_TRAIL,3,61
hsa-miR-640,hsa-miR-640,4,72
hsa-miR-4517,hsa-miR-4517,4,31
hsa-miR-1199-3p,hsa-miR-1199-3p,4,28
hsa-miR-629-3p,hsa-miR-629-3p,4,26
hsa-miR-1283,hsa-miR-1283,4,24
hsa-miR-6784-5p,hsa-miR-6784-5p,4,21
hsa-miR-642a-5p,hsa-miR-642a-5p,4,20
hsa-let-7f-2-3p,hsa-let-7f-2-3p,4,18
hsa-miR-4524b-5p,hsa-miR-4524b-5p,4,16
hsa-miR-187-5p,hsa-miR-187-5p,4,15
hsa-miR-1227-5p,hsa-miR-1227-5p,4,14
hsa-miR-200c-5p,hsa-miR-200c-5p,4,12
hsa-miR-215-3p,hsa-miR-215-3p,4,11
hsa-miR-1268a,hsa-miR-1268a,4,11
hsa-miR-376c-3p,hsa-miR-376c-3p,4,11
hsa-miR-6751-5p,hsa-miR-6751-5p,4,10
hsa-miR-1470,hsa-miR-1470,4,10
hsa-miR-6865-3p,hsa-miR-6865-3p,4,10
hsa-miR-7162-3p,hsa-miR-7162-3p,4,10
hsa-miR-3151-3p,hsa-miR-3151-3p,4,10
hsa-miR-6732-5p,hsa-miR-6732-5p,4,10
hsa-miR-2276-5p,hsa-miR-2276-5p,4,10
hsa-miR-1471,hsa-miR-1471,4,9
hsa-miR-6511a-3p,hsa-miR-6511a-3p,4,9
hsa-miR-5189-5p,hsa-miR-5189-5p,4,8
hsa-miR-6810-5p,hsa-miR-6810-5p,4,8
hsa-miR-5591-3p,hsa-miR-5591-3p,4,7
hsa_piR_020365_DQ597975,hsa_piR_020365_DQ597975,4,7
hsa_piR_016735_DQ593039,hsa_piR_016735_DQ593039,4,7
hsa-miR-4260,hsa-miR-4260,4,7
hsa-miR-4725-5p,hsa-miR-4725-5p,4,7
hsa-miR-4323,hsa-miR-4323,4,6
hsa-miR-4466,hsa-miR-4466,4,6
hsa-miR-520g-5p,hsa-miR-520g-5p,4,5
hsa-miR-676-5p,hsa-miR-676-5p,4,5
hsa-miR-4449,hsa-miR-4449,4,5
hsa-miR-1273e,hsa-miR-1273e,4,4
hsa-miR-6125,hsa-miR-6125,4,4
hsa-miR-1180-5p,hsa-miR-1180-5p,4,4
hsa-miR-330-5p,hsa-miR-330-5p,4,4
hsa-miR-648,hsa-miR-648,4,4
hsa-miR-7157-5p,hsa-miR-7157-5p,4,4
hsa-miR-3122,hsa-miR-3122,4,3
hsa-miR-4515,hsa-miR-4515,4,3
hsa-miR-6836-5p,hsa-miR-6836-5p,4,2
hsa-miR-6875-3p,hsa-miR-6875-3p,4,2
hsa-miR-365a-5p,hsa-miR-365a-5p,4,2
hsa-miR-6733-3p,hsa-miR-6733-3p,4,2
hsa-miR-4755-3p,hsa-miR-4755-3p,4,1
hsa-miR-3960,hsa-miR-3960,4,1
hsa-miR-29a-5p,hsa-miR-29a-5p,4,1
hsa-miR-4733-3p,hsa-miR-4733-3p,4,1
hsa-miR-3124-3p,hsa-miR-3124-3p,4,1
hsa-miR-6806-5p,hsa-miR-6806-5p,4,1
hsa-miR-3665,hsa-miR-3665,4,1
hsa-miR-6850-5p,hsa-miR-6850-5p,4,0
hsa-miR-503-3p,hsa-miR-503-3p,4,0
p_AXIN1,p_AXIN1,5,80
p_IL7,p_IL7,5,44
p_STAMPB,p_STAMPB,5,44
p_VEGFA,p_VEGFA,5,34
p_SCF,p_SCF,5,30
p_MCP3,p_MCP3,5,28
p_Flt3L,p_Flt3L,5,16
p_uPA,p_uPA,5,16
p_CXCL5,p_CXCL5,5,15
p_CDCP1,p_CDCP1,5,14
p_CD40,p_CD40,5,9
p_TNFSF14,p_TNFSF14,5,9
p_CXCL10,p_CXCL10,5,8
p_Beta-NGF,p_Beta-NGF,5,8
p_IL18,p_IL18,5,8
p_CD6,p_CD6,5,7
p_CX3CL1,p_CX3CL1,5,7
p_TGF-alpha,p_TGF-alpha,5,7
p_IL8,p_IL8,5,7
p_MMP-10,p_MMP-10,5,7
p_CD5,p_CD5,5,7
p_CCL4,p_CCL4,5,7
p_CCL20,p_CCL20,5,7
p_MCP1,p_MCP1,5,6
p_CCL19,p_CCL19,5,6
p_CCL11,p_CCL11,5,6
p_IL-18R1,p_IL-18R1,5,6
p_ADA,p_ADA,5,6
p_ST1A1,p_ST1A1,5,5
p_FGF23,p_FGF23,5,5
p_OPG,p_OPG,5,5
p_MMP-1,p_MMP-1,5,5
p_CD244,p_CD244,5,4
p_CCL23,p_CCL23,5,4
p_IL-10RB,p_IL-10RB,5,4
p_TRAIL,p_TRAIL,5,4
p_CST5,p_CST5,5,4
p_HGF,p_HGF,5,4
p_CCL25,p_CCL25,5,4
p_TNFB,p_TNFB,5,4
p_CXCL6,p_CXCL6,5,3
p_TNFRSF9,p_TNFRSF9,5,3
p_PD-L1,p_PD-L1,5,3
p_RANKL,p_RANKL,5,3
p_IL-12B,p_IL-12B,5,3
p_4E-BP1,p_4E-BP1,5,3
p_SIRT2,p_SIRT2,5,3
p_CASP-8,p_CASP-8,5,3
p_CSF-1,p_CSF-1,5,3
p_CCL3,p_CCL3,5,2
p_IL6,p_IL6,5,2
p_FGF-21,p_FGF-21,5,2
p_MCP4,p_MCP4,5,1
p_OSM,p_OSM,5,1
p_DNER,p_DNER,5,1
p_EN-RAGE,p_EN-RAGE,5,1
p_CXCL9,p_CXCL9,5,1
CREATININE-3TMS-1-M/z329,CREATININE-3TMS-1-M/z329,6,23
FUMARIC-ACID-2TMS-1-M/z246,FUMARIC-ACID-2TMS-1-M/z246,6,20
ALPHA-TOCOPHEROL-TMS-1-M/z504,ALPHA-TOCOPHEROL-TMS-1-M/z504,6,19
NIGEROSE-MEOX-8TMS_2-1-M/z361,NIGEROSE-MEOX-8TMS_2-1-M/z361,6,16
ADENOSINE-5-MONOPHOSPHATE-5TMS-1-M/z230,ADENOSINE-5-MONOPHOSPHATE-5TMS-1-M/z230,6,15
OCTADECADIENOIC-ACID--9-12-(Z-Z)-TMS-1-M/z337,OCTADECADIENOIC-ACID--9-12-(Z-Z)-TMS-1-M/z337,6,14
LAMINARIBIOSE-MEOX-8TMS_1-1-M/z217,LAMINARIBIOSE-MEOX-8TMS_1-1-M/z217,6,13
3-HYDROXYBUTYRIC-ACID-2TMS-1-M/z204,3-HYDROXYBUTYRIC-ACID-2TMS-1-M/z204,6,12
SORBOSE-MEOX-5TMS_1-1-M/z364,SORBOSE-MEOX-5TMS_1-1-M/z364,6,11
METHYL-HISTIDINE-2TMS-1-M/z168,METHYL-HISTIDINE-2TMS-1-M/z168,6,11
SUCROSE-8TMS-1-M/z362,SUCROSE-8TMS-1-M/z362,6,11
BETA-ALANINE--N-N-O-TMS-1-M/z304,BETA-ALANINE--N-N-O-TMS-1-M/z304,6,11
GAMMA-TOCOPHEROL-TMS-1,GAMMA-TOCOPHEROL-TMS-1,6,10
INOSINE-4TMS-1-M/z217,INOSINE-4TMS-1-M/z217,6,10
Myo_Inositol_phosphate_Ri2399Mz299,Myo_Inositol_phosphate_Ri2399Mz299,6,10
ACETAMINOPHEN-2TMS-1-M/z297,ACETAMINOPHEN-2TMS-1-M/z297,6,9
URIC-ACID-N-O-O-O-TMS-1-M/z72,URIC-ACID-N-O-O-O-TMS-1-M/z72,6,9
ALANINE-N-O-TMS-1-M/z192,ALANINE-N-O-TMS-1-M/z192,6,9
OCTADECENOIC-ACID--9-(E)-TMS-1-M/z339,OCTADECENOIC-ACID--9-(E)-TMS-1-M/z339,6,9
ERYTHRITOL-4TMS-1-M/z277,ERYTHRITOL-4TMS-1-M/z277,6,9
NAPROXEN-TMS-1-M/z303,NAPROXEN-TMS-1-M/z303,6,9
BETA-ALANINE-N-O-TMS-1-M/z218,BETA-ALANINE-N-O-TMS-1-M/z218,6,8
FRUCTOSE-MEOX-5TMS_1-1-M/z366,FRUCTOSE-MEOX-5TMS_1-1-M/z366,6,8
OCTADECENOIC-ACID--9-(Z)-TMS-1-M/z222,OCTADECENOIC-ACID--9-(Z)-TMS-1-M/z222,6,8
ISOLEUCINE--N-O-TMS-1-M/z233,ISOLEUCINE--N-O-TMS-1-M/z233,6,8
PHENYLALANINE-N-O-TMS-1-M/z268,PHENYLALANINE-N-O-TMS-1-M/z268,6,8
N-ACETYL-GLUCOSAMINE-MEOX-N-O-O-O-O-TMS_2-1-M/z159,N-ACETYL-GLUCOSAMINE-MEOX-N-O-O-O-O-TMS_2-1-M/z159,6,7
LEUCINE--N-O-TMS-1-M/z158,LEUCINE--N-O-TMS-1-M/z158,6,7
Benzenebutanoic_acid_Ri2182Mz192,Benzenebutanoic_acid_Ri2182Mz192,6,7
ACONITIC-ACID--trans-3TMS-1,ACONITIC-ACID--trans-3TMS-1,6,7
INOSITOL--scyllo-6TMS-1-M/z432,INOSITOL--scyllo-6TMS-1-M/z432,6,6
ISOCITRIC-ACID-4TMS-1-M/z466,ISOCITRIC-ACID-4TMS-1-M/z466,6,6
DODECANOIC-ACID-TMS-1-M/z257,DODECANOIC-ACID-TMS-1-M/z257,6,6
MALIC-ACID-3TMS-1-M/z245,MALIC-ACID-3TMS-1-M/z245,6,6
LYSINE-N-N-O-TMS_1-1-M/z102,LYSINE-N-N-O-TMS_1-1-M/z102,6,6
1-MONOPALMITOYLGLYCEROL-2TMS-1-M/z371,1-MONOPALMITOYLGLYCEROL-2TMS-1-M/z371,6,6
CELLOBIOSE-MEOX-8TMS_2-1-M/z361,CELLOBIOSE-MEOX-8TMS_2-1-M/z361,6,5
ASPARAGINE-N-N-O-TMS-1-M/z231,ASPARAGINE-N-N-O-TMS-1-M/z231,6,5
HEPTADECANOIC-ACID-TMS-1-M/z132,HEPTADECANOIC-ACID-TMS-1-M/z132,6,5
SORBOSE-MEOX-5TMS_2-1,SORBOSE-MEOX-5TMS_2-1,6,5
TRYPTOPHAN-N-N-O-TMS-1-M/z303,TRYPTOPHAN-N-N-O-TMS-1-M/z303,6,5
ISOERYTHRITOL-4TMS-1-M/z277,ISOERYTHRITOL-4TMS-1-M/z277,6,5
OCTADECANOIC-ACID-TMS-1-M/z313,OCTADECANOIC-ACID-TMS-1-M/z313,6,5
VALINE-N-O-TMS-1-M/z246,VALINE-N-O-TMS-1-M/z246,6,5
BENZOIC-ACID-TMS-1,BENZOIC-ACID-TMS-1,6,5
CYSTINE-N-N-O-O-TMS-1-M/z297,CYSTINE-N-N-O-O-TMS-1-M/z297,6,5
TAURINE-3TMS-1-M/z328,TAURINE-3TMS-1-M/z328,6,5
GALACTURONIC-ACID-MEOX-5TMS_2-1-M/z334,GALACTURONIC-ACID-MEOX-5TMS_2-1-M/z334,6,5
LYSINE-N-N-O-TMS_3-1,LYSINE-N-N-O-TMS_3-1,6,4
-Tryptophan_Ri2161Mz202,-Tryptophan_Ri2161Mz202,6,4
THREONINE-N-O-O-TMS-1-M/z293,THREONINE-N-O-O-TMS-1-M/z293,6,4
SERINE-N-O-O-TMS-1-M/z307,SERINE-N-O-O-TMS-1-M/z307,6,4
Kynuerine_Mz192-Time:-373.01-to-374.92-Mass:-192-to-192,Kynuerine_Mz192-Time:-373.01-to-374.92-Mass:-192-to-192,6,3
ORNITHINE-N-N-O-TMS_1-1-M/z144,ORNITHINE-N-N-O-TMS_1-1-M/z144,6,3
LAMINARIBIOSE-MEOX-8TMS_2-1-M/z361,LAMINARIBIOSE-MEOX-8TMS_2-1-M/z361,6,3
GLUCURONIC-ACID-MEOX-5TMS_2-1-M/z334,GLUCURONIC-ACID-MEOX-5TMS_2-1-M/z334,6,3
CITRULLINE-3TMS_1-(Ornthine)-1,CITRULLINE-3TMS_1-(Ornthine)-1,6,2
HEXADECANOIC-ACID-TMS-1-M/z171,HEXADECANOIC-ACID-TMS-1-M/z171,6,2
CITRIC-ACID-4TMS-1-M/z465,CITRIC-ACID-4TMS-1-M/z465,6,1
2-AMINOBUTYRIC-ACID--O-N-TMS-1-M/z130,2-AMINOBUTYRIC-ACID--O-N-TMS-1-M/z130,6,1
GLUTAMINE-N-N-O-TMS_1-1-M/z347,GLUTAMINE-N-N-O-TMS_1-1-M/z347,6,1
PYROGLUTAMIC-ACID-N-O-TMS-1-M/z159,PYROGLUTAMIC-ACID-N-O-TMS-1-M/z159,6,1
MALTOSE-MEOX-8TMS_1-1-M/z361,MALTOSE-MEOX-8TMS_1-1-M/z361,6,1
LYSINE-N-N-N-O-TMS_2-1,LYSINE-N-N-N-O-TMS_2-1,6,0
TYROSINE-N-O-O-TMS-1-M/z382,TYROSINE-N-O-O-TMS-1-M/z382,6,0
