col0,col1,col2,col3,col4,col5,col6,col7,col8,col9,col10,col11,col12,col13,col14,col15,col16,col17,col18,col19,col20,col21,col22,col23,col24,col25,col26,col27,col28,col29,col30,col31
rs11642008,A,G,A,G,0.0031764,-0.002,0.494559,0.473161,False,False,False,ebi-a-GCST002245,16,69928639,0.0158,54162,0.8991,Alzheimer's disease (late onset),True,16,361194,0.000548866,7.16259e-09,69928639,ukb-d-PULM_MEDICATIO_COMORB,Medication related adverse effects (Asthma/COPD) || id:ukb-d-PULM_MEDICATIO_COMORB,True,reported,igd,2,True
rs11650127,A,G,A,G,0.00370102,-0.0109,0.357663,0.355865,False,False,False,ebi-a-GCST002245,17,79572253,0.0187,54162,0.5596,Alzheimer's disease (late onset),True,17,361194,0.000571372,9.34329e-11,79572253,ukb-d-PULM_MEDICATIO_COMORB,Medication related adverse effects (Asthma/COPD) || id:ukb-d-PULM_MEDICATIO_COMORB,True,reported,igd,2,True
rs1679013,T,C,T,C,0.0032134,-0.0476,0.458374,0.475149,False,False,False,ebi-a-GCST002245,9,22206987,0.0248,54162,0.05501,Alzheimer's disease (late onset),True,9,361194,0.000577374,2.61511e-08,22206987,ukb-d-PULM_MEDICATIO_COMORB,Medication related adverse effects (Asthma/COPD) || id:ukb-d-PULM_MEDICATIO_COMORB,True,reported,igd,2,True
rs17172647,G,A,G,A,0.00508967,0.0206,0.263952,0.284294,False,False,False,ebi-a-GCST002245,7,46214253,0.019,54162,0.2786,Alzheimer's disease (late onset),True,7,361194,0.000637099,1.36616e-15,46214253,ukb-d-PULM_MEDICATIO_COMORB,Medication related adverse effects (Asthma/COPD) || id:ukb-d-PULM_MEDICATIO_COMORB,True,reported,igd,2,True
rs6046142,A,G,A,G,0.00774191,-0.0043,0.157378,0.176938,False,False,False,ebi-a-GCST002245,20,19476765,0.0209,54162,0.8378,Alzheimer's disease (late onset),True,20,361194,0.000754519,1.0673300000000002e-24,19476765,ukb-d-PULM_MEDICATIO_COMORB,Medication related adverse effects (Asthma/COPD) || id:ukb-d-PULM_MEDICATIO_COMORB,True,reported,igd,2,True
rs61834039,G,C,G,C,0.00329976,-0.0164,0.385793,0.363817,False,True,False,ebi-a-GCST002245,1,227214745,0.017,54162,0.3368,Alzheimer's disease (late onset),True,1,361194,0.000587847,1.98655e-08,227214745,ukb-d-PULM_MEDICATIO_COMORB,Medication related adverse effects (Asthma/COPD) || id:ukb-d-PULM_MEDICATIO_COMORB,True,reported,igd,2,True
rs79721202,G,T,G,T,0.00771455,-0.0391,0.0942529,0.0874751,False,False,False,ebi-a-GCST002245,11,68941192,0.0271,54162,0.1498,Alzheimer's disease (late onset),True,11,361194,0.000939836,2.24905e-16,68941192,ukb-d-PULM_MEDICATIO_COMORB,Medication related adverse effects (Asthma/COPD) || id:ukb-d-PULM_MEDICATIO_COMORB,True,reported,igd,2,True
rs9842371,T,C,T,C,0.00406752,-0.0171,0.35769,0.348907,False,False,False,ebi-a-GCST002245,3,181346937,0.0163,54162,0.2931,Alzheimer's disease (late onset),True,3,361194,0.000575445,1.56928e-12,181346937,ukb-d-PULM_MEDICATIO_COMORB,Medication related adverse effects (Asthma/COPD) || id:ukb-d-PULM_MEDICATIO_COMORB,True,reported,igd,2,True
