col0,col1,col2,col3,col4,col5,col6
1.1,control,M,1,1,pre,1
1.2,control,M,2,1,pre,2
1.3,control,M,4,1,pre,3
1.4,control,M,2,1,pre,4
1.5,control,M,1,1,pre,5
1.6,control,M,3,1,post,1
1.7,control,M,2,1,post,2
1.8,control,M,5,1,post,3
1.9,control,M,3,1,post,4
1.1,control,M,2,1,post,5
1.11,control,M,2,1,fup,1
1.12,control,M,3,1,fup,2
1.13,control,M,2,1,fup,3
1.14,control,M,4,1,fup,4
1.15,control,M,4,1,fup,5
2.1,control,M,4,2,pre,1
2.2,control,M,4,2,pre,2
2.3,control,M,5,2,pre,3
2.4,control,M,3,2,pre,4
2.5,control,M,4,2,pre,5
2.6,control,M,2,2,post,1
2.7,control,M,2,2,post,2
2.8,control,M,3,2,post,3
2.9,control,M,5,2,post,4
2.1,control,M,3,2,post,5
2.11,control,M,4,2,fup,1
2.12,control,M,5,2,fup,2
2.13,control,M,6,2,fup,3
2.14,control,M,4,2,fup,4
2.15,control,M,1,2,fup,5
3.1,control,M,5,3,pre,1
3.2,control,M,6,3,pre,2
3.3,control,M,5,3,pre,3
3.4,control,M,7,3,pre,4
3.5,control,M,7,3,pre,5
3.6,control,M,4,3,post,1
3.7,control,M,5,3,post,2
3.8,control,M,7,3,post,3
3.9,control,M,5,3,post,4
3.1,control,M,4,3,post,5
3.11,control,M,7,3,fup,1
3.12,control,M,6,3,fup,2
3.13,control,M,9,3,fup,3
3.14,control,M,7,3,fup,4
3.15,control,M,6,3,fup,5
4.1,control,F,5,4,pre,1
4.2,control,F,4,4,pre,2
4.3,control,F,7,4,pre,3
4.4,control,F,5,4,pre,4
4.5,control,F,4,4,pre,5
4.6,control,F,2,4,post,1
4.7,control,F,2,4,post,2
4.8,control,F,3,4,post,3
4.9,control,F,5,4,post,4
4.1,control,F,3,4,post,5
4.11,control,F,4,4,fup,1
4.12,control,F,4,4,fup,2
4.13,control,F,5,4,fup,3
4.14,control,F,3,4,fup,4
4.15,control,F,4,4,fup,5
5.1,control,F,3,5,pre,1
5.2,control,F,4,5,pre,2
5.3,control,F,6,5,pre,3
5.4,control,F,4,5,pre,4
5.5,control,F,3,5,pre,5
5.6,control,F,6,5,post,1
5.7,control,F,7,5,post,2
5.8,control,F,8,5,post,3
5.9,control,F,6,5,post,4
5.1,control,F,3,5,post,5
5.11,control,F,4,5,fup,1
5.12,control,F,3,5,fup,2
5.13,control,F,6,5,fup,3
5.14,control,F,4,5,fup,4
5.15,control,F,3,5,fup,5
6.1,A,M,7,6,pre,1
6.2,A,M,8,6,pre,2
6.3,A,M,7,6,pre,3
6.4,A,M,9,6,pre,4
6.5,A,M,9,6,pre,5
6.6,A,M,9,6,post,1
6.7,A,M,9,6,post,2
6.8,A,M,10,6,post,3
6.9,A,M,8,6,post,4
6.1,A,M,9,6,post,5
6.11,A,M,9,6,fup,1
6.12,A,M,10,6,fup,2
6.13,A,M,11,6,fup,3
6.14,A,M,9,6,fup,4
6.15,A,M,6,6,fup,5
7.1,A,M,5,7,pre,1
7.2,A,M,5,7,pre,2
7.3,A,M,6,7,pre,3
7.4,A,M,4,7,pre,4
7.5,A,M,5,7,pre,5
7.6,A,M,7,7,post,1
7.7,A,M,7,7,post,2
7.8,A,M,8,7,post,3
7.9,A,M,10,7,post,4
7.1,A,M,8,7,post,5
7.11,A,M,8,7,fup,1
7.12,A,M,9,7,fup,2
7.13,A,M,11,7,fup,3
7.14,A,M,9,7,fup,4
7.15,A,M,8,7,fup,5
8.1,A,F,2,8,pre,1
8.2,A,F,3,8,pre,2
8.3,A,F,5,8,pre,3
8.4,A,F,3,8,pre,4
8.5,A,F,2,8,pre,5
8.6,A,F,2,8,post,1
8.7,A,F,4,8,post,2
8.8,A,F,8,8,post,3
8.9,A,F,6,8,post,4
8.1,A,F,5,8,post,5
8.11,A,F,6,8,fup,1
8.12,A,F,6,8,fup,2
8.13,A,F,7,8,fup,3
8.14,A,F,5,8,fup,4
8.15,A,F,6,8,fup,5
9.1,A,F,3,9,pre,1
9.2,A,F,3,9,pre,2
9.3,A,F,4,9,pre,3
9.4,A,F,6,9,pre,4
9.5,A,F,4,9,pre,5
9.6,A,F,4,9,post,1
9.7,A,F,5,9,post,2
9.8,A,F,6,9,post,3
9.9,A,F,4,9,post,4
9.1,A,F,1,9,post,5
9.11,A,F,5,9,fup,1
9.12,A,F,4,9,fup,2
9.13,A,F,7,9,fup,3
9.14,A,F,5,9,fup,4
9.15,A,F,4,9,fup,5
10.1,B,M,4,10,pre,1
10.2,B,M,4,10,pre,2
10.3,B,M,5,10,pre,3
10.4,B,M,3,10,pre,4
10.5,B,M,4,10,pre,5
10.6,B,M,6,10,post,1
10.7,B,M,7,10,post,2
10.8,B,M,6,10,post,3
10.9,B,M,8,10,post,4
10.1,B,M,8,10,post,5
10.11,B,M,8,10,fup,1
10.12,B,M,8,10,fup,2
10.13,B,M,9,10,fup,3
10.14,B,M,7,10,fup,4
10.15,B,M,8,10,fup,5
11.1,B,M,3,11,pre,1
11.2,B,M,3,11,pre,2
11.3,B,M,4,11,pre,3
11.4,B,M,2,11,pre,4
11.5,B,M,3,11,pre,5
11.6,B,M,5,11,post,1
11.7,B,M,4,11,post,2
11.8,B,M,7,11,post,3
11.9,B,M,5,11,post,4
11.1,B,M,4,11,post,5
11.11,B,M,5,11,fup,1
11.12,B,M,6,11,fup,2
11.13,B,M,8,11,fup,3
11.14,B,M,6,11,fup,4
11.15,B,M,5,11,fup,5
12.1,B,M,6,12,pre,1
12.2,B,M,7,12,pre,2
12.3,B,M,8,12,pre,3
12.4,B,M,6,12,pre,4
12.5,B,M,3,12,pre,5
12.6,B,M,9,12,post,1
12.7,B,M,10,12,post,2
12.8,B,M,11,12,post,3
12.9,B,M,9,12,post,4
12.1,B,M,6,12,post,5
12.11,B,M,8,12,fup,1
12.12,B,M,7,12,fup,2
12.13,B,M,10,12,fup,3
12.14,B,M,8,12,fup,4
12.15,B,M,7,12,fup,5
13.1,B,F,5,13,pre,1
13.2,B,F,5,13,pre,2
13.3,B,F,6,13,pre,3
13.4,B,F,8,13,pre,4
13.5,B,F,6,13,pre,5
13.6,B,F,4,13,post,1
13.7,B,F,6,13,post,2
13.8,B,F,6,13,post,3
13.9,B,F,8,13,post,4
13.1,B,F,6,13,post,5
13.11,B,F,7,13,fup,1
13.12,B,F,7,13,fup,2
13.13,B,F,8,13,fup,3
13.14,B,F,10,13,fup,4
13.15,B,F,8,13,fup,5
14.1,B,F,2,14,pre,1
14.2,B,F,2,14,pre,2
14.3,B,F,3,14,pre,3
14.4,B,F,1,14,pre,4
14.5,B,F,2,14,pre,5
14.6,B,F,5,14,post,1
14.7,B,F,6,14,post,2
14.8,B,F,7,14,post,3
14.9,B,F,5,14,post,4
14.1,B,F,2,14,post,5
14.11,B,F,6,14,fup,1
14.12,B,F,7,14,fup,2
14.13,B,F,8,14,fup,3
14.14,B,F,6,14,fup,4
14.15,B,F,3,14,fup,5
15.1,B,F,2,15,pre,1
15.2,B,F,2,15,pre,2
15.3,B,F,3,15,pre,3
15.4,B,F,4,15,pre,4
15.5,B,F,4,15,pre,5
15.6,B,F,6,15,post,1
15.7,B,F,6,15,post,2
15.8,B,F,7,15,post,3
15.9,B,F,9,15,post,4
15.1,B,F,7,15,post,5
15.11,B,F,7,15,fup,1
15.12,B,F,7,15,fup,2
15.13,B,F,8,15,fup,3
15.14,B,F,6,15,fup,4
15.15,B,F,7,15,fup,5
16.1,B,F,4,16,pre,1
16.2,B,F,5,16,pre,2
16.3,B,F,7,16,pre,3
16.4,B,F,5,16,pre,4
16.5,B,F,4,16,pre,5
16.6,B,F,7,16,post,1
16.7,B,F,7,16,post,2
16.8,B,F,8,16,post,3
16.9,B,F,6,16,post,4
16.1,B,F,7,16,post,5
16.11,B,F,7,16,fup,1
16.12,B,F,8,16,fup,2
16.13,B,F,10,16,fup,3
16.14,B,F,8,16,fup,4
16.15,B,F,7,16,fup,5
