col0,col1,col2,col3,col4,col5,col6,col7,col8,col9,col10,col11
1,577518788649182,Norma Fisher,801110030219864,1.2294844026963796e33,Program Coordinator & Case Manager,Social Services,"69602 Brown Squares Apt. 787
North Troyport, NH 07035",1128108657108836,,,
2,599621071767378,Jorge Sullivan,777796010868947,7.713782821809466e68,,Housing Services,"81206 Stewart Forest Apt. 089
East Davidborough, ME 37198",0,,,
3,645838145603264,Elizabeth Woods,1093127605400642,1012930231616826,Outreach Director,,"76104 Marsh Crescent
Dennishaven, SD 85034","604159793210932,554247704723838,",,,modified
4,612213908439005,Susan Wagner,692112692154000,"994280834710332,1060160690284572,1140318024724985",Sexual Wellness Youth Developer,,"0003 Grant Lakes
Port Karafort, SD 60619","1346383381421910,",,,modified
5,659954535630939,Peter Montgomery,706476638607137,573931060003252,,,"236 Smith Drive Suite 555
West Kimberlyton, KY 21978",1294732165044482,,,
6,659108624341793,Theodore Mcgrath,1093127605400642,946406110593174,Center Director,,"6824 Timothy Garden Apt. 428
West Richardmouth, MT 14742",1107310655120205,,,
7,645633521716641,Stephanie Collins,682552065545256,633702102837581,,,"5517 Holly Meadow Apt. 452
Lake Anne, SC 11894",964860483808020,,,
8,636692867080417,Stephanie Sutton,801110030219864,1267195102722768,,Employment,"30601 Hawkins Highway
Morashire, TX 28976",1299532893666576,,,
9,697976339958489,Brian Hamilton,1323195974089796,637918031832415,Outreach Worker / Case Manager,,"49263 Wilson View Apt. 873
South Raymondborough, AZ 28798",1080778313579001,,,
10,769228683615655,Susan Levy,0,1208786629108154,,,"76582 Vanessa Oval
New Richard, NE 68819",821652578679829,,,
11,789879098577824,Sean Green,1140996665222837,617081192222015,,,"7389 Alec Squares Suite 508
Port Jonathan, FL 50177",958973665695309,,,
12,756653322156829,Kimberly Smith,906742630902911,1229115016596631,Valenti House Supervisor,,"18013 Billy Bridge Suite 522
Schmitthaven, NC 66355",1104551016510441,,,
13,773180771408189,Jennifer Summers,761153930697275,,UPO Youth Services Division Director,Youth Services,"891 Bullock Ford
Amandachester, NJ 51431","1346383381421904,",,,modified
14,790340031601441,April Snyder,804045327953048,614149741156528,Director of Culinary Job Training,,"02489 Cook Park
Sherriport, MT 50853",0,,,
15,798494739947118,Dana Nguyen,0,1216690927743518,,,"23450 Timothy Divide
Wuland, UT 20341",611448477360093,,,
16,804736877719123,Cheryl Bradley,0,825628435745785,,,"0976 Williams Mountains Apt. 009
Lake Mario, OH 85565",0,,,
17,825996014744789,Walter Pratt,1323195974089796,1140318024724985,Health Promotion Program Manager,,"1097 Santos Springs Suite 264
New Michelleborough, WY 51884",801845574930546,,,
18,874540655387308,Bobby Flores,761153930697275,924655410570415,test,,"5100 Scott Burg
East Clayton, SC 66353","574820988537178,",,,modified
19,872592641656382,Tasha Rodriguez,801110030219864,0,Volunteer Coordinator,,"412 Snow Manors Apt. 161
South Kimtown, NV 57004",885184809366687,,,
20,895025992119061,Michelle Kelley,0,0,,,"5415 David Square
West Michaeltown, IN 48447",0,,,
21,888608942220002,Kimberly Maynard,1323195974089796,1234003496832541,Program Coordinator,,"03104 Norris Rapids
Port Donald, DE 62982",1072627992557883,,,
22,896549876881336,Laurie Wallace,0,0,,,"03557 Phillips Wells Suite 291
New Beverlyburgh, FL 16915",0,,,
23,866390871990408,Janice Johnston,744812603775568,8.652536950352876e32,,,"332 Watson Shore Apt. 290
Millerland, MT 39742",759133304767858,,,
24,946647963504599,Collin Lopez,1323195974089796,850061472824026,Program Manager,,"645 John Roads
Danahaven, MS 54060",1193950530495506,,,
25,931603038502827,Mary Alvarez,0,1108884623053766,Program Manager,,"3547 Stephanie Underpass Apt. 418
Port Jacqueline, HI 55774",1194161595371590,,,
26,932493235875618,Peter Mcdowell,804045327953048,612309985819526,Partnership Program Manager,,"5825 Welch Corners
Fischerport, UT 59363",0,,,
27,955478188348338,Sarah Villanueva,1323195974089796,1197691835069647,Family Resource Specialist,,"41489 Roger Terrace
Davisfort, IN 71770",745110519319130,,,
28,998959625812107,Kimberly Myers,682552065545256,1.2734316361454869e51,,,"014 Aaron Locks Suite 714
Justinborough, CO 05147",736909404940832,,,
29,942787076035093,Desiree Cain,1323195974089796,8.725567517467546e32,Program Manager,,"8518 Pamela Track Apt. 164
Aprilshire, SC 28062",1165471269627538,,,
30,981929906512252,Stephanie Lawrence,0,1253744104425599,,,"864 Ramos Port Apt. 211
Moralesmouth, OH 88090",851233609504150,,,
31,991150474887656,Lauren Hayes,1323195974089796,1234003496832541,Outreach and Engagement,,"637 Neal Island Suite 074
Lake Tyler, RI 28775",1226355078973829,,,
32,998802888046811,Whitney Stark,801110030219864,988930242117816,,,"0811 Smith Canyon Apt. 904
Jessicabury, WV 75585",616629263137129,,,
33,1043054479944359,Angela Salazar,726173106231202,1291599466171764,Reverand,,"7562 Fisher Spur
Hernandezberg, MD 17438",0,,,
34,1053546370861365,Mr. Ryan Sanchez,976379482380679,881012847859169,,,"5667 Blair Underpass
South Shelby, VT 07027",1166362596698965,,,
35,1071434095608880,Autumn Robinson,1326157862705937,985012947614539,SR Program,,"PSC 0312, Box 5023
APO AP 39498",1.2153728619892699e33,,,
36,1068411641337800,Faith Cabrera,872299181857178,1185051455558186,,,"6708 Carpenter Overpass Suite 735
Bobbyton, MI 01008",598681010126194,,,
37,1095190489836587,Charles Wolfe,1097944906840777,"571969699128717,585908349000516,627323919512057",,,"16396 Shawn Junction
New Nicolemouth, ND 60236",0,,,modified
38,1115797516280285,Kenneth Kent,761153930697275,1296433586474206,,,"PSC 4080, Box 3513
APO AP 45818","601304296449089,614553051482053,",,,modified
39,1166926453122116,Melanie Johnson,801110030219864,1207414557990697,,,"4486 Olson Well
North Kevin, CA 01707",1096494296237143,,,
40,1215015803426176,Lisa Johnston,906742630902911,626861523724993,SIL Residential Lead,,"67771 Christopher Courts Apt. 637
Port Ronaldfurt, HI 33233",966435484864334,,,
41,1189733668647287,Jacob Hooper,577764298046742,656905764489449,,Latino and Immigration Services,"5561 Bishop Turnpike
Lake Kenneth, NY 79756",0,,,
42,1170089516639143,Alex Woodward,906742630902911,590149106022184,Holly House Supervisor,,"3019 Gerald Mall Apt. 340
Trevinoville, SD 36216",906348724543792,,,
43,1214337031845729,Caleb Clark,1323195974089796,1158010282443707,Program Manager,,"84331 Leonard Fort Suite 749
East Lisa, NY 43477",1248093235818331,,,
44,1245676378058200,Taylor Johnson,976379482380679,881012847859169,,,"62281 Kathy Tunnel
Hudsonborough, VA 17819",646829373351724,,,
45,1268182811010585,Brian Green,0,895467915545937,Clinical Director,,"9927 Christina Burg Suite 774
East Angelaburgh, NM 97149",0,,,
46,1204985979154628,Matthew Bell,801110030219864,1229484402696374,Women’s Program Coordinator & Case Manager,Social Services,"142 Warner View Suite 460
North Leslie, IA 45480",833465858171168,,,
47,1278696466858509,Jonathan Williams,1323195974089796,636733000958441,DC Prevention Center Wards 1 & 2 Director,,"5240 Berry Centers
West Andrew, AR 03720",1256499247956610,,,
48,1242020855566510,William Gonzalez,761153930697275,602650991439185,Foster Grandparent Program Director,,"51056 Patricia Forge
Grahamstad, HI 85576",645117414301336,,,
49,1258802836458213,Nicholas Massey,761153930697275,1133165843084453,,,"0648 Malone Port Apt. 662
New Devonhaven, VA 92199",849573890085736,,,
50,1250903097874303,Caroline Chambers,0,1.2132305855419256e51,,,"23028 Jennifer Meadow Apt. 972
West Matthewfurt, SC 05261",615824389715095,,,
51,1280208916486415,Amy Lowe,0,1.2106971171525764e33,,,"2738 Martin Terrace Suite 547
Smithhaven, LA 72649",650675878696913,,,
52,1297081719996609,Gloria King,744812603775568,998912206496705,,,"984 Stephen Stravenue
South Michaelton, KY 97488",,,,modified
53,1265379019552939,Jessica Thompson,801110030219864,0,Financial Donations,,"Unit 4943 Box 8856
DPO AA 27891",785784204283979,,,
54,1296571710419253,Jason Carroll,1326157862705937,585407675930864,SIL Program Liaison,Housing Programs,"98522 Mathis Viaduct Apt. 909
West Michael, LA 42837",1179726198865150,,,
55,1267681237969372,Emily Howard,0,963237379779513,,,"620 Ashley Mills Apt. 507
Julieborough, OH 56059",614553051482053,,,
56,1325427508018418,Danielle Castro,1004391421304549,990258942674234,Coordinator,Learning Center,"212 Shelly Roads
Fischerview, LA 02288",937322777502476,,,
57,1289350366232372,Patrick Rogers,577764298046742,1.332741706053111e33,,Support Services for Crime Victims,"8885 Lee Tunnel Suite 208
Port Donna, OK 50851",0,,,
58,1328428091308050,Douglas Allen,1323195974089796,565809012321458,Program Coordinator,,"693 Michael Estate
Lake Michael, NM 03009",665879809068779,,,modified
59,1328428091308051,Heather Roberts,597291118069880,,test,test,"342 Miller Mission
Lake Jennifer, NY 92905",,,,
60,1328428091308052,Travis Schultz,706476638607137,,Director,Intake,"71664 Kim Throughway
Chelsealand, AK 65056",,,,
61,1328428091308053,Michelle Hughes,618997848324116,,Director,Intake,"66660 Gomez Port Apt. 945
South Thomashaven, AZ 11181",,,,
62,1328428091308054,Matthew Smith,605622028340987,,,,"0131 Williams Ville Apt. 562
Richardberg, FL 53480",,,,
63,1328428091308055,George Allen,1185296657231877,,,,"22708 Madison Spurs
Herringstad, OR 11353",1346383381421904,,,
64,1328428091308056,Jamie Hutchinson,1091687465844379,,,,"3454 Holmes Motorway
Port Rachel, FL 05560","1346383381421904,",,,
