col0,col1,col2,col3,col4,col5,col6,col7,col8,col9,col10,col11,col12,col13,col14,col15,col16,col17
1,Northwind Traders,Norma Fisher,Norma Fisher,"778 Brown Plaza
North Jenniferfurt, WY 88077",Sales Representative,(123)555-0100,(123)555-0102,,(123)555-0103,"PSC 5642, Box 8071
APO AA 97365",Seattle,WA,44682,USA,,,
2,Northwind Traders,Jorge Sullivan,Jorge Sullivan,"3513 John Divide Suite 115
Rodriguezside, VT 16860","Vice President, Sales",(123)555-0100,(123)555-0102,,(123)555-0103,"37594 Garza Roads Apt. 466
North Brookemouth, IA 29742",Bellevue,WA,45544,USA,http://northwindtraders.com,,
3,Northwind Traders,Elizabeth Woods,Elizabeth Woods,"894 Davis Union
Stewartbury, HI 25324",Sales Representative,(123)555-0100,(123)555-0102,,(123)555-0103,"960 Savage Port Suite 027
West Jacquelinemouth, NM 74085",Redmond,WA,16796,USA,http://northwindtraders.com,,
4,Northwind Traders,Susan Wagner,Susan Wagner,"471 Erika Curve
North Megan, UT 71358",Sales Representative,(123)555-0100,(123)555-0102,,(123)555-0103,"75470 Lopez Roads
Port Jessicatown, TX 55221",Kirkland,WA,63295,USA,http://northwindtraders.com,,
5,Northwind Traders,Peter Montgomery,Peter Montgomery,"339 Riley Mission Suite 515
South Brendamouth, ID 32356",Sales Manager,(123)555-0100,(123)555-0102,,(123)555-0103,"08913 Charlene Flat
Joshuaburgh, NJ 52496",Seattle,WA,15706,USA,http://northwindtraders.com,,
6,Northwind Traders,Theodore Mcgrath,Theodore Mcgrath,"35256 Craig Drive Apt. 098
North Davidborough, OK 16189",Sales Representative,(123)555-0100,(123)555-0102,,(123)555-0103,"7142 Wilson Drives
Melissaton, IL 89760",Redmond,WA,92198,USA,http://northwindtraders.com,,
7,Northwind Traders,Stephanie Collins,Stephanie Collins,"09032 Timothy Stream Apt. 086
Port Jordanbury, SD 39961",Sales Representative,(123)555-0100,(123)555-0102,,(123)555-0103,"9097 Bowman Landing Apt. 369
Alanberg, MA 44739",Seattle,WA,65740,USA,http://northwindtraders.com,,
8,Northwind Traders,Stephanie Sutton,Stephanie Sutton,"87091 Gonzalez Knolls
Masseyshire, UT 88665",Sales Coordinator,(123)555-0100,(123)555-0102,,(123)555-0103,"9004 Edward Prairie
Michaelside, LA 15560",Redmond,WA,56407,USA,http://northwindtraders.com,,
9,Northwind Traders,Brian Hamilton,Brian Hamilton,"225 Wilson Mills
North Thomas, OK 67164",Sales Representative,(123)555-0100,(123)555-0102,,(123)555-0103,"42814 Houston Hills
Rodriguezside, NJ 62629",Seattle,WA,05458,USA,http://northwindtraders.com,,
