col0,col1,col2,col3,col4,col5,col6,col7,col8,col9,col10,col11,col12
1,calculating conglomeration bypassing,Kroon deposit systemic,Liaison Grocery capacitor,2019-12-16,2019-12-17,2019-12-17,2019-12-17,unleash grid-enabled Specialist,Norma Fisher,qgrimes@gmail.com,Utah Mall,1
2,Liaison teal,Licensed Cheese Summit,back up Auto Loan Account,2019-12-17,2019-12-17,2019-12-17,2019-12-16,Orchestrator indigo Manors,Jorge Sullivan,cortezraymond@garrett.com,architectures,2
3,Networked,Handcrafted Rubber Gloves,South Carolina,2019-12-17,2019-12-17,2019-12-16,2019-12-17,Health,Elizabeth Woods,jane13@walker.net,payment,3
4,XSS solid state Handmade Granite Fish,Concrete,Planner,2019-12-17,2019-12-17,2019-12-17,2019-12-17,magenta efficient,Susan Wagner,millerluke@hotmail.com,Sports,4
5,24/365,Frozen,magenta Turkish Lira,2019-12-17,2019-12-17,2019-12-17,2019-12-17,Tasty deposit circuit,Peter Montgomery,turnerkelly@gmail.com,Assurance Auto Loan Account cross-platform,5
6,indexing Handcrafted,Malta Auto Loan Account online,deposit Central African Republic,2019-12-17,2019-12-17,2019-12-17,2019-12-17,Savings Account,Theodore Mcgrath,tamaramorrison@hotmail.com,out-of-the-box Pizza,6
7,systems Sleek Wooden Towels Clothing,Fundamental Designer,Borders Intelligent whiteboard,2019-12-17,2019-12-17,2019-12-17,2019-12-17,Switchable,Stephanie Collins,zdavis@yahoo.com,array parse,7
8,Awesome Fresh Hat New Jersey,Clothing target,HDD Forward,2019-12-17,2019-12-17,2019-12-17,2019-12-16,uniform sticky,Stephanie Sutton,kellylopez@gmail.com,Tuna Implemented,8
9,Bedfordshire applications Sleek Cotton Bike,AI,Home Loan Account Louisiana,2019-12-17,2019-12-17,2019-12-17,2019-12-17,envisioneer Coordinator,Brian Hamilton,thomas12@mclean.net,Savings Account redefine Multi-channelled,9
10,Team-oriented,initiatives,Jordan,2019-12-17,2019-12-17,2019-12-17,2019-12-17,Forge New Mexico,Susan Levy,aimee33@hotmail.com,payment Spur,10
