col0,col1,col2,col3,col4,col5,col6,col7,col8,col9,col10,col11,col12,col13,col14,col15,col16,col17,col18,col19,col20,col21,col22,col23,col24,col25,col26,col27,col28,col29,col30,col31
rs10463311,T,C,T,C,-0.0854,-0.0111,0.7441,0.728628,False,False,False,ebi-a-GCST002245,5,150410835,0.0179,54162,0.5355,Alzheimer's disease (late onset),True,3.99899e-08,150410835,5,0.0156,80610,ebi-a-GCST005647,Amyotrophic lateral sclerosis || id:ebi-a-GCST005647,True,reported,igd,2,True
rs12973192,G,C,G,C,0.1205,0.0013,0.3247,0.341948,False,True,False,ebi-a-GCST002245,19,17753239,0.018,54162,0.9418,Alzheimer's disease (late onset),True,3.91562e-15,17753239,19,0.0153,80610,ebi-a-GCST005647,Amyotrophic lateral sclerosis || id:ebi-a-GCST005647,True,reported,igd,2,True
rs142321490,C,G,C,G,0.3172,-0.0028,0.0183,0.0168986,False,True,False,ebi-a-GCST002245,12,58676132,0.0654,54162,0.9654,Alzheimer's disease (late onset),True,6.14695e-10,58676132,12,0.0513,80610,ebi-a-GCST005647,Amyotrophic lateral sclerosis || id:ebi-a-GCST005647,True,reported,igd,2,True
rs3849943,T,C,T,C,-0.1764,-0.0016,0.7518,0.767396,False,False,False,ebi-a-GCST002245,9,27543382,0.0183,54162,0.9305,Alzheimer's disease (late onset),True,3.76964e-30,27543382,9,0.0155,80610,ebi-a-GCST005647,Amyotrophic lateral sclerosis || id:ebi-a-GCST005647,True,reported,igd,2,True
rs74654358,A,G,A,G,0.1976,0.0005,0.0473,0.0318091,False,False,False,ebi-a-GCST002245,12,64881967,0.046,54162,0.9911,Alzheimer's disease (late onset),True,4.65801e-09,64881967,12,0.0337,80610,ebi-a-GCST005647,Amyotrophic lateral sclerosis || id:ebi-a-GCST005647,True,reported,igd,2,True
