col0,col1,col2,col3,col4,col5,col6,col7,col8,col9,col10,col11,col12,col13,col14,col15,col16,col17,col18,col19,col20,col21,col22,col23,col24,col25,col26,col27,col28,col29,col30,col31
rs11894252,C,T,C,T,-0.5366,-0.01,,0.615308,False,False,False,ebi-a-GCST002245,2,46533376,0.0162,54162,0.5398,Alzheimer's disease (late onset),True,46533376,1.12899e-08,37678,0.094,2,ebi-a-GCST004826,P wave duration || id:ebi-a-GCST004826,True,reported,igd,2,True
rs1467026,A,G,A,G,-0.5491,-0.0039,,0.646123,False,False,False,ebi-a-GCST002245,3,12830775,0.0157,54162,0.802,Alzheimer's disease (late onset),True,12830775,2.33002e-08,37678,0.0983,3,ebi-a-GCST004826,P wave duration || id:ebi-a-GCST004826,True,reported,igd,2,True
rs340404,C,T,C,T,-0.4954,0.0016,,0.627237,False,False,False,ebi-a-GCST002245,7,35415792,0.0166,54162,0.9222,Alzheimer's disease (late onset),True,35415792,9.20195e-08,37678,0.0927,7,ebi-a-GCST004826,P wave duration || id:ebi-a-GCST004826,True,reported,igd,2,True
rs3807989,G,A,G,A,-0.5326,-0.0049,,0.606362,False,False,False,ebi-a-GCST002245,7,116186241,0.0156,54162,0.7506,Alzheimer's disease (late onset),True,116186241,3.76704e-09,37678,0.0904,7,ebi-a-GCST004826,P wave duration || id:ebi-a-GCST004826,True,reported,igd,2,True
rs4276421,T,C,T,C,-0.5825,0.007,,0.585487,False,False,False,ebi-a-GCST002245,5,45802079,0.0156,54162,0.6551,Alzheimer's disease (late onset),True,45802079,1.10101e-10,37678,0.0903,5,ebi-a-GCST004826,P wave duration || id:ebi-a-GCST004826,True,reported,igd,2,True
rs452036,A,G,A,G,0.6206,-0.0092,,0.335984,False,False,False,ebi-a-GCST002245,14,23865885,0.0166,54162,0.5771,Alzheimer's disease (late onset),True,23865885,1.00099e-10,37678,0.096,14,ebi-a-GCST004826,P wave duration || id:ebi-a-GCST004826,True,reported,igd,2,True
rs562408,G,A,G,A,0.5262,0.0303,,0.524851,False,False,False,ebi-a-GCST002245,1,54742618,0.0163,54162,0.06239,Alzheimer's disease (late onset),True,54742618,2.92099e-08,37678,0.0949,1,ebi-a-GCST004826,P wave duration || id:ebi-a-GCST004826,True,reported,igd,2,True
rs62241190,G,A,G,A,3.2087,-0.0138,,0.0228628,False,False,False,ebi-a-GCST002245,3,38607468,0.0486,54162,0.7763,Alzheimer's disease (late onset),True,38607468,1.1311e-19,37678,0.3536,3,ebi-a-GCST004826,P wave duration || id:ebi-a-GCST004826,True,reported,igd,2,True
rs7312625,A,G,A,G,-0.7444,-0.0309,,0.728628,False,False,False,ebi-a-GCST002245,12,114799974,0.0175,54162,0.07676,Alzheimer's disease (late onset),True,114799974,5.45004e-14,37678,0.099,12,ebi-a-GCST004826,P wave duration || id:ebi-a-GCST004826,True,reported,igd,2,True
