col0,col1,col2,col3,col4,col5,col6,col7,col8,col9,col10,col11,col12,col13,col14,col15,col16,col17,col18,col19,col20
26183,NC_000913,"1,978,503",DEL,Δ776 bp,"insB1, insA",,"insB1, insA",,,,,,,1.0,,,,,,
43292,NC_000913,"1,196,220",SNP,C→T,icd,,"isocitrate dehydrogenase, e14 prophage attachment site, tellurite reductase",,,H366H (CAC→CAT),,1.0,,,1.0,,,,,
43293,NC_000913,"1,196,232",SNP,C→T,icd,,"isocitrate dehydrogenase, e14 prophage attachment site, tellurite reductase",,,T370T (ACC→ACT),,1.0,,,1.0,,,,,
43294,NC_000913,"1,196,245",SNP,T→C,icd,,"isocitrate dehydrogenase, e14 prophage attachment site, tellurite reductase",,,L375M (TTA→CTG),,1.0,,,1.0,,,,,
43295,NC_000913,"1,196,247",SNP,A→G,icd,,"isocitrate dehydrogenase, e14 prophage attachment site, tellurite reductase",,,L375M (TTA→CTG),,1.0,,,1.0,,,,,
43296,NC_000913,"1,677,707",SNP,G→T,pntA,,"pyridine nucleotide transhydrogenase, alpha subunit",,,S66* (TCA→TAA),,1.0,,,,,,,,
43297,NC_000913,"2,536,312",MOB,Δ1 bp :: IS186 (–) +6 bp :: Δ1 bp,crr,,glucose-specific enzyme IIA component of PTS,,,coding (479‑484/510 nt),,1.0,,,,,,,,1.0
43298,NC_000913,"2,866,957",INS,(TTGCTCTGC)1→2,rpoS,,"RNA polymerase, sigma S (sigma 38) factor",,,coding (595/993 nt),,1.0,,,,,,,,
43299,NC_000913,"3,815,810",DEL,Δ1 bp,"pyrE, rph",,"orotate phosphoribosyltransferase/ribonuclease PH (defective),enzyme, Degradation of RNA, RNase PH",,,intergenic (‑42/+24),,1.0,,,,,,,,
43300,NC_000913,"4,160,854",SNP,C→T,"sthA, fabR",,"pyridine nucleotide transhydrogenase, soluble/transcriptional repressor of fabA and fabB",,,intergenic (‑64/‑270),,1.0,,,,,1.0,1.0,1.0,
43301,NC_000913,"701,378",SNP,C→A,nagC,,N-acetylglucosamine-inducible nag divergent operon transcriptional repressor,,,G73C (GGC→TGC),,,,,,,,1.0,1.0,
43302,NC_000913,"1,936,249",SNP,C→T,zwf,,glucose-6-phosphate 1-dehydrogenase,,,A22A (GCG→GCA),,,,,,,,,1.0,
43303,NC_000913,"2,375,828",MOB,IS186 (–) +4 bp,menC,,O-succinylbenzoyl-CoA synthase,,,coding (132‑135/963 nt),,,,,,,,,1.0,
43304,NC_000913,"4,160,733",SNP,C→T,sthA,,"pyridine nucleotide transhydrogenase, soluble",,,G20S (GGC→AGC),,,,,,,,1.0,1.0,
43305,NC_000913,"4,183,274",SNP,A→G,rpoB,,"RNA polymerase, beta subunit",,,N677S (AAC→AGC),,,,,,,,,1.0,
43306,NC_000913,"2,866,955",INS,(TTGCTCT)1→2,rpoS,,"RNA polymerase, sigma S (sigma 38) factor",,,coding (597/993 nt),,,,,,1.0,,,,
43307,NC_000913,"3,440,071",DEL,Δ20 bp,rpoA,,"RNA polymerase, alpha subunit",,,coding (940‑959/990 nt),,,,,,1.0,,,,
43308,NC_000913,"3,815,808",DEL,(A)8→7,"pyrE, rph",,"orotate phosphoribosyltransferase/ribonuclease PH (defective),enzyme, Degradation of RNA, RNase PH",,,intergenic (‑40/+26),,,,,,1.0,,,,
43309,NC_000913,"4,400,429",SNP,A→C,hfq,,"global sRNA chaperone, HF-I, host factor for RNA phage Q beta replication",,,N48H (AAC→CAC),,,,,,1.0,,,,
43310,NC_000913,"4,547,304",MOB,Δ2 bp :: IS186 (+) +7 bp :: Δ1 bp,fimD,,"fimbrial usher outer membrane porin protein, FimCD chaperone-usher",,,coding (2209‑2215/2637 nt),,,,,,1.0,,,,
43311,NC_000913,"3,411,485",DEL,Δ15 bp,fis,,global DNA-binding transcriptional dual regulator,,,coding (215‑229/297 nt),,,,,,,,1.0,,
43312,NC_000913,"3,992,327",SNP,A→C,cyaA,,adenylate cyclase,,,Q392P (CAG→CCG),,,,,,,,1.0,,
43313,NC_000913,"4,059,366",INS,+T,typA,,GTP-binding protein,,,coding (960/1824 nt),,,,,,,,1.0,,
43314,NC_000913,"195,561",SNP,T→G,ispU,,undecaprenyl pyrophosphate synthase,,,L220R (CTC→CGC),,,,,,,,,,1.0
43315,NC_000913,"1,675,679",INS,(AGCCGC)2→3,pntB,,"pyridine nucleotide transhydrogenase, beta subunit",,,coding (682/1389 nt),,,,,,,,,,1.0
43316,NC_000913,"3,440,225",SNP,A→G,rpoA,,"RNA polymerase, alpha subunit",,,C269R (TGC→CGC),,,,,,,,,,1.0
43317,NC_000913,"4,016,106",INS,(GGGTCTG)1→2,ysgA,,putative carboxymethylenebutenolidase,,,coding (64/816 nt),,,,,,,,,,1.0
43318,NC_000913,"134,057",SUB,2 bp→CT,acnB,,"aconitate hydratase 2, aconitase B, 2-methyl-cis-aconitate hydratase",,,coding (2443‑2444/2598 nt),,,,,1.0,,,,,
43319,NC_000913,"932,585",SNP,G→A,"trxB, lrp",,"thioredoxin reductase, FAD/NAD(P)-binding/leucine-responsive global transcriptional regulator",,,intergenic (‑535/‑10),,,,,1.0,,,,,
43320,NC_000913,"2,261,480",SNP,G→A,fruK,,fructose-1-phosphate kinase,,,R296C (CGT→TGT),,,,,1.0,,,,,
43321,NC_000913,"2,536,312",MOB,Δ1 bp :: IS186 (+) +6 bp :: Δ1 bp,crr,,glucose-specific enzyme IIA component of PTS,,,coding (479‑484/510 nt),,,,1.0,1.0,,1.0,,,
43322,NC_000913,"2,866,702",DEL,Δ1 bp,rpoS,,"RNA polymerase, sigma S (sigma 38) factor",,,coding (850/993 nt),,,,,1.0,,,,,
43323,NC_000913,"4,212,959",SNP,G→C,"rrlE, rrfE",,23S ribosomal RNA of rrnE operon/5S ribosomal RNA of rrnE operon,,,intergenic (+13/‑81),,,,,1.0,,,,,
43324,NC_000913,"4,212,973",DEL,Δ1 bp,"rrlE, rrfE",,23S ribosomal RNA of rrnE operon/5S ribosomal RNA of rrnE operon,,,intergenic (+27/‑67),,,,,1.0,,,,,
43325,NC_000913,"2,866,716",SNP,C→A,rpoS,,"RNA polymerase, sigma S (sigma 38) factor",,,G279V (GGT→GTT),,,1.0,,,,,,,
43326,NC_000913,"3,440,176",SNP,G→A,rpoA,,"RNA polymerase, alpha subunit",,,T285I (ACC→ATC),,,1.0,,,,,,,
43327,NC_000913,"4,078,128",SNP,T→G,yiiD,,GNAT family putative N-acetyltransferase,,,L227R (CTG→CGG),,,1.0,,,,,,,
43328,NC_000913,"4,105,057",SNP,C→T,cpxR,,response regulator in two-component regulatory system with CpxA,,,R205H (CGT→CAT),,,1.0,,,,,,,
43329,NC_000913,"4,160,854",SNP,C→A,"sthA, fabR",,"pyridine nucleotide transhydrogenase, soluble/transcriptional repressor of fabA and fabB",,,intergenic (‑64/‑270),,,1.0,,,,,,,
43330,NC_000913,"666,051",SNP,G→T,mrdB,,cell wall shape-determining protein,,,A88E (GCG→GAG),,,,,,,1.0,,,
43331,NC_000913,"1,677,217",DEL,Δ11 bp,pntA,,"pyridine nucleotide transhydrogenase, alpha subunit",,,coding (677‑687/1533 nt),,,,,,,1.0,,,
43332,NC_000913,"2,866,723",SNP,G→A,rpoS,,"RNA polymerase, sigma S (sigma 38) factor",,,R277* (CGA→TGA),,,,,,,1.0,,,
43333,NC_000913,"202,267",SNP,C→T,fabZ,,(3R)-hydroxymyristol acyl carrier protein dehydratase,,,P56L (CCT→CTT),1.0,,,,,,,,,
43334,NC_000913,"1,677,978",MOB,IS5 (+) +4 bp,"pntA, ydgH",,"pyridine nucleotide transhydrogenase, alpha subunit/DUF1471 family periplasmic protein",,,intergenic (‑75/‑446),1.0,,,,,,,,,
43335,NC_000913,"3,960,918",SNP,T→G,rep,,DNA helicase and single-stranded DNA-dependent ATPase,,,I81S (ATC→AGC),1.0,,,,,,,,,
43336,NC_000913,"4,159,842",SNP,T→C,sthA,,"pyridine nucleotide transhydrogenase, soluble",,,S317G (AGC→GGC),1.0,,,,,,,,,
43337,NC_000913,"4,184,968",SNP,A→C,rpoB,,"RNA polymerase, beta subunit",,,K1242Q (AAG→CAG),1.0,,,,,,,,,
43338,NC_000913,"4,188,869",SNP,C→A,rpoC,,"RNA polymerase, beta prime subunit",,,R1174S (CGT→AGT),1.0,,,,,,,,,
43339,NC_000913,"932,588",SNP,A→C,"trxB, lrp",,"thioredoxin reductase, FAD/NAD(P)-binding/leucine-responsive global transcriptional regulator",,,intergenic (‑538/‑7),,,,1.0,,,,,,
43340,NC_000913,"1,675,931",DEL,Δ1 bp,pntB,,"pyridine nucleotide transhydrogenase, beta subunit",,,coding (430/1389 nt),,,,1.0,,,,,,
43341,NC_000913,"2,527,242",DEL,Δ1 bp,yfeH,,putative inorganic ion transporter,,,coding (297/999 nt),,,,1.0,,,,,,
43342,NC_000913,"2,866,711",DEL,Δ1 bp,rpoS,,"RNA polymerase, sigma S (sigma 38) factor",,,coding (841/993 nt),,,,1.0,,,,,,
43343,NC_000913,"4,105,083",DEL,Δ4 bp,cpxR,,response regulator in two-component regulatory system with CpxA,,,coding (585‑588/699 nt),,,,1.0,,,,,,
